title,source,chars,sections,lat,lon,last_edited,url
100 Sobieskiego Street,Category:Reactions to the Russian invasion of Ukraine,5800,3,52.19737,21.04056,2026-09-02T02:38:54Z,https://en.wikipedia.org/wiki/100_Sobieskiego_Street
100th Mechanized Brigade,seed-file:recommended_forces_battles_places.txt,8328,10,,,2026-08-06T15:44:13Z,https://en.wikipedia.org/wiki/100th_Mechanized_Brigade
100th Separate Guards Reconnaissance Brigade,Category:Military units and formations of Russia in the Russian invasion of Ukraine,1511,2,,,2026-06-29T12:34:42Z,https://en.wikipedia.org/wiki/100th_Separate_Guards_Reconnaissance_Brigade
101 Tower (Kyiv),Category:Buildings and structures destroyed during the Russian invasion of Ukraine,3915,4,50.43919035,30.49635965,2026-07-16T03:36:03Z,https://en.wikipedia.org/wiki/101_Tower_(Kyiv)
101st Communications Regiment,Category:Military units and formations of Ukraine in the Russian invasion of Ukraine,1412,2,,,2026-05-15T00:07:37Z,https://en.wikipedia.org/wiki/101st_Communications_Regiment
101st Guard Brigade Of General Staff,Category:Military units and formations of Ukraine in the Russian invasion of Ukraine,2257,1,,,2026-07-06T03:01:19Z,https://en.wikipedia.org/wiki/101st_Guard_Brigade_Of_General_Staff
1020th Anti-aircraft Missile Regiment (Ukraine),Category:Military units and formations of Ukraine in the Russian invasion of Ukraine,1344,2,,,2025-08-22T17:39:56Z,https://en.wikipedia.org/wiki/1020th_Anti-aircraft_Missile_Regiment_(Ukraine)
1039th Anti-aircraft Missile Regiment (Ukraine),Category:Military units and formations of Ukraine in the Russian invasion of Ukraine,2115,2,,,2026-03-18T12:25:01Z,https://en.wikipedia.org/wiki/1039th_Anti-aircraft_Missile_Regiment_(Ukraine)
103rd Rocket Brigade,Category:Military units and formations of Russia in the Russian invasion of Ukraine,4516,2,,,2026-01-25T03:31:17Z,https://en.wikipedia.org/wiki/103rd_Rocket_Brigade
106th Guards Airborne Division,Category:Military units and formations of Russia in the Russian invasion of Ukraine,11782,10,,,2026-08-15T19:25:27Z,https://en.wikipedia.org/wiki/106th_Guards_Airborne_Division
107th Rocket Artillery Brigade (Ukraine),Category:Military units and formations of Ukraine in the Russian invasion of Ukraine,2507,4,,,2026-05-31T12:08:18Z,https://en.wikipedia.org/wiki/107th_Rocket_Artillery_Brigade_(Ukraine)
108th Assault Battalion (Ukraine),Category:Military units and formations of Ukraine in the Russian invasion of Ukraine,1014,3,,,2026-07-05T18:49:54Z,https://en.wikipedia.org/wiki/108th_Assault_Battalion_(Ukraine)
10th Army Corps (Ukraine),Category:Army corps of Ukraine in the Russo-Ukrainian war,1371,2,,,2026-04-30T04:58:06Z,https://en.wikipedia.org/wiki/10th_Army_Corps_(Ukraine)
10th Mountain Assault Brigade,Category:Military units and formations of Ukraine in the Russian invasion of Ukraine,5083,5,,,2026-08-02T09:51:59Z,https://en.wikipedia.org/wiki/10th_Mountain_Assault_Brigade
10th Special Purpose Detachment (Ukraine),Category:Military units and formations of Ukraine in the Russian invasion of Ukraine,5783,3,,,2026-08-08T20:03:39Z,https://en.wikipedia.org/wiki/10th_Special_Purpose_Detachment_(Ukraine)
110th Mechanized Brigade,Category:Military units and formations of Ukraine in the Russian invasion of Ukraine,3629,4,,,2026-07-06T07:39:53Z,https://en.wikipedia.org/wiki/110th_Mechanized_Brigade
110th Separate Guards Motor Rifle Brigade,seed-file:recommended_forces_battles_places.txt,3615,4,,,2026-01-17T13:40:05Z,https://en.wikipedia.org/wiki/110th_Separate_Guards_Motor_Rifle_Brigade
1129th Anti-aircraft Missile Regiment (Ukraine),Category:Military units and formations of Ukraine in the Russian invasion of Ukraine,4614,3,,,2026-01-02T17:19:18Z,https://en.wikipedia.org/wiki/1129th_Anti-aircraft_Missile_Regiment_(Ukraine)
114th Separate Guards Motor Rifle Brigade,seed-file:recommended_forces_battles_places.txt,6150,2,,,2025-12-13T19:18:07Z,https://en.wikipedia.org/wiki/114th_Separate_Guards_Motor_Rifle_Brigade
114th Tactical Aviation Brigade,Category:Military units and formations of Ukraine in the Russian invasion of Ukraine,7340,7,,,2026-04-26T20:15:34Z,https://en.wikipedia.org/wiki/114th_Tactical_Aviation_Brigade
115th Mechanized Brigade (Ukraine),Category:Military units and formations of Ukraine in the Russian invasion of Ukraine,2425,2,,,2025-10-25T16:24:41Z,https://en.wikipedia.org/wiki/115th_Mechanized_Brigade_(Ukraine)
116th Mechanized Brigade,Category:Military units and formations of Ukraine in the Russian invasion of Ukraine,1126,1,,,2026-08-09T11:28:58Z,https://en.wikipedia.org/wiki/116th_Mechanized_Brigade
117th Heavy Mechanized Brigade,Category:Military units and formations of Ukraine in the Russian invasion of Ukraine,1230,2,,,2026-05-28T12:00:41Z,https://en.wikipedia.org/wiki/117th_Heavy_Mechanized_Brigade
118th Mechanized Brigade (Ukraine),Category:Military units and formations of Ukraine in the Russian invasion of Ukraine,1025,1,,,2026-08-12T13:25:59Z,https://en.wikipedia.org/wiki/118th_Mechanized_Brigade_(Ukraine)
11th Anti-aircraft Missile Brigade,Category:Military units and formations of Ukraine in the Russian invasion of Ukraine,3248,5,,,2026-06-28T21:29:38Z,https://en.wikipedia.org/wiki/11th_Anti-aircraft_Missile_Brigade
11th Army Aviation Brigade,Category:Military units and formations of Ukraine in the Russian invasion of Ukraine,4836,4,,,2026-08-13T02:49:14Z,https://en.wikipedia.org/wiki/11th_Army_Aviation_Brigade
11th Army Corps (Ukraine),Category:Army corps of Ukraine in the Russo-Ukrainian war,1871,3,,,2026-09-02T03:12:01Z,https://en.wikipedia.org/wiki/11th_Army_Corps_(Ukraine)
11th Guards Air Assault Brigade,Category:Military units and formations of Russia in the Russian invasion of Ukraine,6319,5,,,2026-08-02T10:51:47Z,https://en.wikipedia.org/wiki/11th_Guards_Air_Assault_Brigade
11th Public Order Brigade,Category:Military units and formations of Ukraine in the Russian invasion of Ukraine,3989,3,,,2026-08-13T13:40:08Z,https://en.wikipedia.org/wiki/11th_Public_Order_Brigade
12 (song),Category:Songs about the Russian invasion of Ukraine,1453,2,,,2026-06-16T18:22:57Z,https://en.wikipedia.org/wiki/12_(song)
121st Communications Regiment (Ukraine),Category:Military units and formations of Ukraine in the Russian invasion of Ukraine,2171,2,,,2026-06-15T11:26:15Z,https://en.wikipedia.org/wiki/121st_Communications_Regiment_(Ukraine)
122nd Airmobile Battalion (Ukraine),Category:Military units and formations of Ukraine in the Russian invasion of Ukraine,4459,3,,,2025-11-24T03:02:04Z,https://en.wikipedia.org/wiki/122nd_Airmobile_Battalion_(Ukraine)
123rd Separate Guards Motor Rifle Brigade,Category:Military units and formations of Russia in the Russian invasion of Ukraine,2106,3,,,2025-07-23T14:08:29Z,https://en.wikipedia.org/wiki/123rd_Separate_Guards_Motor_Rifle_Brigade
125th Heavy Mechanized Brigade,seed-file:recommended_forces_battles_places.txt,2534,5,,,2026-06-02T15:06:49Z,https://en.wikipedia.org/wiki/125th_Heavy_Mechanized_Brigade
127th Heavy Mechanized Brigade,seed-file:recommended_forces_battles_places.txt,2057,5,,,2026-08-26T21:27:27Z,https://en.wikipedia.org/wiki/127th_Heavy_Mechanized_Brigade
127th Motor Rifle Division (Russia),Category:Military units and formations of Russia in the Russian invasion of Ukraine,4614,5,,,2026-08-27T21:20:12Z,https://en.wikipedia.org/wiki/127th_Motor_Rifle_Division_(Russia)
128th Heavy Mechanized Brigade,seed-file:recommended_forces_battles_places.txt,2398,5,,,2026-06-16T17:10:22Z,https://en.wikipedia.org/wiki/128th_Heavy_Mechanized_Brigade
128th Mountain Assault Brigade,Category:Military units and formations of Ukraine in the Russian invasion of Ukraine,8899,7,,,2026-07-07T21:26:37Z,https://en.wikipedia.org/wiki/128th_Mountain_Assault_Brigade
129th Heavy Mechanized Brigade,seed-file:recommended_forces_battles_places.txt,2694,7,,,2026-08-26T21:35:14Z,https://en.wikipedia.org/wiki/129th_Heavy_Mechanized_Brigade
129th Reconnaissance Battalion (Ukraine),Category:Military units and formations of Ukraine in the Russian invasion of Ukraine,1445,2,,,2026-09-29T05:43:18Z,https://en.wikipedia.org/wiki/129th_Reconnaissance_Battalion_(Ukraine)
12th Army Aviation Brigade,Category:Military units and formations of Ukraine in the Russian invasion of Ukraine,6640,5,,,2026-06-28T22:05:30Z,https://en.wikipedia.org/wiki/12th_Army_Aviation_Brigade
12th Army Corps (Ukraine),Category:Army corps of Ukraine in the Russo-Ukrainian war,614,2,,,2026-07-05T12:58:45Z,https://en.wikipedia.org/wiki/12th_Army_Corps_(Ukraine)
12th Heavy Mechanized Brigade,Category:Military units and formations of Ukraine in the Russian invasion of Ukraine,1018,2,,,2026-06-16T22:53:09Z,https://en.wikipedia.org/wiki/12th_Heavy_Mechanized_Brigade
12th Operational Brigade,Category:Military units and formations of Ukraine in the Russian invasion of Ukraine,5217,7,,,2026-07-22T02:53:56Z,https://en.wikipedia.org/wiki/12th_Operational_Brigade
12th Support Regiment (Ukraine),seed-file:recommended_forces_battles_places.txt,6749,2,,,2026-08-26T13:22:02Z,https://en.wikipedia.org/wiki/12th_Support_Regiment_(Ukraine)
130th Reconnaissance Battalion (Ukraine),Category:Military units and formations of Ukraine in the Russian invasion of Ukraine,4191,3,,,2026-09-20T04:27:30Z,https://en.wikipedia.org/wiki/130th_Reconnaissance_Battalion_(Ukraine)
131st Reconnaissance Battalion (Ukraine),Category:Military units and formations of Ukraine in the Russian invasion of Ukraine,4668,4,,,2026-08-15T19:18:57Z,https://en.wikipedia.org/wiki/131st_Reconnaissance_Battalion_(Ukraine)
132nd Air Assault Reconnaissance Battalion (Ukraine),Category:Military units and formations of Ukraine in the Russian invasion of Ukraine,2766,2,,,2026-02-06T11:34:24Z,https://en.wikipedia.org/wiki/132nd_Air_Assault_Reconnaissance_Battalion_(Ukraine)
132nd Separate Guards Motor Rifle Brigade,Category:Military units and formations of Russia in the Russian invasion of Ukraine,1929,2,,,2026-03-31T06:54:23Z,https://en.wikipedia.org/wiki/132nd_Separate_Guards_Motor_Rifle_Brigade
135th Headquarters Battalion (Ukraine),Category:Military units and formations of Ukraine in the Russian invasion of Ukraine,1317,3,,,2026-06-17T04:25:26Z,https://en.wikipedia.org/wiki/135th_Headquarters_Battalion_(Ukraine)
136th Separate Guards Motor Rifle Brigade,Category:Military units and formations of Russia in the Russian invasion of Ukraine,2226,4,,,2026-04-14T14:06:20Z,https://en.wikipedia.org/wiki/136th_Separate_Guards_Motor_Rifle_Brigade
137th Marine Battalion,Category:Military units and formations of Ukraine in the Russian invasion of Ukraine,5262,5,,,2026-08-24T01:30:59Z,https://en.wikipedia.org/wiki/137th_Marine_Battalion
138th Anti-aircraft Missile Brigade,Category:Military units and formations of Ukraine in the Russian invasion of Ukraine,2077,3,,,2026-07-08T00:50:51Z,https://en.wikipedia.org/wiki/138th_Anti-aircraft_Missile_Brigade
138th Radio Technical Brigade,Category:Military units and formations of Ukraine in the Russian invasion of Ukraine,1797,3,,,2026-07-08T00:50:36Z,https://en.wikipedia.org/wiki/138th_Radio_Technical_Brigade
13th Khartiia Brigade,Category:Military units and formations of Ukraine in the Russian invasion of Ukraine,6375,8,,,2026-08-17T17:24:08Z,https://en.wikipedia.org/wiki/13th_Khartiia_Brigade
13th National Guard Battalion,Category:Military units and formations of Ukraine in the Russian invasion of Ukraine,2032,4,,,2026-06-26T11:58:28Z,https://en.wikipedia.org/wiki/13th_National_Guard_Battalion
14 May 2026 Russian strikes on Ukraine,Category:War crimes during the Russian invasion of Ukraine,1393,3,,,2026-08-18T15:17:40Z,https://en.wikipedia.org/wiki/14_May_2026_Russian_strikes_on_Ukraine
140th Marine Reconnaissance Battalion (Ukraine),Category:Military units and formations of Ukraine in the Russian invasion of Ukraine,3193,3,,,2026-01-17T13:35:52Z,https://en.wikipedia.org/wiki/140th_Marine_Reconnaissance_Battalion_(Ukraine)
141st Mechanized Brigade,Category:Military units and formations of Ukraine in the Russian invasion of Ukraine,3828,7,,,2026-08-15T00:36:02Z,https://en.wikipedia.org/wiki/141st_Mechanized_Brigade
141st Special Motorized Regiment,Category:Military units and formations of Russia in the Russian invasion of Ukraine,1013,2,,,2026-07-08T21:46:49Z,https://en.wikipedia.org/wiki/141st_Special_Motorized_Regiment
142nd Mechanized Brigade,Category:Military units and formations of Ukraine in the Russian invasion of Ukraine,543,1,,,2026-07-08T02:39:14Z,https://en.wikipedia.org/wiki/142nd_Mechanized_Brigade
143rd Mechanized Brigade,Category:Military units and formations of Ukraine in the Russian invasion of Ukraine,1076,2,,,2026-08-22T11:14:00Z,https://en.wikipedia.org/wiki/143rd_Mechanized_Brigade
144th Guards Motor Rifle Division,Category:Military units and formations of Russia in the Russian invasion of Ukraine,8159,10,,,2026-07-08T21:29:58Z,https://en.wikipedia.org/wiki/144th_Guards_Motor_Rifle_Division
144th Mechanized Brigade,Category:Military units and formations of Ukraine in the Russian invasion of Ukraine,909,2,,,2026-07-08T02:49:45Z,https://en.wikipedia.org/wiki/144th_Mechanized_Brigade
148th Artillery Brigade,Category:Military units and formations of Ukraine in the Russian invasion of Ukraine,1581,2,,,2026-07-08T03:57:21Z,https://en.wikipedia.org/wiki/148th_Artillery_Brigade
14th Anti-aircraft Missile Brigade,Category:Military units and formations of Ukraine in the Russian invasion of Ukraine,1016,1,,,2026-06-28T22:49:29Z,https://en.wikipedia.org/wiki/14th_Anti-aircraft_Missile_Brigade
14th Army Corps (Ukraine),Category:Army corps of Ukraine in the Russo-Ukrainian war,361,1,,,2026-08-20T13:27:05Z,https://en.wikipedia.org/wiki/14th_Army_Corps_(Ukraine)
14th Chervona Kalyna Brigade,Category:Military units and formations of Ukraine in the Russian invasion of Ukraine,1794,3,,,2026-04-26T17:42:21Z,https://en.wikipedia.org/wiki/14th_Chervona_Kalyna_Brigade
14th Guards Spetsnaz Brigade,Category:Military units and formations of Russia in the Russian invasion of Ukraine,1497,2,,,2025-12-28T23:04:13Z,https://en.wikipedia.org/wiki/14th_Guards_Spetsnaz_Brigade
14th Mechanized Brigade,Category:Military units and formations of Ukraine in the Russian invasion of Ukraine,3339,2,,,2026-07-08T19:27:34Z,https://en.wikipedia.org/wiki/14th_Mechanized_Brigade
14th National Guard Battalion (Ukraine),Category:Military units and formations of Ukraine in the Russian invasion of Ukraine,1733,3,,,2026-06-17T22:16:42Z,https://en.wikipedia.org/wiki/14th_National_Guard_Battalion_(Ukraine)
14th Radio Technical Brigade,Category:Military units and formations of Ukraine in the Russian invasion of Ukraine,3410,5,,,2026-06-28T22:51:13Z,https://en.wikipedia.org/wiki/14th_Radio_Technical_Brigade
14th Separate Guards Artillery Brigade,seed-file:recommended_forces_battles_places.txt,2051,2,,,2026-05-31T22:36:13Z,https://en.wikipedia.org/wiki/14th_Separate_Guards_Artillery_Brigade
15 March 2024 Odesa missile strikes,Category:War crimes during the Russian invasion of Ukraine,2601,5,,,2026-08-28T09:54:52Z,https://en.wikipedia.org/wiki/15_March_2024_Odesa_missile_strikes
150th Guards Motor Rifle Division,Category:Military units and formations of Russia in the Russian invasion of Ukraine,8164,8,,,2026-08-09T00:10:00Z,https://en.wikipedia.org/wiki/150th_Guards_Motor_Rifle_Division
150th Reconnaissance Strike Battalion (Ukraine),Category:Military units and formations of Ukraine in the Russian invasion of Ukraine,2466,3,,,2026-02-24T12:34:51Z,https://en.wikipedia.org/wiki/150th_Reconnaissance_Strike_Battalion_(Ukraine)
151st Mechanized Brigade,Category:Military units and formations of Ukraine in the Russian invasion of Ukraine,5370,7,,,2026-07-08T21:06:49Z,https://en.wikipedia.org/wiki/151st_Mechanized_Brigade
151st Reconnaissance Strike Battalion (Ukraine),Category:Military units and formations of Ukraine in the Russian invasion of Ukraine,1358,2,,,2026-01-17T13:28:34Z,https://en.wikipedia.org/wiki/151st_Reconnaissance_Strike_Battalion_(Ukraine)
152nd Jaeger Brigade,Category:Military units and formations of Ukraine in the Russian invasion of Ukraine,5799,6,,,2026-07-28T02:19:59Z,https://en.wikipedia.org/wiki/152nd_Jaeger_Brigade
152nd Reconnaissance Strike Battalion (Ukraine),Category:Military units and formations of Ukraine in the Russian invasion of Ukraine,740,1,,,2026-01-17T13:31:11Z,https://en.wikipedia.org/wiki/152nd_Reconnaissance_Strike_Battalion_(Ukraine)
153rd Mechanized Brigade,Category:Military units and formations of Ukraine in the Russian invasion of Ukraine,6371,8,,,2026-07-08T22:03:17Z,https://en.wikipedia.org/wiki/153rd_Mechanized_Brigade
154th Mechanized Brigade,Category:Military units and formations of Ukraine in the Russian invasion of Ukraine,2533,3,,,2026-07-08T23:44:47Z,https://en.wikipedia.org/wiki/154th_Mechanized_Brigade
155th Guards Naval Infantry Brigade,Category:Military units and formations of Russia in the Russian invasion of Ukraine,7997,5,,,2025-12-27T12:00:36Z,https://en.wikipedia.org/wiki/155th_Guards_Naval_Infantry_Brigade
155th Mechanized Brigade,Category:Military units and formations of Ukraine in the Russian invasion of Ukraine,8838,8,,,2026-07-13T17:29:56Z,https://en.wikipedia.org/wiki/155th_Mechanized_Brigade
156th Anti-aircraft Missile Regiment,Category:Military units and formations of Ukraine in the Russian invasion of Ukraine,4325,4,,,2026-05-27T01:28:20Z,https://en.wikipedia.org/wiki/156th_Anti-aircraft_Missile_Regiment
156th Mechanized Brigade,seed-file:recommended_forces_battles_places.txt,1002,2,,,2026-07-09T00:01:08Z,https://en.wikipedia.org/wiki/156th_Mechanized_Brigade
157th Mechanized Brigade,Category:Military units and formations of Ukraine in the Russian invasion of Ukraine,1178,4,,,2026-07-09T00:25:35Z,https://en.wikipedia.org/wiki/157th_Mechanized_Brigade
158th Mechanized Brigade,Category:Military units and formations of Ukraine in the Russian invasion of Ukraine,1612,3,,,2026-07-09T00:49:51Z,https://en.wikipedia.org/wiki/158th_Mechanized_Brigade
159th Mechanized Brigade,Category:Military units and formations of Ukraine in the Russian invasion of Ukraine,3945,6,,,2026-07-09T00:55:14Z,https://en.wikipedia.org/wiki/159th_Mechanized_Brigade
15th Army Corps (Ukraine),Category:Army corps of Ukraine in the Russo-Ukrainian war,1139,2,,,2026-07-14T18:47:34Z,https://en.wikipedia.org/wiki/15th_Army_Corps_(Ukraine)
15th Artillery Reconnaissance Brigade,Category:Military units and formations of Ukraine in the Russian invasion of Ukraine,3922,7,,,2026-07-22T02:46:15Z,https://en.wikipedia.org/wiki/15th_Artillery_Reconnaissance_Brigade
15th BRICS summit,Category:Events affected by the Russian invasion of Ukraine,2968,5,,,2026-08-27T17:18:52Z,https://en.wikipedia.org/wiki/15th_BRICS_summit
15th National Guard Battalion (Ukraine),Category:Military units and formations of Ukraine in the Russian invasion of Ukraine,2987,4,,,2026-06-18T16:22:13Z,https://en.wikipedia.org/wiki/15th_National_Guard_Battalion_(Ukraine)
15th Operational Brigade,Category:Military units and formations of Ukraine in the Russian invasion of Ukraine,13800,4,,,2026-09-07T12:55:22Z,https://en.wikipedia.org/wiki/15th_Operational_Brigade
15th Separate Guards Motor Rifle Brigade,Category:Military units and formations of Russia in the Russian invasion of Ukraine,7198,8,,,2026-06-18T19:41:12Z,https://en.wikipedia.org/wiki/15th_Separate_Guards_Motor_Rifle_Brigade
15th Transport Aviation Brigade,Category:Military units and formations of Ukraine in the Russian invasion of Ukraine,2370,7,50.3547,30.9117,2026-03-12T12:25:14Z,https://en.wikipedia.org/wiki/15th_Transport_Aviation_Brigade
16 March 2022 Chernihiv breadline attack,Category:War crimes during the Russian invasion of Ukraine,2367,4,51.519492,31.326622,2026-09-23T13:13:06Z,https://en.wikipedia.org/wiki/16_March_2022_Chernihiv_breadline_attack
160th Mechanized Brigade,Category:Military units and formations of Ukraine in the Russian invasion of Ukraine,1281,2,,,2026-07-09T01:23:11Z,https://en.wikipedia.org/wiki/160th_Mechanized_Brigade
162nd Mechanized Brigade,Category:Military units and formations of Ukraine in the Russian invasion of Ukraine,425,2,,,2026-07-09T05:09:08Z,https://en.wikipedia.org/wiki/162nd_Mechanized_Brigade
164th Radio Technical Brigade,Category:Military units and formations of Ukraine in the Russian invasion of Ukraine,5522,5,,,2026-09-13T17:17:57Z,https://en.wikipedia.org/wiki/164th_Radio_Technical_Brigade
169th Training Centre (Ukraine),Category:Buildings and structures destroyed during the Russian invasion of Ukraine,3904,5,,,2025-05-24T04:48:55Z,https://en.wikipedia.org/wiki/169th_Training_Centre_(Ukraine)
16th Army Aviation Brigade,Category:Military units and formations of Ukraine in the Russian invasion of Ukraine,6616,4,,,2026-07-15T10:50:45Z,https://en.wikipedia.org/wiki/16th_Army_Aviation_Brigade
16th Army Corps (Ukraine),Category:Army corps of Ukraine in the Russo-Ukrainian war,795,2,,,2026-04-10T10:30:52Z,https://en.wikipedia.org/wiki/16th_Army_Corps_(Ukraine)
16th BRICS summit,Category:Events affected by the Russian invasion of Ukraine,8363,11,,,2026-09-11T01:52:33Z,https://en.wikipedia.org/wiki/16th_BRICS_summit
16th Psychological and Information Warfare Center (Ukraine),Category:Military units and formations of Ukraine in the Russian invasion of Ukraine,2028,3,,,2026-01-17T13:19:57Z,https://en.wikipedia.org/wiki/16th_Psychological_and_Information_Warfare_Center_(Ukraine)
16th Support Regiment (Ukraine),seed-file:recommended_forces_battles_places.txt,2376,4,,,2026-08-26T13:22:14Z,https://en.wikipedia.org/wiki/16th_Support_Regiment_(Ukraine)
17 November 2024 Russian strikes on Ukraine,seed-file:team_DATA_json_titles.txt,1072,1,,,2025-05-26T15:31:56Z,https://en.wikipedia.org/wiki/17_November_2024_Russian_strikes_on_Ukraine
17th Army Corps (Ukraine),Category:Army corps of Ukraine in the Russo-Ukrainian war,740,2,,,2026-04-08T16:42:53Z,https://en.wikipedia.org/wiki/17th_Army_Corps_(Ukraine)
17th BRICS summit,Category:Events affected by the Russian invasion of Ukraine,5366,5,,,2026-09-12T21:50:06Z,https://en.wikipedia.org/wiki/17th_BRICS_summit
17th Heavy Mechanized Brigade,Category:Military units and formations of Ukraine in the Russian invasion of Ukraine,5248,6,,,2026-08-01T22:11:39Z,https://en.wikipedia.org/wiki/17th_Heavy_Mechanized_Brigade
17th Poltava Brigade,Category:Military units and formations of Ukraine in the Russian invasion of Ukraine,2107,3,,,2026-07-27T14:11:58Z,https://en.wikipedia.org/wiki/17th_Poltava_Brigade
18 March 2022 Mykolaiv military quarters attack,seed-file:team_DATA_json_titles.txt,3099,4,,,2026-08-08T03:49:00Z,https://en.wikipedia.org/wiki/18_March_2022_Mykolaiv_military_quarters_attack
18th Anti-Tank Battalion (Ukraine),Category:Military units and formations of Ukraine in the Russian invasion of Ukraine,5306,5,,,2026-06-24T00:31:52Z,https://en.wikipedia.org/wiki/18th_Anti-Tank_Battalion_(Ukraine)
18th Army Aviation Brigade,Category:Military units and formations of Ukraine in the Russian invasion of Ukraine,2756,2,,,2026-09-08T20:35:02Z,https://en.wikipedia.org/wiki/18th_Army_Aviation_Brigade
18th Army Corps (Ukraine),Category:Army corps of Ukraine in the Russo-Ukrainian war,825,2,,,2026-05-16T13:26:23Z,https://en.wikipedia.org/wiki/18th_Army_Corps_(Ukraine)
18th Guards Motor Rifle Division,Category:Military units and formations of Russia in the Russian invasion of Ukraine,3382,5,,,2026-06-29T14:39:36Z,https://en.wikipedia.org/wiki/18th_Guards_Motor_Rifle_Division
18th Machine Gun Artillery Division,Category:Military units and formations of Russia in the Russian invasion of Ukraine,4370,6,,,2026-06-29T13:00:08Z,https://en.wikipedia.org/wiki/18th_Machine_Gun_Artillery_Division
18th Public Order Battalion (Ukraine),Category:Military units and formations of Ukraine in the Russian invasion of Ukraine,3256,5,,,2026-09-13T10:03:42Z,https://en.wikipedia.org/wiki/18th_Public_Order_Battalion_(Ukraine)
18th Sloviansk Brigade,Category:Military units and formations of Ukraine in the Russian invasion of Ukraine,4493,3,,,2026-08-13T02:50:46Z,https://en.wikipedia.org/wiki/18th_Sloviansk_Brigade
1944 (song),Category:Internet memes related to the Russian invasion of Ukraine,6426,8,,,2026-07-16T04:20:13Z,https://en.wikipedia.org/wiki/1944_(song)
194th Pontoon-Bridge Brigade,Category:Military units and formations of Ukraine in the Russian invasion of Ukraine,3145,2,,,2026-09-09T23:16:31Z,https://en.wikipedia.org/wiki/194th_Pontoon-Bridge_Brigade
19th Army Corps (Ukraine),Category:Army corps of Ukraine in the Russo-Ukrainian war,1342,3,,,2026-09-12T20:55:37Z,https://en.wikipedia.org/wiki/19th_Army_Corps_(Ukraine)
19th Convoy Battalion (Ukraine),Category:Military units and formations of Ukraine in the Russian invasion of Ukraine,1797,4,,,2025-06-24T13:32:54Z,https://en.wikipedia.org/wiki/19th_Convoy_Battalion_(Ukraine)
19th Missile Brigade,seed-file:recommended_forces_battles_places.txt,3169,2,,,2026-08-24T11:55:37Z,https://en.wikipedia.org/wiki/19th_Missile_Brigade
19th Motor Rifle Division,Category:Military units and formations of Russia in the Russian invasion of Ukraine,9313,8,,,2026-09-20T20:44:45Z,https://en.wikipedia.org/wiki/19th_Motor_Rifle_Division
19th Public Order Regiment (Ukraine),Category:Military units and formations of Ukraine in the Russian invasion of Ukraine,3498,4,,,2026-08-05T05:06:14Z,https://en.wikipedia.org/wiki/19th_Public_Order_Regiment_(Ukraine)
19th Radio Intercept Brigade,Category:Military units and formations of Ukraine in the Russian invasion of Ukraine,591,2,,,2026-06-30T02:44:26Z,https://en.wikipedia.org/wiki/19th_Radio_Intercept_Brigade
1st Air Force Combined Rifles Brigade,Category:Military units and formations of Ukraine in the Russian invasion of Ukraine,5759,5,,,2026-08-05T09:03:54Z,https://en.wikipedia.org/wiki/1st_Air_Force_Combined_Rifles_Brigade
1st Assault Regiment (Ukraine),seed-file:recommended_forces_battles_places.txt,3757,10,,,2026-08-05T09:57:13Z,https://en.wikipedia.org/wiki/1st_Assault_Regiment_(Ukraine)
1st Azov Corps,Category:Military units and formations of Ukraine in the Russian invasion of Ukraine,1414,3,,,2026-09-04T15:20:50Z,https://en.wikipedia.org/wiki/1st_Azov_Corps
1st Battalion International Legion (Ukraine),Category:Military units and formations of Ukraine in the Russian invasion of Ukraine,9883,8,,,2026-08-05T10:37:20Z,https://en.wikipedia.org/wiki/1st_Battalion_International_Legion_(Ukraine)
1st Center of the Unmanned Systems Forces,Category:Military units and formations of Ukraine in the Russian invasion of Ukraine,5005,7,,,2026-08-05T11:08:12Z,https://en.wikipedia.org/wiki/1st_Center_of_the_Unmanned_Systems_Forces
1st European Political Community Summit,seed-file:team_DATA_json_titles.txt,3812,9,,,2026-08-05T11:58:01Z,https://en.wikipedia.org/wiki/1st_European_Political_Community_Summit
1st Guards Engineer Brigade,Category:Military units and formations of Russia in the Russian invasion of Ukraine,1230,1,,,2026-06-29T12:40:09Z,https://en.wikipedia.org/wiki/1st_Guards_Engineer_Brigade
1st Guards Rocket Brigade,Category:Military units and formations of Russia in the Russian invasion of Ukraine,2203,4,,,2026-06-29T12:34:03Z,https://en.wikipedia.org/wiki/1st_Guards_Rocket_Brigade
1st Heavy Mechanized Brigade,Category:Military units and formations of Ukraine in the Russian invasion of Ukraine,2654,2,,,2026-07-03T20:08:11Z,https://en.wikipedia.org/wiki/1st_Heavy_Mechanized_Brigade
1st Radio Technical Brigade,Category:Military units and formations of Ukraine in the Russian invasion of Ukraine,2136,3,,,2026-06-19T00:48:37Z,https://en.wikipedia.org/wiki/1st_Radio_Technical_Brigade
1st Road Restoration Brigade,Category:Military units and formations of Ukraine in the Russian invasion of Ukraine,2210,3,,,2026-06-19T00:49:10Z,https://en.wikipedia.org/wiki/1st_Road_Restoration_Brigade
"1st Separate Air Assault Company ""Belarus""",Category:Belarus in the Russo-Ukrainian war,2224,4,,,2026-01-17T13:41:18Z,https://en.wikipedia.org/wiki/1st_Separate_Air_Assault_Company_%22Belarus%22
1st Serhii Kulchytskyi Battalion (Ukraine),Category:Military units and formations of Ukraine in the Russian invasion of Ukraine,19480,10,,,2026-09-20T14:05:46Z,https://en.wikipedia.org/wiki/1st_Serhii_Kulchytskyi_Battalion_(Ukraine)
1st Special Purpose Brigade,Category:Military units and formations of Ukraine in the Russian invasion of Ukraine,1148,3,,,2026-06-19T00:50:02Z,https://en.wikipedia.org/wiki/1st_Special_Purpose_Brigade
1st State Objects Protection Regiment (Ukraine),Category:Military units and formations of Ukraine in the Russian invasion of Ukraine,3145,4,,,2025-09-21T19:18:05Z,https://en.wikipedia.org/wiki/1st_State_Objects_Protection_Regiment_(Ukraine)
20 Days in Mariupol,seed-file:team_DATA_json_titles.txt,6714,10,,,2026-09-29T04:43:16Z,https://en.wikipedia.org/wiki/20_Days_in_Mariupol
2000 Meters to Andriivka,seed-file:team_DATA_json_titles.txt,5685,6,,,2026-09-10T11:21:12Z,https://en.wikipedia.org/wiki/2000_Meters_to_Andriivka
2003 Tuzla Island conflict,seed-file:recommended_forces_battles_places.txt,5523,4,,,2026-08-20T05:03:19Z,https://en.wikipedia.org/wiki/2003_Tuzla_Island_conflict
2014 Crimean parliamentary election,Category:Events affected by the 2014 Russian annexation of Crimea,3635,4,,,2026-04-26T17:35:33Z,https://en.wikipedia.org/wiki/2014_Crimean_parliamentary_election
2014 Crimean status referendum,Category:Russian referendums in Ukraine,49731,23,,,2026-09-28T19:46:32Z,https://en.wikipedia.org/wiki/2014_Crimean_status_referendum
2014 Donbas general elections,Category:2014 pro-Russian unrest in Ukraine,12801,12,,,2026-05-05T11:47:39Z,https://en.wikipedia.org/wiki/2014_Donbas_general_elections
2014 Donbas status referendums,Category:2014 pro-Russian unrest in Ukraine,19483,17,,,2026-09-17T01:54:12Z,https://en.wikipedia.org/wiki/2014_Donbas_status_referendums
2014 G20 Brisbane summit,Category:Events affected by the War in Donbas,10337,8,,,2026-09-12T02:37:22Z,https://en.wikipedia.org/wiki/2014_G20_Brisbane_summit
2014 Novosvitlivka refugee convoy attack,Category:War crimes in the Russo-Ukrainian war,4808,4,,,2026-09-22T20:42:06Z,https://en.wikipedia.org/wiki/2014_Novosvitlivka_refugee_convoy_attack
2014 Odesa clashes,Category:2014 pro-Russian unrest in Ukraine,40564,16,,,2026-09-10T02:11:31Z,https://en.wikipedia.org/wiki/2014_Odesa_clashes
2014 Russian annexation of Crimea,seed,87486,27,,,2026-08-30T04:12:04Z,https://en.wikipedia.org/wiki/2014_Russian_annexation_of_Crimea
2014 Russian cross-border shelling of Ukraine,Category:Military operations of the war in Donbas,2613,2,,,2026-08-06T10:02:13Z,https://en.wikipedia.org/wiki/2014_Russian_cross-border_shelling_of_Ukraine
2014 Russian sabotage activities in Ukraine,Category:2014 pro-Russian unrest in Ukraine,3548,4,,,2026-08-06T10:02:30Z,https://en.wikipedia.org/wiki/2014_Russian_sabotage_activities_in_Ukraine
2014 Ukrainian Air Force Ilyushin Il-76 shootdown,Category:War in Donbas,5126,5,48.3983,39.4797,2026-04-20T14:31:48Z,https://en.wikipedia.org/wiki/2014_Ukrainian_Air_Force_Ilyushin_Il-76_shootdown
2014 Ukrainian presidential election,Category:2014 pro-Russian unrest in Ukraine,18752,18,,,2026-09-19T01:05:40Z,https://en.wikipedia.org/wiki/2014_Ukrainian_presidential_election
2014 Wales NATO summit,Category:2014 pro-Russian unrest in Ukraine,7028,12,,,2026-08-30T18:43:17Z,https://en.wikipedia.org/wiki/2014_Wales_NATO_summit
2014 anti-war protests in Russia,Category:Events affected by the 2014 Russian annexation of Crimea,5522,8,,,2026-09-12T17:10:30Z,https://en.wikipedia.org/wiki/2014_anti-war_protests_in_Russia
2014 pro-Russian unrest in Ukraine,Category:Russo-Ukrainian war,92521,39,,,2026-09-30T17:57:33Z,https://en.wikipedia.org/wiki/2014_pro-Russian_unrest_in_Ukraine
2015 Donetsk bus station attack,Category:War crimes in the Russo-Ukrainian war,8382,9,47.95873,37.80635,2026-08-06T10:03:31Z,https://en.wikipedia.org/wiki/2015_Donetsk_bus_station_attack
2015 Ukraine power grid hack,Category:Cyberattacks during the Russo-Ukrainian war,4340,6,,,2026-03-27T04:23:14Z,https://en.wikipedia.org/wiki/2015_Ukraine_power_grid_hack
2016 Kyiv cyberattack,Category:Cyberattacks during the Russo-Ukrainian war,2124,3,,,2026-02-03T04:09:41Z,https://en.wikipedia.org/wiki/2016_Kyiv_cyberattack
2017 Ukraine ransomware attacks,Category:Cyberattacks during the Russo-Ukrainian war,14690,7,,,2026-07-20T06:17:48Z,https://en.wikipedia.org/wiki/2017_Ukraine_ransomware_attacks
2018 Donbas general elections,Category:Russian elections in Ukraine,1350,1,,,2025-05-25T13:41:31Z,https://en.wikipedia.org/wiki/2018_Donbas_general_elections
2018 Moscow–Constantinople schism,Category:Russo-Ukrainian war,62156,29,,,2026-09-30T18:06:43Z,https://en.wikipedia.org/wiki/2018_Moscow%E2%80%93Constantinople_schism
2019 Crimean parliamentary election,Category:Events affected by the 2014 Russian annexation of Crimea,354,0,,,2026-04-26T17:34:36Z,https://en.wikipedia.org/wiki/2019_Crimean_parliamentary_election
2019 Trump–Zelenskyy phone call,Category:Events affected by the Russian invasion of Ukraine,3914,3,,,2026-09-24T21:12:25Z,https://en.wikipedia.org/wiki/2019_Trump%E2%80%93Zelenskyy_phone_call
201st Anti-aircraft Missile Brigade,Category:Military units and formations of Ukraine in the Russian invasion of Ukraine,1846,4,,,2026-09-27T20:59:02Z,https://en.wikipedia.org/wiki/201st_Anti-aircraft_Missile_Brigade
2020s European rearmament,Category:Impacts of the Russian invasion of Ukraine,26413,25,,,2026-09-19T09:47:49Z,https://en.wikipedia.org/wiki/2020s_European_rearmament
2020s energy crisis,Category:Impacts of the Russian invasion of Ukraine,29748,15,,,2026-09-26T07:47:16Z,https://en.wikipedia.org/wiki/2020s_energy_crisis
2020–2023 global chip shortage,Category:Impacts of the Russian invasion of Ukraine,18437,15,,,2026-09-19T15:04:25Z,https://en.wikipedia.org/wiki/2020%E2%80%932023_global_chip_shortage
2021 Black Sea incident,Category:Prelude to the Russian invasion of Ukraine,4914,7,,,2026-09-24T13:58:35Z,https://en.wikipedia.org/wiki/2021_Black_Sea_incident
2021 Russian ultimatum to NATO,Category:Prelude to the Russian invasion of Ukraine,16316,10,,,2026-04-30T18:36:09Z,https://en.wikipedia.org/wiki/2021_Russian_ultimatum_to_NATO
2021 Russia–United States summit,Category:Prelude to the Russian invasion of Ukraine,7249,10,,,2026-07-14T14:36:38Z,https://en.wikipedia.org/wiki/2021_Russia%E2%80%93United_States_summit
2021 Ukrainian coup attempt allegations,Category:Prelude to the Russian invasion of Ukraine,5510,5,,,2026-03-26T11:35:21Z,https://en.wikipedia.org/wiki/2021_Ukrainian_coup_attempt_allegations
2021–2023 inflation surge,Category:Impacts of the Russian invasion of Ukraine,48928,27,,,2026-09-26T13:29:51Z,https://en.wikipedia.org/wiki/2021%E2%80%932023_inflation_surge
2022 Belarusian constitutional referendum,Category:Events affected by the Russian invasion of Ukraine,16988,13,,,2026-09-23T21:31:37Z,https://en.wikipedia.org/wiki/2022_Belarusian_constitutional_referendum
2022 Brussels extraordinary NATO summit,Category:Events affected by the Russian invasion of Ukraine,1136,1,,,2026-07-14T14:39:16Z,https://en.wikipedia.org/wiki/2022_Brussels_extraordinary_NATO_summit
2022 Chornobaivka attacks,Category:Internet memes related to the Russian invasion of Ukraine,16150,10,,,2026-09-17T20:58:56Z,https://en.wikipedia.org/wiki/2022_Chornobaivka_attacks
2022 Crimean Bridge explosion,Category:Crimea in the Russian invasion of Ukraine,17365,13,45.30111111,36.5125,2026-08-22T01:05:53Z,https://en.wikipedia.org/wiki/2022_Crimean_Bridge_explosion
2022 Cypriot archiepiscopal election,Category:2018 Moscow–Constantinople schism,7759,5,,,2026-02-05T04:25:21Z,https://en.wikipedia.org/wiki/2022_Cypriot_archiepiscopal_election
2022 DDoS attacks on Romania,Category:Events affected by the Russian invasion of Ukraine,6290,4,,,2026-03-27T04:26:45Z,https://en.wikipedia.org/wiki/2022_DDoS_attacks_on_Romania
2022 Danish European Union opt-out referendum,Category:Reactions to the Russian invasion of Ukraine,7203,9,,,2026-09-10T14:32:05Z,https://en.wikipedia.org/wiki/2022_Danish_European_Union_opt-out_referendum
2022 Dnipro shooting,Category:Prelude to the Russian invasion of Ukraine,2835,7,,,2026-05-21T13:12:43Z,https://en.wikipedia.org/wiki/2022_Dnipro_shooting
2022 Europe inflation protests,Category:Reactions to the Russian invasion of Ukraine,3890,5,,,2026-09-04T14:19:04Z,https://en.wikipedia.org/wiki/2022_Europe_inflation_protests
2022 G20 Bali summit,Category:Events affected by the Russian invasion of Ukraine,8728,10,,,2026-09-24T09:21:41Z,https://en.wikipedia.org/wiki/2022_G20_Bali_summit
2022 Irkutsk Sukhoi Su-30 crash,seed-file:team_DATA_json_titles.txt,2429,5,52.33305556,104.19861111,2026-06-22T20:21:31Z,https://en.wikipedia.org/wiki/2022_Irkutsk_Sukhoi_Su-30_crash
2022 Joe Biden speech in Warsaw,Category:United States and the Russian invasion of Ukraine,8034,6,52.2477,21.0141,2026-06-22T18:47:53Z,https://en.wikipedia.org/wiki/2022_Joe_Biden_speech_in_Warsaw
2022 Kharkiv counteroffensive,seed-file:team_DATA_json_titles.txt,42597,21,,,2026-09-24T16:01:09Z,https://en.wikipedia.org/wiki/2022_Kharkiv_counteroffensive
2022 Kherson counteroffensive,seed-file:team_DATA_json_titles.txt,35226,18,,,2026-09-24T16:05:37Z,https://en.wikipedia.org/wiki/2022_Kherson_counteroffensive
2022 Kyiv shopping centre bombing,Category:War crimes during the Russian invasion of Ukraine,2376,5,,,2026-06-29T19:57:14Z,https://en.wikipedia.org/wiki/2022_Kyiv_shopping_centre_bombing
2022 Madrid NATO summit,seed-file:team_DATA_json_titles.txt,8670,11,,,2026-07-14T14:40:11Z,https://en.wikipedia.org/wiki/2022_Madrid_NATO_summit
2022 Moldovan energy crisis,Category:Events affected by the Russian invasion of Ukraine,3650,3,,,2026-04-24T00:05:54Z,https://en.wikipedia.org/wiki/2022_Moldovan_energy_crisis
2022 Moscow Victory Day Parade,Category:Events affected by the Russian invasion of Ukraine,3493,10,,,2026-08-22T01:06:34Z,https://en.wikipedia.org/wiki/2022_Moscow_Victory_Day_Parade
2022 Moscow rally,Category:Propaganda in Russia related to the Russian invasion of Ukraine,7759,4,55.71555556,37.55361111,2026-07-03T18:33:15Z,https://en.wikipedia.org/wiki/2022_Moscow_rally
2022 Nobel Peace Prize,Category:Reactions to the Russian invasion of Ukraine,3011,3,,,2026-09-25T01:36:07Z,https://en.wikipedia.org/wiki/2022_Nobel_Peace_Prize
2022 North Caucasian protests,seed-file:team_DATA_json_titles.txt,8068,11,,,2026-09-25T01:55:33Z,https://en.wikipedia.org/wiki/2022_North_Caucasian_protests
2022 Peruvian economic protests,Category:Reactions to the Russian invasion of Ukraine,18595,8,,,2026-06-25T04:22:57Z,https://en.wikipedia.org/wiki/2022_Peruvian_economic_protests
2022 Ramstein Air Base meeting,Category:Reactions to the Russian invasion of Ukraine,6017,5,,,2026-07-14T14:43:18Z,https://en.wikipedia.org/wiki/2022_Ramstein_Air_Base_meeting
2022 Russian Far East protests,seed-file:team_DATA_json_titles.txt,1365,6,,,2026-06-22T19:39:37Z,https://en.wikipedia.org/wiki/2022_Russian_Far_East_protests
2022 Russian crude oil price cap sanctions,Category:Reactions to the Russian invasion of Ukraine,39398,30,,,2026-09-25T07:02:04Z,https://en.wikipedia.org/wiki/2022_Russian_crude_oil_price_cap_sanctions
2022 Russian debt default,Category:Events affected by the Russian invasion of Ukraine,6691,4,,,2026-04-24T01:22:27Z,https://en.wikipedia.org/wiki/2022_Russian_debt_default
2022 Russian invasion of Ukraine,Category:Russo-Ukrainian war (2022–present),44945,22,,,2026-09-25T13:25:34Z,https://en.wikipedia.org/wiki/2022_Russian_invasion_of_Ukraine
2022 Russian martial law,Category:Russo-Ukrainian war (2022–present),4742,6,,,2026-08-22T01:06:43Z,https://en.wikipedia.org/wiki/2022_Russian_martial_law
2022 Russian military exercise in the Irish EEZ controversy,Category:Prelude to the Russian invasion of Ukraine,4922,10,,,2026-01-15T07:33:39Z,https://en.wikipedia.org/wiki/2022_Russian_military_exercise_in_the_Irish_EEZ_controversy
2022 Russian mobilization,Category:Russo-Ukrainian war (2022–present),49220,32,,,2026-09-15T18:19:52Z,https://en.wikipedia.org/wiki/2022_Russian_mobilization
2022 Russo-Ukrainian Easter truce proposal,Category:Russo-Ukrainian war (2022–present),1794,2,,,2026-06-21T17:24:34Z,https://en.wikipedia.org/wiki/2022_Russo-Ukrainian_Easter_truce_proposal
2022 Saky air base attack,Category:Crimea in the Russian invasion of Ukraine,4521,4,45.09247222,33.58705556,2026-08-21T02:04:07Z,https://en.wikipedia.org/wiki/2022_Saky_air_base_attack
2022 Samarkand SCO summit,Category:Events affected by the Russian invasion of Ukraine,2056,5,,,2026-07-14T14:49:03Z,https://en.wikipedia.org/wiki/2022_Samarkand_SCO_summit
2022 Siberian wildfires,seed-file:team_DATA_json_titles.txt,1681,3,,,2026-06-30T23:03:37Z,https://en.wikipedia.org/wiki/2022_Siberian_wildfires
2022 Spain letter bomb attacks,Category:Reactions to the Russian invasion of Ukraine,3433,3,,,2025-12-04T19:25:06Z,https://en.wikipedia.org/wiki/2022_Spain_letter_bomb_attacks
2022 Transnistria attacks,Category:Spillover of the Russian invasion of Ukraine,17077,13,,,2026-09-25T02:11:02Z,https://en.wikipedia.org/wiki/2022_Transnistria_attacks
2022 Ukraine cyberattacks,Category:Prelude to the Russian invasion of Ukraine,12076,12,,,2026-08-12T08:10:56Z,https://en.wikipedia.org/wiki/2022_Ukraine_cyberattacks
2022 Ukrainian mobilization,Category:Russo-Ukrainian war,15737,8,,,2026-08-16T04:50:12Z,https://en.wikipedia.org/wiki/2022_Ukrainian_mobilization
2022 Ukrainian prisoner of war beheading,Category:Disinformation in the Russian invasion of Ukraine,7456,6,,,2026-06-26T12:56:18Z,https://en.wikipedia.org/wiki/2022_Ukrainian_prisoner_of_war_beheading
2022 Urengoy–Pomary–Uzhhorod pipeline explosion,Category:Events affected by the Russian invasion of Ukraine,1943,4,55.61444444,46.81972222,2026-09-25T17:51:32Z,https://en.wikipedia.org/wiki/2022_Urengoy%E2%80%93Pomary%E2%80%93Uzhhorod_pipeline_explosion
2022 Yeysk Su-34 crash,seed-file:team_DATA_json_titles.txt,4012,7,46.67833333,38.29555556,2026-08-22T01:06:56Z,https://en.wikipedia.org/wiki/2022_Yeysk_Su-34_crash
2022 Zagreb Tu-141 drone crash,Category:Spillover of the Russian invasion of Ukraine,10829,9,45.78444444,15.95,2026-05-28T21:43:35Z,https://en.wikipedia.org/wiki/2022_Zagreb_Tu-141_drone_crash
2022 Zaporizhzhia residential building airstrike,Category:War crimes during the Russian invasion of Ukraine,1785,3,,,2026-03-26T12:57:05Z,https://en.wikipedia.org/wiki/2022_Zaporizhzhia_residential_building_airstrike
2022 address of the Russian Union of Rectors,Category:Propaganda in Russia related to the Russian invasion of Ukraine,4961,5,,,2025-01-30T16:29:59Z,https://en.wikipedia.org/wiki/2022_address_of_the_Russian_Union_of_Rectors
2022 annexation referendums in Russian-occupied Ukraine,Category:Russo-Ukrainian war (2022–present),39308,34,,,2026-08-22T01:07:04Z,https://en.wikipedia.org/wiki/2022_annexation_referendums_in_Russian-occupied_Ukraine
2022 annexation speech of Vladimir Putin,Category:Propaganda in Russia related to the Russian invasion of Ukraine,4190,5,,,2026-08-05T02:43:48Z,https://en.wikipedia.org/wiki/2022_annexation_speech_of_Vladimir_Putin
2022 attack on Nova Kakhovka,seed-file:team_DATA_json_titles.txt,1662,2,46.755,33.375,2026-08-21T02:04:15Z,https://en.wikipedia.org/wiki/2022_attack_on_Nova_Kakhovka
2022 drone attack on the Sevastopol Naval Base,Category:Crimea in the Russian invasion of Ukraine,3350,4,,,2026-08-22T01:07:12Z,https://en.wikipedia.org/wiki/2022_drone_attack_on_the_Sevastopol_Naval_Base
2022 evacuation of the Donetsk People's Republic and the Luhansk People's Republic,Category:Prelude to the Russian invasion of Ukraine,1417,2,,,2025-11-04T11:01:23Z,https://en.wikipedia.org/wiki/2022_evacuation_of_the_Donetsk_People%27s_Republic_and_the_Luhansk_People%27s_Republic
2022 missile explosion in Poland,Category:Spillover of the Russian invasion of Ukraine,11581,10,50.47458333,23.92302778,2026-09-28T22:25:16Z,https://en.wikipedia.org/wiki/2022_missile_explosion_in_Poland
2022 mobilization in the Donetsk People's Republic and the Luhansk People's Republic,Category:Events affected by the Russian invasion of Ukraine,15576,13,,,2026-08-22T01:07:37Z,https://en.wikipedia.org/wiki/2022_mobilization_in_the_Donetsk_People%27s_Republic_and_the_Luhansk_People%27s_Republic
2022 protests in Russian-occupied Ukraine,Category:Ukrainian resistance during the Russian invasion of Ukraine,7305,6,,,2026-09-26T04:07:35Z,https://en.wikipedia.org/wiki/2022_protests_in_Russian-occupied_Ukraine
2022 virtual extraordinary NATO summit,seed-file:team_DATA_json_titles.txt,848,1,,,2026-07-14T14:40:43Z,https://en.wikipedia.org/wiki/2022_virtual_extraordinary_NATO_summit
2022 visit by Volodymyr Zelenskyy to the United States,Category:United States and the Russian invasion of Ukraine,3830,6,,,2026-09-26T04:12:29Z,https://en.wikipedia.org/wiki/2022_visit_by_Volodymyr_Zelenskyy_to_the_United_States
2022–2023 Russia–European Union gas dispute,Category:Events affected by the Russian invasion of Ukraine,28096,15,,,2026-09-19T14:29:11Z,https://en.wikipedia.org/wiki/2022%E2%80%932023_Russia%E2%80%93European_Union_gas_dispute
2022–2023 global food crises,Category:Impacts of the Russian invasion of Ukraine,26339,39,,,2026-09-04T14:46:38Z,https://en.wikipedia.org/wiki/2022%E2%80%932023_global_food_crises
2023 Belgorod Oblast incursions,Category:Attacks in Russia during the Russo-Ukrainian war (2022–present),23380,17,,,2026-08-22T01:09:45Z,https://en.wikipedia.org/wiki/2023_Belgorod_Oblast_incursions
2023 Belgorod accidental bombing,Category:Spillover of the Russian invasion of Ukraine,3154,4,50.5682,36.5847,2026-08-08T03:53:33Z,https://en.wikipedia.org/wiki/2023_Belgorod_accidental_bombing
2023 Black Sea drone incident,Category:Spillover of the Russian invasion of Ukraine,5847,6,,,2026-08-21T02:04:34Z,https://en.wikipedia.org/wiki/2023_Black_Sea_drone_incident
2023 Brovary helicopter crash,seed-file:team_DATA_json_titles.txt,4287,5,50.52027778,30.80111111,2025-10-21T14:27:06Z,https://en.wikipedia.org/wiki/2023_Brovary_helicopter_crash
2023 Bryansk Oblast military aircraft crashes,Category:Spillover of the Russian invasion of Ukraine,3658,4,,,2026-06-21T19:53:23Z,https://en.wikipedia.org/wiki/2023_Bryansk_Oblast_military_aircraft_crashes
2023 Bryansk Oblast raid,Category:Attacks in Russia during the Russo-Ukrainian war (2022–present),8513,9,,,2026-06-21T19:53:05Z,https://en.wikipedia.org/wiki/2023_Bryansk_Oblast_raid
2023 Crimean Bridge explosion,Category:Crimea in the Russian invasion of Ukraine,4909,7,45.24562,36.58829,2026-09-27T15:16:15Z,https://en.wikipedia.org/wiki/2023_Crimean_Bridge_explosion
2023 Dnipro residential building airstrike,Category:War crimes during the Russian invasion of Ukraine,6935,8,48.41916667,35.06777778,2026-09-13T16:39:20Z,https://en.wikipedia.org/wiki/2023_Dnipro_residential_building_airstrike
2023 EU–Ukraine Summit,Category:Events affected by the Russian invasion of Ukraine,684,1,,,2026-07-14T14:57:12Z,https://en.wikipedia.org/wiki/2023_EU%E2%80%93Ukraine_Summit
2023 G20 New Delhi summit,Category:Events affected by the Russian invasion of Ukraine,4959,8,,,2026-09-27T21:15:57Z,https://en.wikipedia.org/wiki/2023_G20_New_Delhi_summit
2023 Genesis Prize,Category:Reactions to the Russian invasion of Ukraine,897,3,,,2026-05-15T16:32:46Z,https://en.wikipedia.org/wiki/2023_Genesis_Prize
2023 Iran drone attacks,Category:Events affected by the Russian invasion of Ukraine,2715,5,,,2026-08-08T03:53:36Z,https://en.wikipedia.org/wiki/2023_Iran_drone_attacks
2023 Kramatorsk restaurant missile strike,Category:War crimes during the Russian invasion of Ukraine,2809,2,48.73527778,37.58694444,2026-05-16T02:15:49Z,https://en.wikipedia.org/wiki/2023_Kramatorsk_restaurant_missile_strike
2023 Kyivstar cyberattack,seed-file:team_DATA_json_titles.txt,2089,6,,,2026-09-28T02:34:21Z,https://en.wikipedia.org/wiki/2023_Kyivstar_cyberattack
2023 Moldovan coup attempt allegations,Category:Events affected by the Russian invasion of Ukraine,6932,9,,,2026-09-28T06:09:49Z,https://en.wikipedia.org/wiki/2023_Moldovan_coup_attempt_allegations
2023 Moscow Victory Day Parade,Category:Events affected by the Russian invasion of Ukraine,3261,5,,,2026-07-03T18:33:40Z,https://en.wikipedia.org/wiki/2023_Moscow_Victory_Day_Parade
2023 Moscow rally,Category:Propaganda in Russia related to the Russian invasion of Ukraine,1465,2,55.716,37.554,2026-09-06T16:31:13Z,https://en.wikipedia.org/wiki/2023_Moscow_rally
2023 Pokrovsk missile strike,Category:War crimes during the Russian invasion of Ukraine,1713,4,48.28236111,37.17636111,2026-08-22T01:10:45Z,https://en.wikipedia.org/wiki/2023_Pokrovsk_missile_strike
2023 Presidential Address to the Federal Assembly,Category:Propaganda in Russia related to the Russian invasion of Ukraine,2587,3,55.754,37.6255,2026-06-22T03:55:43Z,https://en.wikipedia.org/wiki/2023_Presidential_Address_to_the_Federal_Assembly
2023 Russian Christmas truce proposal,Category:Russo-Ukrainian war truces,10144,9,,,2026-08-22T01:10:48Z,https://en.wikipedia.org/wiki/2023_Russian_Christmas_truce_proposal
2023 Russian oil products sanctions and price cap,Category:Reactions to the Russian invasion of Ukraine,12768,16,,,2026-09-10T17:23:47Z,https://en.wikipedia.org/wiki/2023_Russian_oil_products_sanctions_and_price_cap
2023 Russia–Africa Summit,Category:Events affected by the Russian invasion of Ukraine,5478,11,,,2026-06-29T15:49:30Z,https://en.wikipedia.org/wiki/2023_Russia%E2%80%93Africa_Summit
2023 Swedish anti-terrorism bill,seed-file:team_DATA_json_titles.txt,1761,0,,,2025-11-15T12:41:10Z,https://en.wikipedia.org/wiki/2023_Swedish_anti-terrorism_bill
2023 Ukrainian counteroffensive,seed-file:team_DATA_json_titles.txt,92379,31,,,2026-09-13T06:07:04Z,https://en.wikipedia.org/wiki/2023_Ukrainian_counteroffensive
2023 Ukrainian counteroffensive order of battle,Category:Russian invasion of Ukraine orders of battle,9010,3,,,2026-09-28T21:33:15Z,https://en.wikipedia.org/wiki/2023_Ukrainian_counteroffensive_order_of_battle
2023 Uman missile strike,Category:War crimes during the Russian invasion of Ukraine,1454,2,48.76544444,30.21538889,2026-03-26T16:16:02Z,https://en.wikipedia.org/wiki/2023_Uman_missile_strike
2023 United States federal budget,seed-file:team_DATA_json_titles.txt,4762,4,,,2026-02-13T19:06:11Z,https://en.wikipedia.org/wiki/2023_United_States_federal_budget
2023 Vilnius NATO summit,seed-file:team_DATA_json_titles.txt,7071,6,,,2026-09-28T22:53:18Z,https://en.wikipedia.org/wiki/2023_Vilnius_NATO_summit
2023 Wagner Group plane crash,Category:Spillover of the Russian invasion of Ukraine,17384,13,57.74777778,33.95416667,2026-08-22T01:11:00Z,https://en.wikipedia.org/wiki/2023_Wagner_Group_plane_crash
2023 elections in Russian-occupied Ukraine,Category:Russian elections in Ukraine,1315,4,,,2026-08-25T19:58:05Z,https://en.wikipedia.org/wiki/2023_elections_in_Russian-occupied_Ukraine
2023 visit by Fumio Kishida to Ukraine,Category:Events affected by the Russian invasion of Ukraine,14300,10,,,2026-06-22T03:57:04Z,https://en.wikipedia.org/wiki/2023_visit_by_Fumio_Kishida_to_Ukraine
2023 visit by Joe Biden to Ukraine,Category:United States and the Russian invasion of Ukraine,8463,9,,,2026-09-29T08:10:20Z,https://en.wikipedia.org/wiki/2023_visit_by_Joe_Biden_to_Ukraine
2023 visit by Kim Jong Un to Russia,Category:North Korean involvement in the Russian invasion of Ukraine,3509,5,,,2026-06-21T17:30:48Z,https://en.wikipedia.org/wiki/2023_visit_by_Kim_Jong_Un_to_Russia
2023 visit by Volodymyr Zelenskyy to the United Kingdom,Category:United Kingdom and the Russian invasion of Ukraine,1609,3,,,2026-09-17T06:34:35Z,https://en.wikipedia.org/wiki/2023_visit_by_Volodymyr_Zelenskyy_to_the_United_Kingdom
2023 visit by Xi Jinping to Russia,seed-file:team_DATA_json_titles.txt,5434,5,,,2026-06-21T17:30:56Z,https://en.wikipedia.org/wiki/2023_visit_by_Xi_Jinping_to_Russia
2023 visit by Yoon Suk Yeol to Ukraine,Category:Events affected by the Russian invasion of Ukraine,2058,4,,,2026-06-22T03:57:12Z,https://en.wikipedia.org/wiki/2023_visit_by_Yoon_Suk_Yeol_to_Ukraine
2024 Astana SCO summit,Category:Events affected by the Russian invasion of Ukraine,1369,6,,,2026-09-01T10:05:21Z,https://en.wikipedia.org/wiki/2024_Astana_SCO_summit
2024 Crimean parliamentary election,Category:Events affected by the 2014 Russian annexation of Crimea,381,0,,,2026-04-26T17:33:47Z,https://en.wikipedia.org/wiki/2024_Crimean_parliamentary_election
2024 Donetsk attack,Category:War crimes during the Russian invasion of Ukraine,2176,5,,,2026-08-10T18:09:26Z,https://en.wikipedia.org/wiki/2024_Donetsk_attack
2024 G20 Rio de Janeiro summit,Category:Events affected by the Russian invasion of Ukraine,5080,9,,,2026-08-05T11:46:30Z,https://en.wikipedia.org/wiki/2024_G20_Rio_de_Janeiro_summit
2024 Haute-Kotto raid,Category:Battles involving the Wagner Group,3531,3,,,2026-08-21T02:05:37Z,https://en.wikipedia.org/wiki/2024_Haute-Kotto_raid
2024 Korochansky Ilyushin Il-76 crash,Category:Spillover of the Russian invasion of Ukraine,15605,9,50.89361111,37.34138889,2026-07-22T04:24:53Z,https://en.wikipedia.org/wiki/2024_Korochansky_Ilyushin_Il-76_crash
2024 Kostiantynivka supermarket strike,Category:War crimes during the Russian invasion of Ukraine,1909,4,,,2026-09-09T17:37:38Z,https://en.wikipedia.org/wiki/2024_Kostiantynivka_supermarket_strike
2024 Lukoil oil transit dispute,Category:Events affected by the Russian invasion of Ukraine,11405,10,,,2026-07-10T12:33:11Z,https://en.wikipedia.org/wiki/2024_Lukoil_oil_transit_dispute
2024 Lysychansk missile strike,Category:War crimes during the Russian invasion of Ukraine,1790,4,48.9147085,38.4099164,2026-08-06T08:40:04Z,https://en.wikipedia.org/wiki/2024_Lysychansk_missile_strike
2024 Moscow Victory Day Parade,Category:Events affected by the Russian invasion of Ukraine,6813,7,,,2026-07-03T18:33:54Z,https://en.wikipedia.org/wiki/2024_Moscow_Victory_Day_Parade
2024 Nobel Peace Prize,Category:Events affected by the Russian invasion of Ukraine,1602,5,,,2026-06-08T07:42:28Z,https://en.wikipedia.org/wiki/2024_Nobel_Peace_Prize
2024 Pokrovsk missile strike,Category:Russian war crimes in Ukraine,1864,3,,,2025-12-14T11:14:28Z,https://en.wikipedia.org/wiki/2024_Pokrovsk_missile_strike
2024 Polish farmers' protests,Category:Grain and the Russian invasion of Ukraine,3306,3,,,2026-08-29T20:01:26Z,https://en.wikipedia.org/wiki/2024_Polish_farmers%27_protests
2024 Russia Beriev A-50 and Ilyushin Il-22 shootdowns,Category:Military operations of the Russian invasion of Ukraine in 2024,17574,10,,,2026-08-22T01:11:29Z,https://en.wikipedia.org/wiki/2024_Russia_Beriev_A-50_and_Ilyushin_Il-22_shootdowns
2024 Russian presidential election,Category:Events affected by the Russian invasion of Ukraine,37251,25,,,2026-09-25T20:16:35Z,https://en.wikipedia.org/wiki/2024_Russian_presidential_election
2024 Ukrainian cyberattacks against Russia,Category:Attacks in Russia during the Russo-Ukrainian war (2022–present),8503,6,,,2026-05-12T20:52:04Z,https://en.wikipedia.org/wiki/2024_Ukrainian_cyberattacks_against_Russia
2024 Washington NATO summit,Category:Events affected by the Russian invasion of Ukraine,15602,14,,,2026-07-19T16:10:14Z,https://en.wikipedia.org/wiki/2024_Washington_NATO_summit
2024 northern Kharkiv offensive,Category:Theatres of operation of the Russian invasion of Ukraine,18668,12,,,2026-08-21T02:06:30Z,https://en.wikipedia.org/wiki/2024_northern_Kharkiv_offensive
2024 northern Kharkiv offensive order of battle,Category:Military units and formations of the Russian invasion of Ukraine,2149,2,,,2026-07-31T02:05:18Z,https://en.wikipedia.org/wiki/2024_northern_Kharkiv_offensive_order_of_battle
2024 visit by Vladimir Putin to North Korea,Category:North Korean involvement in the Russian invasion of Ukraine,3384,3,,,2026-09-17T06:35:36Z,https://en.wikipedia.org/wiki/2024_visit_by_Vladimir_Putin_to_North_Korea
2024 visits by Viktor Orbán to Russia and China,Category:Russo-Ukrainian war,14458,13,,,2026-05-09T21:31:16Z,https://en.wikipedia.org/wiki/2024_visits_by_Viktor_Orb%C3%A1n_to_Russia_and_China
2024–2026 Slovak protests,Category:Reactions to the Russian invasion of Ukraine,19105,13,,,2026-06-29T23:46:11Z,https://en.wikipedia.org/wiki/2024%E2%80%932026_Slovak_protests
2025 Azerbaijan–Russia diplomatic crisis,Category:Events affected by the Russian invasion of Ukraine,5075,8,,,2026-09-06T15:31:53Z,https://en.wikipedia.org/wiki/2025_Azerbaijan%E2%80%93Russia_diplomatic_crisis
2025 Crimean Bridge explosion,Category:Crimea in the Russian invasion of Ukraine,2480,4,,,2026-09-01T09:07:56Z,https://en.wikipedia.org/wiki/2025_Crimean_Bridge_explosion
2025 Dobropillia offensive,seed-file:team_DATA_json_titles.txt,10844,5,,,2026-09-05T07:16:51Z,https://en.wikipedia.org/wiki/2025_Dobropillia_offensive
2025 Elisa data cable incident,Category:Sanctions and boycotts during the Russo-Ukrainian war,3500,4,,,2026-09-14T20:59:44Z,https://en.wikipedia.org/wiki/2025_Elisa_data_cable_incident
2025 Khorly strike,seed-file:team_DATA_json_titles.txt,3967,5,46.07833333,33.28861111,2026-08-08T03:54:38Z,https://en.wikipedia.org/wiki/2025_Khorly_strike
2025 Kryvyi Rih playground strike,Category:War crimes during the Russian invasion of Ukraine,1720,5,,,2026-08-08T14:00:46Z,https://en.wikipedia.org/wiki/2025_Kryvyi_Rih_playground_strike
2025 London Summit on Ukraine,Category:Russo-Ukrainian war peace process,5333,6,,,2026-05-17T15:56:58Z,https://en.wikipedia.org/wiki/2025_London_Summit_on_Ukraine
2025 MT Orinda fire,Category:Russian airstrikes during the Russian invasion of Ukraine,10383,8,45.328021,28.831818,2026-06-22T04:05:45Z,https://en.wikipedia.org/wiki/2025_MT_Orinda_fire
2025 Makhachkala clash,Category:Attacks in Russia during the Russo-Ukrainian war (2022–present),1152,2,,,2026-08-21T02:07:31Z,https://en.wikipedia.org/wiki/2025_Makhachkala_clash
2025 Moldovan energy crisis,Category:Events affected by the Russian invasion of Ukraine,47404,16,,,2026-09-26T00:36:22Z,https://en.wikipedia.org/wiki/2025_Moldovan_energy_crisis
2025 Moscow Victory Day Parade,Category:Events affected by the Russian invasion of Ukraine,16914,15,,,2026-07-06T16:49:06Z,https://en.wikipedia.org/wiki/2025_Moscow_Victory_Day_Parade
2025 Russia bridge collapses,Category:Attacks in Russia during the Russo-Ukrainian war (2022–present),7282,12,53.0785134,34.0167906,2026-09-20T21:30:00Z,https://en.wikipedia.org/wiki/2025_Russia_bridge_collapses
2025 Russian drone incursion into Poland,Category:Spillover of the Russian invasion of Ukraine,17576,11,,,2026-08-17T14:30:48Z,https://en.wikipedia.org/wiki/2025_Russian_drone_incursion_into_Poland
2025 Russian railway sabotage in Poland,Category:Spillover of the Russian invasion of Ukraine,5407,4,,,2026-09-01T14:49:40Z,https://en.wikipedia.org/wiki/2025_Russian_railway_sabotage_in_Poland
2025 Russian strikes on Ukrainian training grounds,seed-file:team_DATA_json_titles.txt,2408,3,,,2026-06-05T15:16:00Z,https://en.wikipedia.org/wiki/2025_Russian_strikes_on_Ukrainian_training_grounds
2025 Russia–United States summit,Category:Russo-Ukrainian war peace process,17416,14,,,2026-09-12T19:23:59Z,https://en.wikipedia.org/wiki/2025_Russia%E2%80%93United_States_summit
2025 Russia–United States summit in Hungary,Category:Russo-Ukrainian war peace process,5425,5,,,2026-06-08T16:11:21Z,https://en.wikipedia.org/wiki/2025_Russia%E2%80%93United_States_summit_in_Hungary
2025 Slovakia–Ukraine gas dispute,Category:Russo-Ukrainian war,12247,9,,,2026-09-23T19:45:01Z,https://en.wikipedia.org/wiki/2025_Slovakia%E2%80%93Ukraine_gas_dispute
2025 Sumy airstrike,Category:War crimes during the Russian invasion of Ukraine,11100,7,,,2026-08-18T05:55:31Z,https://en.wikipedia.org/wiki/2025_Sumy_airstrike
2025 Sumy offensive,Category:Attacks in Russia during the Russo-Ukrainian war (2022–present),18381,10,,,2026-08-21T02:07:47Z,https://en.wikipedia.org/wiki/2025_Sumy_offensive
2025 Ternopil strike,Category:War crimes during the Russian invasion of Ukraine,6064,7,49.55811944,25.64765278,2026-09-24T20:58:55Z,https://en.wikipedia.org/wiki/2025_Ternopil_strike
2025 Trump–Zelenskyy Oval Office meeting,Category:Russo-Ukrainian war peace process,52336,21,,,2026-09-29T03:23:25Z,https://en.wikipedia.org/wiki/2025_Trump%E2%80%93Zelenskyy_Oval_Office_meeting
2025 Yarova attack,Category:War crimes during the Russian invasion of Ukraine,2065,4,,,2026-04-01T18:00:04Z,https://en.wikipedia.org/wiki/2025_Yarova_attack
2025–2026 Russian fuel crisis,Category:Russo-Ukrainian war (2022–present),20333,12,,,2026-09-28T18:10:49Z,https://en.wikipedia.org/wiki/2025%E2%80%932026_Russian_fuel_crisis
2026 Chernobyl exclusion zone wildfires,Category:Impacts of the Russian invasion of Ukraine,1381,3,,,2026-08-31T17:26:47Z,https://en.wikipedia.org/wiki/2026_Chernobyl_exclusion_zone_wildfires
2026 Dobropillia offensive,Category:Battles of the Eastern front of the Russian invasion of Ukraine,4756,3,,,2026-09-29T20:58:39Z,https://en.wikipedia.org/wiki/2026_Dobropillia_offensive
2026 Druzhba pipeline dispute,Category:Russo-Ukrainian war,31269,17,,,2026-09-23T20:07:16Z,https://en.wikipedia.org/wiki/2026_Druzhba_pipeline_dispute
2026 English Channel incident,Category:Spillover of the Russian invasion of Ukraine,4399,3,50.16666667,-1.16666667,2026-09-01T19:48:04Z,https://en.wikipedia.org/wiki/2026_English_Channel_incident
2026 Hungarian parliamentary election,Category:Events affected by the Russian invasion of Ukraine,49328,32,,,2026-09-17T18:49:53Z,https://en.wikipedia.org/wiki/2026_Hungarian_parliamentary_election
2026 Mali offensives,Category:Spillover of the Russian invasion of Ukraine,32318,15,,,2026-09-24T23:03:25Z,https://en.wikipedia.org/wiki/2026_Mali_offensives
2026 Moscow Victory Day Parade,Category:Events affected by the Russian invasion of Ukraine,6176,12,,,2026-09-08T11:05:09Z,https://en.wikipedia.org/wiki/2026_Moscow_Victory_Day_Parade
2026 Penza Oblast mobilisation,Category:Russo-Ukrainian war (2022–present),19226,11,,,2026-09-17T12:04:51Z,https://en.wikipedia.org/wiki/2026_Penza_Oblast_mobilisation
2026 Perm refinery attack,Category:Impacts of the Russian invasion of Ukraine,1545,2,,,2026-09-18T15:08:49Z,https://en.wikipedia.org/wiki/2026_Perm_refinery_attack
2026 Russian legislative election,Category:Russian elections in Ukraine,30727,24,,,2026-09-30T19:41:27Z,https://en.wikipedia.org/wiki/2026_Russian_legislative_election
2026 Starobilsk strike,Category:War crimes during the Russian invasion of Ukraine,11009,8,49.2786,38.9106,2026-09-30T01:59:36Z,https://en.wikipedia.org/wiki/2026_Starobilsk_strike
2026 Tuapse oil terminal attack,Category:Impacts of the Russian invasion of Ukraine,6376,5,44.10194444,39.09888889,2026-08-25T20:04:52Z,https://en.wikipedia.org/wiki/2026_Tuapse_oil_terminal_attack
2026 Ukrainian counteroffensive,seed-file:team_DATA_json_titles.txt,11930,6,,,2026-09-29T19:14:09Z,https://en.wikipedia.org/wiki/2026_Ukrainian_counteroffensive
2026 Ukrainian counteroffensive order of battle,Category:Russian invasion of Ukraine orders of battle,702,2,,,2026-09-23T15:22:22Z,https://en.wikipedia.org/wiki/2026_Ukrainian_counteroffensive_order_of_battle
2026 United States–Ukraine–Russia meetings in Abu Dhabi,Category:Russo-Ukrainian war peace process,7492,8,,,2026-07-31T11:29:42Z,https://en.wikipedia.org/wiki/2026_United_States%E2%80%93Ukraine%E2%80%93Russia_meetings_in_Abu_Dhabi
2026 United States–Ukraine–Russia meetings in Geneva,Category:Russo-Ukrainian war peace process,14986,9,,,2026-09-12T16:29:51Z,https://en.wikipedia.org/wiki/2026_United_States%E2%80%93Ukraine%E2%80%93Russia_meetings_in_Geneva
2026 drone incidents in Romania,Category:Spillover of the Russian invasion of Ukraine,22366,10,,,2026-09-28T03:31:03Z,https://en.wikipedia.org/wiki/2026_drone_incidents_in_Romania
2026 drone incursions into the Baltic states and Finland,Category:Spillover of the Russian invasion of Ukraine,16887,15,,,2026-09-24T13:31:16Z,https://en.wikipedia.org/wiki/2026_drone_incursions_into_the_Baltic_states_and_Finland
203rd Training Aviation Brigade,Category:Military units and formations of Ukraine in the Russian invasion of Ukraine,3898,3,,,2026-07-13T23:25:26Z,https://en.wikipedia.org/wiki/203rd_Training_Aviation_Brigade
204th Tactical Aviation Brigade,Category:Military units and formations of Ukraine in the Russian invasion of Ukraine,13522,13,,,2026-07-13T23:41:18Z,https://en.wikipedia.org/wiki/204th_Tactical_Aviation_Brigade
205th Separate Guards Motor Rifle Brigade,Category:Military units and formations of Russia in the Russian invasion of Ukraine,12456,4,,,2026-07-13T23:53:52Z,https://en.wikipedia.org/wiki/205th_Separate_Guards_Motor_Rifle_Brigade
208th Anti-aircraft Missile Brigade,Category:Military units and formations of Ukraine in the Russian invasion of Ukraine,2147,3,,,2026-07-14T00:46:50Z,https://en.wikipedia.org/wiki/208th_Anti-aircraft_Missile_Brigade
20th Army Corps (Ukraine),Category:Army corps of Ukraine in the Russo-Ukrainian war,968,2,,,2026-07-14T18:55:15Z,https://en.wikipedia.org/wiki/20th_Army_Corps_(Ukraine)
20th Electronic Warfare Battalion (Ukraine),Category:Military units and formations of Ukraine in the Russian invasion of Ukraine,1470,1,,,2026-04-09T07:20:31Z,https://en.wikipedia.org/wiki/20th_Electronic_Warfare_Battalion_(Ukraine)
20th Guards Motor Rifle Division,Category:Military units and formations of Russia in the Russian invasion of Ukraine,6685,6,,,2026-06-29T12:32:26Z,https://en.wikipedia.org/wiki/20th_Guards_Motor_Rifle_Division
217th Guards Airborne Regiment,Category:Military units and formations of Russia in the Russian invasion of Ukraine,2170,1,,,2025-06-17T22:04:38Z,https://en.wikipedia.org/wiki/217th_Guards_Airborne_Regiment
21st Army Corps (Ukraine),Category:Army corps of Ukraine in the Russo-Ukrainian war,350,2,,,2026-07-19T22:44:38Z,https://en.wikipedia.org/wiki/21st_Army_Corps_(Ukraine)
21st Mechanized Brigade,Category:Military units and formations of Ukraine in the Russian invasion of Ukraine,988,3,,,2026-09-07T17:33:25Z,https://en.wikipedia.org/wiki/21st_Mechanized_Brigade
21st Public Order Brigade,Category:Military units and formations of Ukraine in the Russian invasion of Ukraine,3496,4,,,2026-08-16T00:32:00Z,https://en.wikipedia.org/wiki/21st_Public_Order_Brigade
21st Separate Guards Motor Rifle Brigade,Category:Military units and formations of Russia in the Russian invasion of Ukraine,2004,3,,,2025-09-21T10:13:10Z,https://en.wikipedia.org/wiki/21st_Separate_Guards_Motor_Rifle_Brigade
22 March 2024 Russian strikes on Ukraine,Category:War crimes during the Russian invasion of Ukraine,5665,11,,,2026-08-22T01:12:21Z,https://en.wikipedia.org/wiki/22_March_2024_Russian_strikes_on_Ukraine
223rd Anti-aircraft Missile Regiment,Category:Military units and formations of Ukraine in the Russian invasion of Ukraine,2846,4,,,2026-05-28T05:08:30Z,https://en.wikipedia.org/wiki/223rd_Anti-aircraft_Missile_Regiment
225th Anti-aircraft Missile Regiment,Category:Military units and formations of Ukraine in the Russian invasion of Ukraine,1219,3,,,2026-05-29T23:52:09Z,https://en.wikipedia.org/wiki/225th_Anti-aircraft_Missile_Regiment
225th Separate Assault Regiment,seed-file:recommended_forces_battles_places.txt,7427,11,,,2026-09-11T00:25:40Z,https://en.wikipedia.org/wiki/225th_Separate_Assault_Regiment
227th Artillery Brigade (Russia),Category:Military units and formations of Russia in the Russian invasion of Ukraine,554,0,,,2024-11-01T23:27:32Z,https://en.wikipedia.org/wiki/227th_Artillery_Brigade_(Russia)
22nd Foreign Diplomatic Missions Protection Brigade,Category:Military units and formations of Ukraine in the Russian invasion of Ukraine,4462,3,,,2026-06-30T05:46:03Z,https://en.wikipedia.org/wiki/22nd_Foreign_Diplomatic_Missions_Protection_Brigade
22nd Guards Heavy Bomber Aviation Division,Category:Military units and formations of Russia in the Russian invasion of Ukraine,9980,7,,,2026-09-04T00:28:52Z,https://en.wikipedia.org/wiki/22nd_Guards_Heavy_Bomber_Aviation_Division
22nd Guards Spetsnaz Brigade,Category:Military units and formations of Russia in the Russian invasion of Ukraine,1907,4,,,2026-06-29T12:34:48Z,https://en.wikipedia.org/wiki/22nd_Guards_Spetsnaz_Brigade
22nd Mechanized Brigade,Category:Military units and formations of Ukraine in the Russian invasion of Ukraine,11967,12,,,2026-06-30T05:47:06Z,https://en.wikipedia.org/wiki/22nd_Mechanized_Brigade
22nd Motorized Infantry Battalion (Ukraine),Category:Battle of Kharkiv (2022),843,0,,,2025-11-04T00:44:37Z,https://en.wikipedia.org/wiki/22nd_Motorized_Infantry_Battalion_(Ukraine)
239th Guards Tank Regiment (Russia),Category:Military units and formations of Russia in the Russian invasion of Ukraine,5017,3,,,2026-08-22T01:12:23Z,https://en.wikipedia.org/wiki/239th_Guards_Tank_Regiment_(Russia)
23rd Guards Fighter Aviation Regiment,Category:Military units and formations of Russia in the Russian invasion of Ukraine,2771,1,,,2026-03-01T02:30:47Z,https://en.wikipedia.org/wiki/23rd_Guards_Fighter_Aviation_Regiment
23rd Mechanized Brigade,Category:Military units and formations of Ukraine in the Russian invasion of Ukraine,1563,2,,,2026-06-30T07:23:00Z,https://en.wikipedia.org/wiki/23rd_Mechanized_Brigade
23rd Public Order Brigade,Category:Military units and formations of Ukraine in the Russian invasion of Ukraine,4592,3,,,2026-08-27T16:56:56Z,https://en.wikipedia.org/wiki/23rd_Public_Order_Brigade
23rd Reconnaissance Battalion (Ukraine),Category:Military units and formations of Ukraine in the Russian invasion of Ukraine,6016,2,,,2026-08-12T12:56:10Z,https://en.wikipedia.org/wiki/23rd_Reconnaissance_Battalion_(Ukraine)
249th Separate Special Motorized Battalion South,Category:Military units and formations of the Russian invasion of Ukraine,1039,2,,,2026-04-10T15:33:13Z,https://en.wikipedia.org/wiki/249th_Separate_Special_Motorized_Battalion_South
24th Mechanized Brigade (Ukraine),Category:Military units and formations of Ukraine in the Russian invasion of Ukraine,15699,19,,,2026-09-03T17:57:42Z,https://en.wikipedia.org/wiki/24th_Mechanized_Brigade_(Ukraine)
24th Separate Guards Special Forces Brigade,Category:Military units and formations of Russia in the Russian invasion of Ukraine,2236,4,,,2026-08-05T01:05:59Z,https://en.wikipedia.org/wiki/24th_Separate_Guards_Special_Forces_Brigade
25 May 2024 Kharkiv missile strikes,Category:War crimes during the Russian invasion of Ukraine,3828,7,,,2026-05-16T02:01:03Z,https://en.wikipedia.org/wiki/25_May_2024_Kharkiv_missile_strikes
25th Airborne Brigade,Category:Military units and formations of Ukraine in the Russian invasion of Ukraine,7198,8,,,2026-07-14T16:49:08Z,https://en.wikipedia.org/wiki/25th_Airborne_Brigade
25th Mechanized Infantry Battalion (Ukraine),Category:Military units and formations of Ukraine in the Russian invasion of Ukraine,1002,1,,,2025-07-16T00:25:42Z,https://en.wikipedia.org/wiki/25th_Mechanized_Infantry_Battalion_(Ukraine)
25th Transport Aviation Brigade,Category:Military units and formations of Ukraine in the Russian invasion of Ukraine,2820,4,,,2026-06-07T10:21:21Z,https://en.wikipedia.org/wiki/25th_Transport_Aviation_Brigade
26th Artillery Brigade (Ukraine),Category:Military units and formations of Ukraine in the Russian invasion of Ukraine,2442,4,,,2026-06-21T12:13:24Z,https://en.wikipedia.org/wiki/26th_Artillery_Brigade_(Ukraine)
26th National Guard Battalion (Ukraine),Category:Military units and formations of Ukraine in the Russian invasion of Ukraine,2504,4,,,2026-07-19T22:41:18Z,https://en.wikipedia.org/wiki/26th_National_Guard_Battalion_(Ukraine)
26th Road Restoration Brigade,Category:Military units and formations of Ukraine in the Russian invasion of Ukraine,3570,2,,,2026-07-02T00:15:45Z,https://en.wikipedia.org/wiki/26th_Road_Restoration_Brigade
270th Motor Rifle Regiment,Category:Military units and formations of Russia in the Russian invasion of Ukraine,1181,2,,,2026-06-07T17:16:38Z,https://en.wikipedia.org/wiki/270th_Motor_Rifle_Regiment
27th Artillery Brigade (Ukraine),seed-file:recommended_forces_battles_places.txt,1781,2,,,2026-03-25T15:35:10Z,https://en.wikipedia.org/wiki/27th_Artillery_Brigade_(Ukraine)
27th Guards Motor Rifle Division,Category:Military units and formations of Russia in the Russian invasion of Ukraine,8788,7,,,2026-05-30T08:13:46Z,https://en.wikipedia.org/wiki/27th_Guards_Motor_Rifle_Division
27th National Guard Regiment (Ukraine),Category:Military units and formations of Ukraine in the Russian invasion of Ukraine,1812,3,,,2026-01-29T10:09:16Z,https://en.wikipedia.org/wiki/27th_National_Guard_Regiment_(Ukraine)
27th Pechersk Brigade,Category:Military units and formations of Ukraine in the Russian invasion of Ukraine,5496,7,,,2026-09-09T23:57:14Z,https://en.wikipedia.org/wiki/27th_Pechersk_Brigade
27th Separate Guards Motor Rifle Brigade,Category:Military units and formations of Russia in the Russian invasion of Ukraine,7045,7,,,2026-06-29T14:37:02Z,https://en.wikipedia.org/wiki/27th_Separate_Guards_Motor_Rifle_Brigade
28th Mechanized Brigade,Category:Military units and formations of Ukraine in the Russian invasion of Ukraine,3454,2,,,2026-09-01T17:28:41Z,https://en.wikipedia.org/wiki/28th_Mechanized_Brigade
28th Regiment of State Facilities Protection (Ukraine),Category:Military units and formations of Ukraine in the Russian invasion of Ukraine,3089,2,,,2026-04-09T14:50:22Z,https://en.wikipedia.org/wiki/28th_Regiment_of_State_Facilities_Protection_(Ukraine)
29 December 2023 Russian strikes on Ukraine,Category:War crimes during the Russian invasion of Ukraine,8057,6,,,2026-07-05T01:05:04Z,https://en.wikipedia.org/wiki/29_December_2023_Russian_strikes_on_Ukraine
299th Tactical Aviation Brigade,Category:Military units and formations of Ukraine in the Russian invasion of Ukraine,7743,9,,,2026-08-17T20:55:47Z,https://en.wikipedia.org/wiki/299th_Tactical_Aviation_Brigade
29th Heavy Mechanized Brigade,Category:Military units and formations of Ukraine in the Russian invasion of Ukraine,772,3,,,2026-08-23T19:13:08Z,https://en.wikipedia.org/wiki/29th_Heavy_Mechanized_Brigade
2nd European Political Community Summit,seed-file:team_DATA_json_titles.txt,10365,12,,,2026-05-17T16:26:00Z,https://en.wikipedia.org/wiki/2nd_European_Political_Community_Summit
2nd Galician Brigade (Ukraine),Category:Military units and formations of Ukraine in the Russian invasion of Ukraine,3912,4,,,2025-08-20T05:16:32Z,https://en.wikipedia.org/wiki/2nd_Galician_Brigade_(Ukraine)
2nd Guards Combined Arms Army,Category:Military units and formations of Russia in the Russian invasion of Ukraine,6848,4,,,2025-09-26T20:19:11Z,https://en.wikipedia.org/wiki/2nd_Guards_Combined_Arms_Army
2nd Guards Motor Rifle Division,Category:Military units and formations of Russia in the Russian invasion of Ukraine,16035,13,,,2026-06-29T14:36:57Z,https://en.wikipedia.org/wiki/2nd_Guards_Motor_Rifle_Division
2nd Guards Spetsnaz Brigade,Category:Military units and formations of Russia in the Russian invasion of Ukraine,918,2,,,2026-06-29T14:39:07Z,https://en.wikipedia.org/wiki/2nd_Guards_Spetsnaz_Brigade
2nd International Legion (Ukraine),Category:Military units and formations of Ukraine in the Russian invasion of Ukraine,17675,14,,,2026-09-21T15:19:06Z,https://en.wikipedia.org/wiki/2nd_International_Legion_(Ukraine)
2nd Khartiia Corps,Category:Military units and formations of Ukraine in the Russian invasion of Ukraine,1938,3,,,2026-07-31T13:00:31Z,https://en.wikipedia.org/wiki/2nd_Khartiia_Corps
2nd Special Operations Detachment (Ukraine),Category:Military units and formations of Ukraine in the Russian invasion of Ukraine,1334,3,,,2026-03-21T23:33:48Z,https://en.wikipedia.org/wiki/2nd_Special_Operations_Detachment_(Ukraine)
2nd State Objects Protection Regiment (Ukraine),Category:Military units and formations of Ukraine in the Russian invasion of Ukraine,3009,3,,,2026-01-28T09:56:38Z,https://en.wikipedia.org/wiki/2nd_State_Objects_Protection_Regiment_(Ukraine)
2step (song),Category:Songs about the Russian invasion of Ukraine,2845,7,,,2026-05-02T14:59:44Z,https://en.wikipedia.org/wiki/2step_(song)
3 March 2022 Chernihiv bombing,Category:War crimes during the Russian invasion of Ukraine,2860,4,51.5001,31.2791,2026-03-26T12:50:00Z,https://en.wikipedia.org/wiki/3_March_2022_Chernihiv_bombing
30 December 2023 Belgorod shelling,Category:Attacks in Russia during the Russo-Ukrainian war (2022–present),6424,7,,,2026-05-12T20:51:13Z,https://en.wikipedia.org/wiki/30_December_2023_Belgorod_shelling
30 May 2023 Moscow drone strikes,Category:Attacks in Russia during the Russo-Ukrainian war (2022–present),3062,4,,,2026-05-13T12:11:29Z,https://en.wikipedia.org/wiki/30_May_2023_Moscow_drone_strikes
301st Anti-aircraft Missile Brigade,Category:Military units and formations of Ukraine in the Russian invasion of Ukraine,2592,4,,,2026-07-15T21:30:39Z,https://en.wikipedia.org/wiki/301st_Anti-aircraft_Missile_Brigade
302nd Anti-aircraft Missile Brigade,Category:Military units and formations of Ukraine in the Russian invasion of Ukraine,3041,5,,,2026-07-15T22:11:03Z,https://en.wikipedia.org/wiki/302nd_Anti-aircraft_Missile_Brigade
305th Electronic Warfare Regiment,Category:Military units and formations of Ukraine in the Russian invasion of Ukraine,1207,3,,,2026-06-02T00:03:31Z,https://en.wikipedia.org/wiki/305th_Electronic_Warfare_Regiment
30th Marine Corps (Ukraine),Category:Army corps of Ukraine in the Russo-Ukrainian war,996,2,,,2026-08-09T04:56:35Z,https://en.wikipedia.org/wiki/30th_Marine_Corps_(Ukraine)
30th Mechanized Brigade (Ukraine),Category:Military units and formations of Ukraine in the Russian invasion of Ukraine,7989,10,,,2026-09-09T23:17:50Z,https://en.wikipedia.org/wiki/30th_Mechanized_Brigade_(Ukraine)
30th Separate Guards Motor Rifle Brigade,Category:Military units and formations of Russia in the Russian invasion of Ukraine,2395,2,,,2025-12-08T16:44:57Z,https://en.wikipedia.org/wiki/30th_Separate_Guards_Motor_Rifle_Brigade
31st Cherkasy Regiment (Ukraine),Category:Military units and formations of Ukraine in the Russian invasion of Ukraine,1732,5,,,2026-09-09T23:54:37Z,https://en.wikipedia.org/wiki/31st_Cherkasy_Regiment_(Ukraine)
31st Communications Regiment (Ukraine),Category:Military units and formations of Ukraine in the Russian invasion of Ukraine,2414,2,,,2025-07-14T07:51:39Z,https://en.wikipedia.org/wiki/31st_Communications_Regiment_(Ukraine)
31st Mechanized Brigade (Ukraine),Category:Military units and formations of Ukraine in the Russian invasion of Ukraine,2214,2,,,2025-09-12T07:28:44Z,https://en.wikipedia.org/wiki/31st_Mechanized_Brigade_(Ukraine)
31st Public Order Brigade,Category:Military units and formations of Ukraine in the Russian invasion of Ukraine,4553,2,,,2026-07-02T04:01:42Z,https://en.wikipedia.org/wiki/31st_Public_Order_Brigade
32nd Mechanized Brigade,Category:Military units and formations of Ukraine in the Russian invasion of Ukraine,1547,3,,,2026-07-02T04:36:33Z,https://en.wikipedia.org/wiki/32nd_Mechanized_Brigade
32nd Volyn Battalion (Ukraine),Category:Military units and formations of Ukraine in the Russian invasion of Ukraine,3661,4,,,2026-09-19T20:50:18Z,https://en.wikipedia.org/wiki/32nd_Volyn_Battalion_(Ukraine)
338th Guards Rocket Artillery Brigade,Category:Military units and formations of Russia in the Russian invasion of Ukraine,1946,2,,,2026-06-29T12:58:41Z,https://en.wikipedia.org/wiki/338th_Guards_Rocket_Artillery_Brigade
33rd Mechanized Brigade (Ukraine),Category:Military units and formations of Ukraine in the Russian invasion of Ukraine,1026,1,,,2026-08-03T14:15:54Z,https://en.wikipedia.org/wiki/33rd_Mechanized_Brigade_(Ukraine)
"34th Assault Battalion ""Mad Pack""",Category:Foreign involvement in the Russian invasion of Ukraine,1882,4,,,2026-07-08T21:39:01Z,https://en.wikipedia.org/wiki/34th_Assault_Battalion_%22Mad_Pack%22
34th Convoy Battalion (Ukraine),Category:Military units and formations of Ukraine in the Russian invasion of Ukraine,1131,3,,,2026-01-29T10:47:50Z,https://en.wikipedia.org/wiki/34th_Convoy_Battalion_(Ukraine)
34th Kherson Regiment (Ukraine),Category:Military units and formations of Ukraine in the Russian invasion of Ukraine,2664,3,,,2026-07-04T03:31:57Z,https://en.wikipedia.org/wiki/34th_Kherson_Regiment_(Ukraine)
34th Separate Guards Mountain Motor Rifle Brigade,Category:Military units and formations of Russia in the Russian invasion of Ukraine,1597,2,,,2026-05-26T02:24:16Z,https://en.wikipedia.org/wiki/34th_Separate_Guards_Mountain_Motor_Rifle_Brigade
35th Marine Brigade,Category:Military units and formations of Ukraine in the Russian invasion of Ukraine,1785,2,,,2026-07-13T10:17:20Z,https://en.wikipedia.org/wiki/35th_Marine_Brigade
35th Separate Guards Motor Rifle Brigade,Category:Military units and formations of Russia in the Russian invasion of Ukraine,6229,9,,,2026-08-22T05:16:13Z,https://en.wikipedia.org/wiki/35th_Separate_Guards_Motor_Rifle_Brigade
35th Sumsky Regiment (Ukraine),Category:Military units and formations of Ukraine in the Russian invasion of Ukraine,3805,4,,,2025-02-03T21:03:43Z,https://en.wikipedia.org/wiki/35th_Sumsky_Regiment_(Ukraine)
36th Marine Brigade,Category:Military units and formations of Ukraine in the Russian invasion of Ukraine,3031,6,,,2026-05-30T04:56:00Z,https://en.wikipedia.org/wiki/36th_Marine_Brigade
36th Road Restoration Brigade,Category:Military units and formations of Ukraine in the Russian invasion of Ukraine,3458,3,,,2026-09-09T23:16:18Z,https://en.wikipedia.org/wiki/36th_Road_Restoration_Brigade
36th Separate Guards Motor Rifle Brigade,Category:Military units and formations of Russia in the Russian invasion of Ukraine,3813,5,,,2026-08-21T21:54:20Z,https://en.wikipedia.org/wiki/36th_Separate_Guards_Motor_Rifle_Brigade
37th Marine Brigade,Category:Military units and formations of Ukraine in the Russian invasion of Ukraine,1714,2,,,2026-09-16T06:38:33Z,https://en.wikipedia.org/wiki/37th_Marine_Brigade
37th Public Order Brigade,Category:Military units and formations of Ukraine in the Russian invasion of Ukraine,427,0,,,2026-07-03T06:08:25Z,https://en.wikipedia.org/wiki/37th_Public_Order_Brigade
37th Separate Guards Motor Rifle Brigade,Category:Military units and formations of Russia in the Russian invasion of Ukraine,4075,7,,,2026-07-20T16:59:15Z,https://en.wikipedia.org/wiki/37th_Separate_Guards_Motor_Rifle_Brigade
383rd Unmanned Aerial Vehicle Brigade,Category:Military units and formations of Ukraine in the Russian invasion of Ukraine,8231,3,,,2026-07-16T05:29:56Z,https://en.wikipedia.org/wiki/383rd_Unmanned_Aerial_Vehicle_Brigade
385th Guards Artillery Brigade,Category:Military units and formations of Russia in the Russian invasion of Ukraine,1448,1,,,2025-02-08T19:14:31Z,https://en.wikipedia.org/wiki/385th_Guards_Artillery_Brigade
385th Unmanned Surface Vehicles Brigade,Category:Military units and formations of Ukraine in the Russian invasion of Ukraine,3092,5,,,2026-07-16T06:36:09Z,https://en.wikipedia.org/wiki/385th_Unmanned_Surface_Vehicles_Brigade
38th Anti-aircraft Missile Regiment (Ukraine),Category:Military units and formations of Ukraine in the Russian invasion of Ukraine,3118,2,,,2026-07-28T08:52:34Z,https://en.wikipedia.org/wiki/38th_Anti-aircraft_Missile_Regiment_(Ukraine)
38th Marine Brigade,Category:Military units and formations of Ukraine in the Russian invasion of Ukraine,1114,2,,,2026-07-13T10:17:23Z,https://en.wikipedia.org/wiki/38th_Marine_Brigade
38th Separate Guards Motor Rifle Brigade,Category:Military units and formations of Russia in the Russian invasion of Ukraine,10225,8,,,2026-06-29T13:00:28Z,https://en.wikipedia.org/wiki/38th_Separate_Guards_Motor_Rifle_Brigade
39th Anti-aircraft Missile Regiment (Ukraine),Category:Military units and formations of Ukraine in the Russian invasion of Ukraine,2800,3,,,2026-04-21T00:18:39Z,https://en.wikipedia.org/wiki/39th_Anti-aircraft_Missile_Regiment_(Ukraine)
39th Motorized Infantry Battalion (Ukraine),seed-file:recommended_forces_battles_places.txt,3185,6,,,2026-02-13T02:57:36Z,https://en.wikipedia.org/wiki/39th_Motorized_Infantry_Battalion_(Ukraine)
39th Separate Guards Motor Rifle Brigade,Category:Military units and formations of Russia in the Russian invasion of Ukraine,9586,7,,,2026-08-16T07:43:42Z,https://en.wikipedia.org/wiki/39th_Separate_Guards_Motor_Rifle_Brigade
39th Tactical Aviation Brigade,Category:Military units and formations of Ukraine in the Russian invasion of Ukraine,8442,4,,,2026-08-31T15:09:26Z,https://en.wikipedia.org/wiki/39th_Tactical_Aviation_Brigade
3S-14,Category:Military equipment of the Russian invasion of Ukraine,1207,1,,,2026-09-05T18:45:04Z,https://en.wikipedia.org/wiki/3S-14
3rd Air Assault Battalion (Ukraine),Category:Military units and formations of Ukraine in the Russian invasion of Ukraine,4031,5,,,2026-01-17T13:35:20Z,https://en.wikipedia.org/wiki/3rd_Air_Assault_Battalion_(Ukraine)
3rd Army Corps (Russia),Category:Military units and formations of Russia in the Russian invasion of Ukraine,5855,7,,,2026-02-08T10:30:05Z,https://en.wikipedia.org/wiki/3rd_Army_Corps_(Russia)
3rd Army Corps (Ukraine),Category:Army corps of Ukraine in the Russo-Ukrainian war,3886,5,,,2026-08-28T16:24:41Z,https://en.wikipedia.org/wiki/3rd_Army_Corps_(Ukraine)
3rd Assault Brigade,Category:Military units and formations of Ukraine in the Russian invasion of Ukraine,10157,6,,,2026-08-12T21:01:59Z,https://en.wikipedia.org/wiki/3rd_Assault_Brigade
3rd Battalion International Legion (Ukraine),Category:Military units and formations of Ukraine in the Russian invasion of Ukraine,8636,13,,,2026-09-21T19:30:23Z,https://en.wikipedia.org/wiki/3rd_Battalion_International_Legion_(Ukraine)
3rd Communication Brigade,Category:Military units and formations of Ukraine in the Russian invasion of Ukraine,1081,1,,,2026-06-25T00:46:03Z,https://en.wikipedia.org/wiki/3rd_Communication_Brigade
3rd European Political Community Summit,seed-file:team_DATA_json_titles.txt,7873,15,,,2026-05-26T22:55:05Z,https://en.wikipedia.org/wiki/3rd_European_Political_Community_Summit
3rd Guards Combined Arms Army,Category:Military units and formations of Russia in the Russian invasion of Ukraine,2722,4,,,2026-06-29T12:32:56Z,https://en.wikipedia.org/wiki/3rd_Guards_Combined_Arms_Army
3rd Guards Spetsnaz Brigade,Category:Military units and formations of Russia in the Russian invasion of Ukraine,6978,11,,,2026-07-11T18:44:54Z,https://en.wikipedia.org/wiki/3rd_Guards_Spetsnaz_Brigade
3rd Heavy Mechanized Brigade,Category:Military units and formations of Ukraine in the Russian invasion of Ukraine,1962,3,,,2026-06-25T00:22:07Z,https://en.wikipedia.org/wiki/3rd_Heavy_Mechanized_Brigade
3rd International Infantry Battalion,Category:Military units and formations of Ukraine in the Russian invasion of Ukraine,590,1,,,2026-09-29T12:21:22Z,https://en.wikipedia.org/wiki/3rd_International_Infantry_Battalion
3rd Motor Rifle Division,Category:Military units and formations of Russia in the Russian invasion of Ukraine,3946,5,,,2026-06-29T14:38:24Z,https://en.wikipedia.org/wiki/3rd_Motor_Rifle_Division
3rd Nuclear Power Plant Protection Battalion (Ukraine),Category:Military units and formations of Ukraine in the Russian invasion of Ukraine,1906,3,,,2026-09-20T04:39:20Z,https://en.wikipedia.org/wiki/3rd_Nuclear_Power_Plant_Protection_Battalion_(Ukraine)
3rd Operational Brigade,Category:Military units and formations of Ukraine in the Russian invasion of Ukraine,9646,4,,,2026-06-26T12:07:48Z,https://en.wikipedia.org/wiki/3rd_Operational_Brigade
406th Marine Artillery Brigade (Ukraine),Category:Military units and formations of Ukraine in the Russian invasion of Ukraine,6094,9,,,2026-05-30T05:03:59Z,https://en.wikipedia.org/wiki/406th_Marine_Artillery_Brigade_(Ukraine)
40th Artillery Brigade (Ukraine),Category:Military units and formations of Ukraine in the Russian invasion of Ukraine,804,4,,,2026-08-27T14:14:24Z,https://en.wikipedia.org/wiki/40th_Artillery_Brigade_(Ukraine)
40th Danylo Nechai Regiment (Ukraine),Category:Military units and formations of Ukraine in the Russian invasion of Ukraine,4269,3,,,2026-02-17T14:34:58Z,https://en.wikipedia.org/wiki/40th_Danylo_Nechai_Regiment_(Ukraine)
40th G7 summit,Category:Events affected by the 2014 Russian annexation of Crimea,2551,4,43.6,39.717,2026-08-11T20:45:05Z,https://en.wikipedia.org/wiki/40th_G7_summit
40th Marine Brigade,Category:Military units and formations of Ukraine in the Russian invasion of Ukraine,8183,11,,,2026-07-13T10:17:29Z,https://en.wikipedia.org/wiki/40th_Marine_Brigade
40th Motorized Infantry Battalion (Ukraine),seed-file:recommended_forces_battles_places.txt,4969,8,,,2025-10-21T14:25:09Z,https://en.wikipedia.org/wiki/40th_Motorized_Infantry_Battalion_(Ukraine)
40th Separate Guards Naval Infantry Brigade,Category:Military units and formations of Russia in the Russian invasion of Ukraine,5653,8,,,2026-08-13T02:15:42Z,https://en.wikipedia.org/wiki/40th_Separate_Guards_Naval_Infantry_Brigade
40th Tactical Aviation Brigade,Category:Military units and formations of Ukraine in the Russian invasion of Ukraine,1665,5,,,2026-04-20T23:55:09Z,https://en.wikipedia.org/wiki/40th_Tactical_Aviation_Brigade
411th Unmanned Systems Brigade (Ukraine),Category:Military units and formations of Ukraine in the Russian invasion of Ukraine,6232,11,,,2026-07-06T09:50:08Z,https://en.wikipedia.org/wiki/411th_Unmanned_Systems_Brigade_(Ukraine)
412th Unmanned Systems Brigade,Category:Military units and formations of Ukraine in the Russian invasion of Ukraine,3031,6,,,2026-08-17T07:19:17Z,https://en.wikipedia.org/wiki/412th_Unmanned_Systems_Brigade
413th Regiment of Unmanned Systems,Category:Military units and formations of Ukraine in the Russian invasion of Ukraine,2524,3,,,2026-07-18T16:53:03Z,https://en.wikipedia.org/wiki/413th_Regiment_of_Unmanned_Systems
419th Unmanned Systems Battalion (Ukraine),Category:Military units and formations of Ukraine in the Russian invasion of Ukraine,1018,3,,,2026-02-05T20:51:26Z,https://en.wikipedia.org/wiki/419th_Unmanned_Systems_Battalion_(Ukraine)
41st Mechanized Brigade,Category:Military units and formations of Ukraine in the Russian invasion of Ukraine,725,1,,,2026-09-10T13:32:54Z,https://en.wikipedia.org/wiki/41st_Mechanized_Brigade
420th Unmanned Systems Battalion (Ukraine),Category:Military units and formations of Ukraine in the Russian invasion of Ukraine,3727,3,,,2025-11-13T00:21:03Z,https://en.wikipedia.org/wiki/420th_Unmanned_Systems_Battalion_(Ukraine)
421st Unmanned Systems Battalion (Ukraine),Category:Military units and formations of Ukraine in the Russian invasion of Ukraine,1466,3,,,2026-07-29T15:22:32Z,https://en.wikipedia.org/wiki/421st_Unmanned_Systems_Battalion_(Ukraine)
422nd Unmanned Systems Regiment (Ukraine),Category:Military units and formations of Ukraine in the Russian invasion of Ukraine,4322,4,,,2026-08-11T12:10:48Z,https://en.wikipedia.org/wiki/422nd_Unmanned_Systems_Regiment_(Ukraine)
423rd Unmanned Systems Battalion (Ukraine),Category:Military units and formations of Ukraine in the Russian invasion of Ukraine,1130,2,,,2026-07-14T02:55:43Z,https://en.wikipedia.org/wiki/423rd_Unmanned_Systems_Battalion_(Ukraine)
424th Unmanned Systems Battalion (Ukraine),Category:Military units and formations of Ukraine in the Russian invasion of Ukraine,815,1,,,2026-07-05T18:50:06Z,https://en.wikipedia.org/wiki/424th_Unmanned_Systems_Battalion_(Ukraine)
425th Assault Regiment (Ukraine),Category:Military units and formations of Ukraine in the Russian invasion of Ukraine,5703,4,,,2026-09-10T09:02:05Z,https://en.wikipedia.org/wiki/425th_Assault_Regiment_(Ukraine)
425th Unmanned Systems Regiment (Ukraine),Category:Military units and formations of Ukraine in the Russian invasion of Ukraine,1678,5,,,2026-06-26T12:08:28Z,https://en.wikipedia.org/wiki/425th_Unmanned_Systems_Regiment_(Ukraine)
426th Unmanned Systems Regiment (Ukraine),Category:Military units and formations of Ukraine in the Russian invasion of Ukraine,1476,3,,,2026-08-04T12:50:51Z,https://en.wikipedia.org/wiki/426th_Unmanned_Systems_Regiment_(Ukraine)
427th Unmanned Systems Brigade (Ukraine),Category:Military units and formations of Ukraine in the Russian invasion of Ukraine,3009,3,,,2026-07-21T01:57:24Z,https://en.wikipedia.org/wiki/427th_Unmanned_Systems_Brigade_(Ukraine)
429th Unmanned Systems Brigade (Ukraine),Category:Military units and formations of Ukraine in the Russian invasion of Ukraine,9380,3,,,2026-08-16T05:12:52Z,https://en.wikipedia.org/wiki/429th_Unmanned_Systems_Brigade_(Ukraine)
42nd Guards Motor Rifle Division,Category:Military units and formations of Russia in the Russian invasion of Ukraine,6987,4,,,2026-06-29T12:36:07Z,https://en.wikipedia.org/wiki/42nd_Guards_Motor_Rifle_Division
42nd Mechanized Brigade,Category:Military units and formations of Ukraine in the Russian invasion of Ukraine,2396,4,,,2026-07-04T02:43:46Z,https://en.wikipedia.org/wiki/42nd_Mechanized_Brigade
42nd Motorized Infantry Battalion (Ukraine),seed-file:recommended_forces_battles_places.txt,1142,2,,,2026-06-29T19:54:49Z,https://en.wikipedia.org/wiki/42nd_Motorized_Infantry_Battalion_(Ukraine)
43rd Artillery Brigade (Ukraine),Category:Military units and formations of Ukraine in the Russian invasion of Ukraine,1013,5,,,2025-08-22T17:35:15Z,https://en.wikipedia.org/wiki/43rd_Artillery_Brigade_(Ukraine)
43rd Communications Regiment (Ukraine),Category:Military units and formations of Ukraine in the Russian invasion of Ukraine,1460,2,,,2026-06-24T20:46:24Z,https://en.wikipedia.org/wiki/43rd_Communications_Regiment_(Ukraine)
43rd Mechanized Brigade (Ukraine),Category:Military units and formations of Ukraine in the Russian invasion of Ukraine,1285,3,,,2026-03-02T23:13:42Z,https://en.wikipedia.org/wiki/43rd_Mechanized_Brigade_(Ukraine)
448th Rocket Brigade,Category:Military units and formations of Russia in the Russian invasion of Ukraine,1122,1,,,2026-06-29T14:39:03Z,https://en.wikipedia.org/wiki/448th_Rocket_Brigade
44th Army Corps (Russian Federation),Category:Military units and formations of Russia in the Russian invasion of Ukraine,1146,2,,,2026-03-04T20:58:24Z,https://en.wikipedia.org/wiki/44th_Army_Corps_(Russian_Federation)
44th Artillery Brigade (Ukraine),Category:Military units and formations of Ukraine in the Russian invasion of Ukraine,3257,5,,,2025-09-12T08:04:43Z,https://en.wikipedia.org/wiki/44th_Artillery_Brigade_(Ukraine)
44th Mechanized Brigade,Category:Military units and formations of Ukraine in the Russian invasion of Ukraine,3553,2,,,2026-08-25T17:31:25Z,https://en.wikipedia.org/wiki/44th_Mechanized_Brigade
45th Artillery Brigade (Ukraine),Category:Military units and formations of Ukraine in the Russian invasion of Ukraine,5899,5,,,2026-08-26T15:24:07Z,https://en.wikipedia.org/wiki/45th_Artillery_Brigade_(Ukraine)
45th Guards Spetsnaz Brigade,Category:Military units and formations of Russia in the Russian invasion of Ukraine,9424,9,,,2026-05-14T11:09:21Z,https://en.wikipedia.org/wiki/45th_Guards_Spetsnaz_Brigade
45th Operational Regiment (Ukraine),Category:Military units and formations of Ukraine in the Russian invasion of Ukraine,3537,3,,,2026-08-13T13:05:47Z,https://en.wikipedia.org/wiki/45th_Operational_Regiment_(Ukraine)
46th Airmobile Brigade,Category:Military units and formations of Ukraine in the Russian invasion of Ukraine,2669,1,,,2026-07-04T03:52:36Z,https://en.wikipedia.org/wiki/46th_Airmobile_Brigade
47th Artillery Brigade,Category:Military units and formations of Ukraine in the Russian invasion of Ukraine,2178,3,,,2026-08-26T15:18:16Z,https://en.wikipedia.org/wiki/47th_Artillery_Brigade
47th Mechanized Brigade,Category:Military units and formations of Ukraine in the Russian invasion of Ukraine,9902,8,,,2026-08-22T01:12:26Z,https://en.wikipedia.org/wiki/47th_Mechanized_Brigade
47th Tank Division (Russia),Category:Military units and formations of Russia in the Russian invasion of Ukraine,5684,6,,,2026-06-29T14:36:40Z,https://en.wikipedia.org/wiki/47th_Tank_Division_(Russia)
48th Artillery Brigade,Category:Military units and formations of Ukraine in the Russian invasion of Ukraine,2423,2,,,2026-08-26T15:23:15Z,https://en.wikipedia.org/wiki/48th_Artillery_Brigade
49th Anti-Aircraft Missile Brigade,Category:Military units and formations of Russia in the Russian invasion of Ukraine,3501,2,,,2026-06-29T14:37:12Z,https://en.wikipedia.org/wiki/49th_Anti-Aircraft_Missile_Brigade
49th Artillery Brigade (Ukraine),Category:Military units and formations of Ukraine in the Russian invasion of Ukraine,1297,3,,,2026-08-26T15:24:47Z,https://en.wikipedia.org/wiki/49th_Artillery_Brigade_(Ukraine)
49th Assault Battalion (Ukraine),Category:Military units and formations of Ukraine in the Russian invasion of Ukraine,3251,4,,,2026-08-17T15:11:09Z,https://en.wikipedia.org/wiki/49th_Assault_Battalion_(Ukraine)
4th Battalion International Legion (Ukraine),Category:Military units and formations of Ukraine in the Russian invasion of Ukraine,4601,6,,,2026-01-01T06:48:48Z,https://en.wikipedia.org/wiki/4th_Battalion_International_Legion_(Ukraine)
4th Guards Tank Division,Category:Military units and formations of Russia in the Russian invasion of Ukraine,15083,13,,,2026-09-09T17:26:56Z,https://en.wikipedia.org/wiki/4th_Guards_Tank_Division
4th Heavy Mechanized Brigade,Category:Military units and formations of Ukraine in the Russian invasion of Ukraine,1651,2,,,2026-08-10T17:58:18Z,https://en.wikipedia.org/wiki/4th_Heavy_Mechanized_Brigade
4th Kruk Battalion (Ukraine),Category:Military units and formations of Ukraine in the Russian invasion of Ukraine,4006,3,,,2026-09-19T20:39:23Z,https://en.wikipedia.org/wiki/4th_Kruk_Battalion_(Ukraine)
4th Nuclear Power Plant Protection Battalion (Ukraine),Category:Military units and formations of Ukraine in the Russian invasion of Ukraine,2453,3,,,2026-01-29T02:57:35Z,https://en.wikipedia.org/wiki/4th_Nuclear_Power_Plant_Protection_Battalion_(Ukraine)
4th Separate Guards Motor Rifle Brigade,Category:Military units and formations of Russia in the Russian invasion of Ukraine,2305,2,,,2026-09-16T19:00:47Z,https://en.wikipedia.org/wiki/4th_Separate_Guards_Motor_Rifle_Brigade
4th State Objects Protection Regiment (Ukraine),Category:Military units and formations of Ukraine in the Russian invasion of Ukraine,3615,4,,,2026-08-14T11:42:57Z,https://en.wikipedia.org/wiki/4th_State_Objects_Protection_Regiment_(Ukraine)
501st Separate Naval Infantry Battalion,Category:Military units and formations of Ukraine in the Russian invasion of Ukraine,5548,4,,,2026-06-18T06:43:16Z,https://en.wikipedia.org/wiki/501st_Separate_Naval_Infantry_Battalion
502nd Electronic Warfare Regiment,Category:Military units and formations of Ukraine in the Russian invasion of Ukraine,1301,2,,,2026-05-21T01:15:09Z,https://en.wikipedia.org/wiki/502nd_Electronic_Warfare_Regiment
503rd Marine Battalion (Ukraine),Category:Military units and formations of Ukraine in the Russian invasion of Ukraine,9785,5,,,2026-08-13T03:20:40Z,https://en.wikipedia.org/wiki/503rd_Marine_Battalion_(Ukraine)
505th Marine Battalion (Ukraine),Category:Military units and formations of Ukraine in the Russian invasion of Ukraine,7443,9,,,2026-01-17T13:34:34Z,https://en.wikipedia.org/wiki/505th_Marine_Battalion_(Ukraine)
50th Vysochan Regiment (Ukraine),Category:Military units and formations of Ukraine in the Russian invasion of Ukraine,3717,4,,,2026-03-07T19:18:38Z,https://en.wikipedia.org/wiki/50th_Vysochan_Regiment_(Ukraine)
51st Guards Combined Arms Army,Category:Military units and formations of Russia in the Russian invasion of Ukraine,3463,5,,,2026-08-30T19:06:05Z,https://en.wikipedia.org/wiki/51st_Guards_Combined_Arms_Army
52nd Reconnaissance Battalion (Ukraine),Category:Military units and formations of Ukraine in the Russian invasion of Ukraine,881,1,,,2026-05-26T15:53:17Z,https://en.wikipedia.org/wiki/52nd_Reconnaissance_Battalion_(Ukraine)
53rd Anti-Aircraft Missile Brigade,Category:Military units and formations of Russia in the Russian invasion of Ukraine,3821,6,,,2026-06-29T14:38:58Z,https://en.wikipedia.org/wiki/53rd_Anti-Aircraft_Missile_Brigade
53rd Mechanized Brigade,Category:Military units and formations of Ukraine in the Russian invasion of Ukraine,2736,1,,,2026-08-28T15:43:16Z,https://en.wikipedia.org/wiki/53rd_Mechanized_Brigade
53rd Reconnaissance Battalion (Ukraine),Category:Military units and formations of Ukraine in the Russian invasion of Ukraine,3066,2,,,2026-01-17T13:28:00Z,https://en.wikipedia.org/wiki/53rd_Reconnaissance_Battalion_(Ukraine)
540th Anti-aircraft Missile Brigade (Ukraine),Category:Military units and formations of Ukraine in the Russian invasion of Ukraine,2752,6,,,2026-08-13T03:17:11Z,https://en.wikipedia.org/wiki/540th_Anti-aircraft_Missile_Brigade_(Ukraine)
54th Mechanized Brigade,Category:Military units and formations of Ukraine in the Russian invasion of Ukraine,4105,3,,,2026-07-04T06:49:49Z,https://en.wikipedia.org/wiki/54th_Mechanized_Brigade
54th Reconnaissance Battalion (Ukraine),Category:Military units and formations of Ukraine in the Russian invasion of Ukraine,4961,3,,,2026-09-27T03:37:44Z,https://en.wikipedia.org/wiki/54th_Reconnaissance_Battalion_(Ukraine)
55th Artillery Brigade (Ukraine),Category:Military units and formations of Ukraine in the Russian invasion of Ukraine,1474,5,,,2026-03-26T12:21:20Z,https://en.wikipedia.org/wiki/55th_Artillery_Brigade_(Ukraine)
55th Communications Regiment (Ukraine),Category:Military units and formations of Ukraine in the Russian invasion of Ukraine,6502,3,,,2026-04-02T09:11:54Z,https://en.wikipedia.org/wiki/55th_Communications_Regiment_(Ukraine)
55th Guards Naval Infantry Division,Category:Military units and formations of Russia in the Russian invasion of Ukraine,7647,5,,,2026-07-14T22:52:08Z,https://en.wikipedia.org/wiki/55th_Guards_Naval_Infantry_Division
55th Mountain Motor Rifle Brigade,Category:Military units and formations of Russia in the Russian invasion of Ukraine,2257,2,,,2025-05-06T19:29:05Z,https://en.wikipedia.org/wiki/55th_Mountain_Motor_Rifle_Brigade
56th Guards Air Assault Regiment,Category:Military units and formations of Russia in the Russian invasion of Ukraine,23444,10,,,2025-12-12T14:22:36Z,https://en.wikipedia.org/wiki/56th_Guards_Air_Assault_Regiment
56th Motorized Brigade (Ukraine),Category:Military units and formations of Ukraine in the Russian invasion of Ukraine,1204,1,,,2025-09-12T09:11:23Z,https://en.wikipedia.org/wiki/56th_Motorized_Brigade_(Ukraine)
57th Communications Regiment (Ukraine),Category:Military units and formations of Ukraine in the Russian invasion of Ukraine,958,2,,,2026-08-22T19:44:36Z,https://en.wikipedia.org/wiki/57th_Communications_Regiment_(Ukraine)
57th Motorized Brigade,Category:Military units and formations of Ukraine in the Russian invasion of Ukraine,1824,1,,,2026-07-26T21:06:38Z,https://en.wikipedia.org/wiki/57th_Motorized_Brigade
57th Separate Guards Motor Rifle Brigade,Category:Military units and formations of Russia in the Russian invasion of Ukraine,2061,2,,,2026-07-05T02:13:45Z,https://en.wikipedia.org/wiki/57th_Separate_Guards_Motor_Rifle_Brigade
58th Motorized Brigade,Category:Military units and formations of Ukraine in the Russian invasion of Ukraine,604,2,,,2026-08-10T17:42:17Z,https://en.wikipedia.org/wiki/58th_Motorized_Brigade
58th Munich Security Conference,Category:Russo-Ukrainian war peace process,3849,3,,,2026-07-14T14:09:55Z,https://en.wikipedia.org/wiki/58th_Munich_Security_Conference
59th Assault Brigade,seed-file:recommended_forces_battles_places.txt,5538,5,,,2026-08-16T23:20:04Z,https://en.wikipedia.org/wiki/59th_Assault_Brigade
59th Munich Security Conference,Category:Russo-Ukrainian war peace process,4313,3,,,2026-07-17T20:45:40Z,https://en.wikipedia.org/wiki/59th_Munich_Security_Conference
5th Assault Brigade,Category:Military units and formations of Ukraine in the Russian invasion of Ukraine,986,2,,,2025-12-19T16:15:38Z,https://en.wikipedia.org/wiki/5th_Assault_Brigade
5th Battalion Tactical Group (Ukraine),Category:Military units and formations of Ukraine in the Russian invasion of Ukraine,1591,2,,,2025-01-16T18:29:01Z,https://en.wikipedia.org/wiki/5th_Battalion_Tactical_Group_(Ukraine)
5th Communications Regiment (Ukraine),Category:Military units and formations of Ukraine in the Russian invasion of Ukraine,2252,3,,,2025-04-24T18:27:33Z,https://en.wikipedia.org/wiki/5th_Communications_Regiment_(Ukraine)
5th Heavy Mechanized Brigade,Category:Military units and formations of Ukraine in the Russian invasion of Ukraine,1748,6,,,2026-09-01T11:49:15Z,https://en.wikipedia.org/wiki/5th_Heavy_Mechanized_Brigade
5th Slobozhanska Brigade,Category:Military units and formations of Ukraine in the Russian invasion of Ukraine,2724,3,,,2026-06-26T01:05:17Z,https://en.wikipedia.org/wiki/5th_Slobozhanska_Brigade
6 March 2024 Odesa strike,seed-file:team_DATA_json_titles.txt,2398,3,,,2026-06-21T17:47:00Z,https://en.wikipedia.org/wiki/6_March_2024_Odesa_strike
60th Artillery Brigade (Ukraine),seed-file:recommended_forces_battles_places.txt,381,2,,,2026-06-01T13:40:03Z,https://en.wikipedia.org/wiki/60th_Artillery_Brigade_(Ukraine)
60th Mechanized Brigade,Category:Military units and formations of Ukraine in the Russian invasion of Ukraine,3923,6,,,2026-08-09T06:53:02Z,https://en.wikipedia.org/wiki/60th_Mechanized_Brigade
60th Motor Rifle Brigade,Category:Military units and formations of Russia in the Russian invasion of Ukraine,1687,1,,,2026-07-04T23:36:38Z,https://en.wikipedia.org/wiki/60th_Motor_Rifle_Brigade
60th Munich Security Conference,Category:Russo-Ukrainian war peace process,3860,2,,,2026-07-29T02:07:22Z,https://en.wikipedia.org/wiki/60th_Munich_Security_Conference
60th Separate Guards Motor Rifle Battalion,seed-file:recommended_forces_battles_places.txt,4725,8,,,2026-08-30T18:38:03Z,https://en.wikipedia.org/wiki/60th_Separate_Guards_Motor_Rifle_Battalion
61st Mechanized Brigade (Ukraine),Category:Military units and formations of Ukraine in the Russian invasion of Ukraine,3181,2,,,2026-04-10T14:32:04Z,https://en.wikipedia.org/wiki/61st_Mechanized_Brigade_(Ukraine)
61st Munich Security Conference,Category:Russo-Ukrainian war peace process,6245,5,,,2026-09-25T13:37:28Z,https://en.wikipedia.org/wiki/61st_Munich_Security_Conference
61st Separate Guards Naval Infantry Brigade,Category:Military units and formations of Russia in the Russian invasion of Ukraine,4117,3,,,2026-06-01T18:52:00Z,https://en.wikipedia.org/wiki/61st_Separate_Guards_Naval_Infantry_Brigade
62nd Mechanized Brigade,seed-file:recommended_forces_battles_places.txt,2143,2,,,2026-09-26T19:18:49Z,https://en.wikipedia.org/wiki/62nd_Mechanized_Brigade
63rd Mechanized Brigade,Category:Military units and formations of Ukraine in the Russian invasion of Ukraine,1332,1,,,2026-08-29T16:43:38Z,https://en.wikipedia.org/wiki/63rd_Mechanized_Brigade
64th Annual Grammy Awards,Category:Russian invasion of Ukraine in popular culture,58949,41,,,2026-09-13T12:06:53Z,https://en.wikipedia.org/wiki/64th_Annual_Grammy_Awards
64th Separate Guards Motor Rifle Brigade,Category:Military units and formations of Russia in the Russian invasion of Ukraine,5272,4,,,2026-07-14T03:09:03Z,https://en.wikipedia.org/wiki/64th_Separate_Guards_Motor_Rifle_Brigade
65th Mechanized Brigade,seed-file:recommended_forces_battles_places.txt,2169,2,,,2026-07-05T00:58:31Z,https://en.wikipedia.org/wiki/65th_Mechanized_Brigade
66th Mechanized Brigade,Category:Military units and formations of Ukraine in the Russian invasion of Ukraine,853,1,,,2026-08-09T06:53:10Z,https://en.wikipedia.org/wiki/66th_Mechanized_Brigade
67th Mechanized Brigade,Category:Military units and formations of Ukraine in the Russian invasion of Ukraine,3527,3,,,2026-07-05T05:00:28Z,https://en.wikipedia.org/wiki/67th_Mechanized_Brigade
68th Airmobile Brigade,Category:Military units and formations of Ukraine in the Russian invasion of Ukraine,1448,3,,,2026-07-05T05:17:41Z,https://en.wikipedia.org/wiki/68th_Airmobile_Brigade
68th Artillery Brigade (Ukraine),seed-file:recommended_forces_battles_places.txt,394,2,,,2026-08-30T12:46:01Z,https://en.wikipedia.org/wiki/68th_Artillery_Brigade_(Ukraine)
68th Guards Motor Rifle Division,Category:Military units and formations of Russia in the Russian invasion of Ukraine,7961,5,,,2026-06-29T14:37:46Z,https://en.wikipedia.org/wiki/68th_Guards_Motor_Rifle_Division
69th Covering Brigade,Category:Military units and formations of Russia in the Russian invasion of Ukraine,5924,4,,,2026-07-05T05:28:28Z,https://en.wikipedia.org/wiki/69th_Covering_Brigade
69th Guards Motor Rifle Division,Category:Military units and formations of Russia in the Russian invasion of Ukraine,8748,8,,,2026-09-30T03:25:53Z,https://en.wikipedia.org/wiki/69th_Guards_Motor_Rifle_Division
69th Guards Rifle Division,Category:Military units and formations of Russia in the Russian invasion of Ukraine,28296,11,,,2025-08-19T22:26:57Z,https://en.wikipedia.org/wiki/69th_Guards_Rifle_Division
6th Motor Rifle Division,Category:Military units and formations of Russia in the Russian invasion of Ukraine,793,2,,,2026-09-13T19:59:03Z,https://en.wikipedia.org/wiki/6th_Motor_Rifle_Division
6th Separate Guards Cossack Motor Rifle Brigade,Category:Military units and formations of Russia in the Russian invasion of Ukraine,1258,2,,,2026-09-30T18:19:27Z,https://en.wikipedia.org/wiki/6th_Separate_Guards_Cossack_Motor_Rifle_Brigade
6th Special Operations Detachment (Ukraine),Category:Military units and formations of Ukraine in the Russian invasion of Ukraine,1107,2,,,2026-07-07T22:06:04Z,https://en.wikipedia.org/wiki/6th_Special_Operations_Detachment_(Ukraine)
7 March 2022 Mykolaiv military barracks attack,seed-file:team_DATA_json_titles.txt,1567,3,,,2026-08-08T03:56:17Z,https://en.wikipedia.org/wiki/7_March_2022_Mykolaiv_military_barracks_attack
704th CBRN Protection Brigade (Ukraine),Category:Military units and formations of Ukraine in the Russian invasion of Ukraine,2051,4,,,2026-05-15T17:20:15Z,https://en.wikipedia.org/wiki/704th_CBRN_Protection_Brigade_(Ukraine)
70th Motor Rifle Division,Category:Military units and formations of Russia in the Russian invasion of Ukraine,1079,2,,,2026-05-31T16:09:19Z,https://en.wikipedia.org/wiki/70th_Motor_Rifle_Division
710th Guard Brigade (Ukraine),Category:Military units and formations of Ukraine in the Russian invasion of Ukraine,5275,2,,,2026-05-17T18:06:42Z,https://en.wikipedia.org/wiki/710th_Guard_Brigade_(Ukraine)
711th Demining Brigade (Ukraine),Category:Military units and formations of Ukraine in the Russian invasion of Ukraine,3978,2,,,2026-02-06T21:36:43Z,https://en.wikipedia.org/wiki/711th_Demining_Brigade_(Ukraine)
71st Airmobile Brigade (Ukraine),Category:Military units and formations of Ukraine in the Russian invasion of Ukraine,1984,3,,,2026-03-04T22:35:43Z,https://en.wikipedia.org/wiki/71st_Airmobile_Brigade_(Ukraine)
71st Guards Motor Rifle Division,Category:Military units and formations of Russia in the Russian invasion of Ukraine,9488,9,,,2026-08-04T07:07:25Z,https://en.wikipedia.org/wiki/71st_Guards_Motor_Rifle_Division
72nd Mechanized Brigade,Category:Military units and formations of Ukraine in the Russian invasion of Ukraine,18428,13,,,2026-07-22T21:16:57Z,https://en.wikipedia.org/wiki/72nd_Mechanized_Brigade
72nd Motor Rifle Division,Category:Military units and formations of Russia in the Russian invasion of Ukraine,4759,2,,,2026-04-28T19:09:24Z,https://en.wikipedia.org/wiki/72nd_Motor_Rifle_Division
72nd Psychological and Information Warfare Center (Ukraine),Category:Propaganda in Ukraine related to the Russian invasion of Ukraine,2904,4,,,2026-01-17T13:32:17Z,https://en.wikipedia.org/wiki/72nd_Psychological_and_Information_Warfare_Center_(Ukraine)
72nd Separate Motor Rifle Brigade,Category:Military units and formations of Russia in the Russian invasion of Ukraine,2378,4,,,2026-02-08T10:29:16Z,https://en.wikipedia.org/wiki/72nd_Separate_Motor_Rifle_Brigade
74th Psychological and Information Warfare Center (Ukraine),Category:Military units and formations of Ukraine in the Russian invasion of Ukraine,2554,2,,,2026-06-07T09:59:23Z,https://en.wikipedia.org/wiki/74th_Psychological_and_Information_Warfare_Center_(Ukraine)
74th Reconnaissance Battalion (Ukraine),Category:Military units and formations of Ukraine in the Russian invasion of Ukraine,6650,4,,,2026-01-17T13:21:25Z,https://en.wikipedia.org/wiki/74th_Reconnaissance_Battalion_(Ukraine)
74th Separate Guards Motor Rifle Brigade,Category:Military units and formations of Russia in the Russian invasion of Ukraine,7337,8,,,2026-08-22T17:35:57Z,https://en.wikipedia.org/wiki/74th_Separate_Guards_Motor_Rifle_Brigade
756th Guard Brigade (Ukraine),Category:Military units and formations of Ukraine in the Russian invasion of Ukraine,1581,1,,,2025-11-01T01:30:56Z,https://en.wikipedia.org/wiki/756th_Guard_Brigade_(Ukraine)
75th Zhytomyr Battalion (Ukraine),Category:Military units and formations of Ukraine in the Russian invasion of Ukraine,3354,4,,,2025-02-03T20:53:35Z,https://en.wikipedia.org/wiki/75th_Zhytomyr_Battalion_(Ukraine)
762nd Guard Brigade (Ukraine),Category:Military units and formations of Ukraine in the Russian invasion of Ukraine,1931,1,,,2025-10-15T20:35:11Z,https://en.wikipedia.org/wiki/762nd_Guard_Brigade_(Ukraine)
76th Communications Regiment,Category:Military units and formations of Ukraine in the Russian invasion of Ukraine,2729,4,,,2026-05-14T02:22:59Z,https://en.wikipedia.org/wiki/76th_Communications_Regiment
76th Guards Air Assault Division,Category:Military units and formations of Russia in the Russian invasion of Ukraine,12094,9,,,2026-06-18T02:00:28Z,https://en.wikipedia.org/wiki/76th_Guards_Air_Assault_Division
76th Mechanized Brigade,Category:Military units and formations of Ukraine in the Russian invasion of Ukraine,1433,2,,,2026-08-07T21:51:38Z,https://en.wikipedia.org/wiki/76th_Mechanized_Brigade
77th Airmobile Brigade,Category:Military units and formations of Ukraine in the Russian invasion of Ukraine,2846,5,,,2026-07-05T06:43:54Z,https://en.wikipedia.org/wiki/77th_Airmobile_Brigade
783rd Operational Preparation Brigade (Ukraine),Category:Military units and formations of Ukraine in the Russian invasion of Ukraine,2928,1,,,2026-03-24T17:28:09Z,https://en.wikipedia.org/wiki/783rd_Operational_Preparation_Brigade_(Ukraine)
78th Airborne Assault Brigade,Category:Military units and formations of Ukraine in the Russian invasion of Ukraine,3763,4,,,2026-07-05T06:51:56Z,https://en.wikipedia.org/wiki/78th_Airborne_Assault_Brigade
79th Air Assault Brigade,Category:Military units and formations of Ukraine in the Russian invasion of Ukraine,8165,8,,,2026-09-22T11:24:31Z,https://en.wikipedia.org/wiki/79th_Air_Assault_Brigade
7th Anti-Aircraft Divizion,Category:Military units and formations of Ukraine in the Russian invasion of Ukraine,601,1,,,2026-09-13T21:44:27Z,https://en.wikipedia.org/wiki/7th_Anti-Aircraft_Divizion
7th Communications Regiment (Ukraine),Category:Military units and formations of Ukraine in the Russian invasion of Ukraine,1361,3,,,2025-03-29T15:49:05Z,https://en.wikipedia.org/wiki/7th_Communications_Regiment_(Ukraine)
7th Guards Mountain Air Assault Division,Category:Military units and formations of Russia in the Russian invasion of Ukraine,12788,9,,,2026-08-05T01:52:37Z,https://en.wikipedia.org/wiki/7th_Guards_Mountain_Air_Assault_Division
7th Rapid Response Corps (Ukraine),Category:Army corps of Ukraine in the Russo-Ukrainian war,6536,6,,,2026-09-01T15:55:16Z,https://en.wikipedia.org/wiki/7th_Rapid_Response_Corps_(Ukraine)
7th Separate Guards Motor Rifle Brigade,Category:Military units and formations of Russia in the Russian invasion of Ukraine,1800,3,,,2026-02-04T08:55:08Z,https://en.wikipedia.org/wiki/7th_Separate_Guards_Motor_Rifle_Brigade
7th Separate Guards Motor Rifle Regiment (Russia),Category:Military units and formations of Russia in the Russian invasion of Ukraine,5583,1,,,2025-07-28T17:20:29Z,https://en.wikipedia.org/wiki/7th_Separate_Guards_Motor_Rifle_Regiment_(Russia)
7th Special Purpose Brigade,Category:Military units and formations of Ukraine in the Russian invasion of Ukraine,967,3,,,2026-06-28T01:46:48Z,https://en.wikipedia.org/wiki/7th_Special_Purpose_Brigade
8 July 2024 Russian strikes on Ukraine,Category:War crimes during the Russian invasion of Ukraine,9510,12,,,2026-08-30T12:05:27Z,https://en.wikipedia.org/wiki/8_July_2024_Russian_strikes_on_Ukraine
80th Air Assault Brigade,Category:Military units and formations of Ukraine in the Russian invasion of Ukraine,14129,12,,,2026-07-05T07:05:21Z,https://en.wikipedia.org/wiki/80th_Air_Assault_Brigade
80th Arctic Motor Rifle Brigade,Category:Military units and formations of Russia in the Russian invasion of Ukraine,2999,5,,,2025-07-23T14:10:41Z,https://en.wikipedia.org/wiki/80th_Arctic_Motor_Rifle_Brigade
81st Airmobile Brigade,Category:Military units and formations of Ukraine in the Russian invasion of Ukraine,5185,6,,,2026-07-05T07:13:19Z,https://en.wikipedia.org/wiki/81st_Airmobile_Brigade
81st Special Forces Brigade,Category:Military units and formations of Russia in the Russian invasion of Ukraine,1800,1,,,2026-09-14T06:45:13Z,https://en.wikipedia.org/wiki/81st_Special_Forces_Brigade
82nd Air Assault Brigade,Category:Military units and formations of Ukraine in the Russian invasion of Ukraine,3930,2,,,2026-07-05T07:40:48Z,https://en.wikipedia.org/wiki/82nd_Air_Assault_Brigade
831st Tactical Aviation Brigade,Category:Military units and formations of Ukraine in the Russian invasion of Ukraine,7284,7,,,2026-04-02T22:29:16Z,https://en.wikipedia.org/wiki/831st_Tactical_Aviation_Brigade
83rd Psychological and Information Warfare Center (Ukraine),Category:Military units and formations of Ukraine in the Russian invasion of Ukraine,2613,4,,,2026-01-29T14:31:50Z,https://en.wikipedia.org/wiki/83rd_Psychological_and_Information_Warfare_Center_(Ukraine)
88th Marine Air Assault Battalion (Ukraine),Category:Military units and formations of Ukraine in the Russian invasion of Ukraine,4043,4,,,2026-01-17T13:34:13Z,https://en.wikipedia.org/wiki/88th_Marine_Air_Assault_Battalion_(Ukraine)
8th Air Assault Corps (Ukraine),Category:Army corps of Ukraine in the Russo-Ukrainian war,328,3,,,2026-03-22T21:19:17Z,https://en.wikipedia.org/wiki/8th_Air_Assault_Corps_(Ukraine)
9 March 2022 Mariupol Hospital 3 attack,Category:War crimes during the Russian invasion of Ukraine,9018,10,47.09645,37.53373,2026-08-29T20:18:21Z,https://en.wikipedia.org/wiki/9_March_2022_Mariupol_Hospital_3_attack
90th Airmobile Battalion (Ukraine),Category:Military units and formations of Ukraine in the Russian invasion of Ukraine,8481,4,,,2025-04-11T13:13:13Z,https://en.wikipedia.org/wiki/90th_Airmobile_Battalion_(Ukraine)
90th Guards Tank Division (2016–present),Category:Military units and formations of Russia in the Russian invasion of Ukraine,3847,3,,,2026-07-04T13:20:00Z,https://en.wikipedia.org/wiki/90th_Guards_Tank_Division_(2016%E2%80%93present)
92nd Assault Brigade,Category:Military units and formations of Ukraine in the Russian invasion of Ukraine,10557,11,,,2026-08-11T00:28:35Z,https://en.wikipedia.org/wiki/92nd_Assault_Brigade
93rd Mechanized Brigade,Category:Military units and formations of Ukraine in the Russian invasion of Ukraine,13248,14,,,2026-09-23T22:09:48Z,https://en.wikipedia.org/wiki/93rd_Mechanized_Brigade
95th Air Assault Brigade,Category:Military units and formations of Ukraine in the Russian invasion of Ukraine,7529,6,,,2026-07-06T00:49:25Z,https://en.wikipedia.org/wiki/95th_Air_Assault_Brigade
96th Anti-aircraft Missile Brigade,Category:Military units and formations of Ukraine in the Russian invasion of Ukraine,2491,3,,,2026-07-22T03:04:00Z,https://en.wikipedia.org/wiki/96th_Anti-aircraft_Missile_Brigade
96th Reconnaissance Brigade,Category:Military units and formations of Russia in the Russian invasion of Ukraine,1315,2,,,2026-07-11T09:01:11Z,https://en.wikipedia.org/wiki/96th_Reconnaissance_Brigade
98th Guards Airborne Division,Category:Military units and formations of Russia in the Russian invasion of Ukraine,9694,7,,,2026-02-14T04:12:02Z,https://en.wikipedia.org/wiki/98th_Guards_Airborne_Division
98th Territorial Defence Battalion 'Azov-Dnipro',Category:Military units and formations of Russia in the Russian invasion of Ukraine,812,2,,,2025-12-03T13:46:46Z,https://en.wikipedia.org/wiki/98th_Territorial_Defence_Battalion_%27Azov-Dnipro%27
9th Army Corps (Ukraine),Category:Army corps of Ukraine in the Russo-Ukrainian war,1139,3,,,2026-04-13T11:30:54Z,https://en.wikipedia.org/wiki/9th_Army_Corps_(Ukraine)
9th Unmanned Systems Brigade,Category:Military units and formations of Ukraine in the Russian invasion of Ukraine,10293,3,,,2026-09-29T02:35:04Z,https://en.wikipedia.org/wiki/9th_Unmanned_Systems_Brigade
A Rising Fury,seed-file:team_DATA_json_titles.txt,5030,11,,,2026-08-25T03:54:26Z,https://en.wikipedia.org/wiki/A_Rising_Fury
ANNA News,Category:War in Donbas,4050,4,,,2026-09-01T15:58:09Z,https://en.wikipedia.org/wiki/ANNA_News
Abeïbara massacres,Category:Massacres committed by the Wagner Group,2535,2,,,2025-12-11T17:34:57Z,https://en.wikipedia.org/wiki/Abe%C3%AFbara_massacres
Accession of Moldova to the European Union,seed-file:team_DATA_json_titles.txt,12714,17,,,2026-09-25T04:09:11Z,https://en.wikipedia.org/wiki/Accession_of_Moldova_to_the_European_Union
Accession of Ukraine to the European Union,Category:Events affected by the Russian invasion of Ukraine,27998,12,,,2026-09-25T04:09:21Z,https://en.wikipedia.org/wiki/Accession_of_Ukraine_to_the_European_Union
Adam Tactical Group,Category:Military units and formations of Ukraine in the Russian invasion of Ukraine,406,1,,,2025-05-05T21:17:33Z,https://en.wikipedia.org/wiki/Adam_Tactical_Group
Adat People's Movement,Category:Russo-Ukrainian war (2022–present),2346,1,,,2026-07-18T11:34:29Z,https://en.wikipedia.org/wiki/Adat_People%27s_Movement
Aerial warfare in the Russo-Ukrainian war,Category:Aerial warfare in the Russian invasion of Ukraine,34133,18,,,2026-09-27T01:55:20Z,https://en.wikipedia.org/wiki/Aerial_warfare_in_the_Russo-Ukrainian_war
Aerorozvidka,Category:Military units and formations of Ukraine in the Russian invasion of Ukraine,9686,7,,,2026-09-09T23:18:49Z,https://en.wikipedia.org/wiki/Aerorozvidka
Aerorozvidka R18,Category:Military equipment of the Russian invasion of Ukraine,6149,13,,,2026-07-21T19:21:52Z,https://en.wikipedia.org/wiki/Aerorozvidka_R18
Africa Corps (Russia),Category:Military units and formations of Russia in the Russian invasion of Ukraine,10214,14,,,2026-09-24T16:42:44Z,https://en.wikipedia.org/wiki/Africa_Corps_(Russia)
Aidar Battalion,seed-file:recommended_forces_battles_places.txt,14533,14,,,2026-09-19T20:51:43Z,https://en.wikipedia.org/wiki/Aidar_Battalion
Aiden Aslin,Category:Siege of Mariupol,9348,7,,,2026-05-24T14:21:20Z,https://en.wikipedia.org/wiki/Aiden_Aslin
Air National Guard (Ukraine),Category:Military units and formations of Ukraine in the Russian invasion of Ukraine,7318,3,,,2026-08-14T11:43:14Z,https://en.wikipedia.org/wiki/Air_National_Guard_(Ukraine)
Akhmed Alibekov,Category:Ukrainian sportspeople in Russia during the Russo-Ukrainian war,789,2,,,2025-11-04T01:10:56Z,https://en.wikipedia.org/wiki/Akhmed_Alibekov
Alcatraz Battalion,Category:Military units and formations of Ukraine in the Russian invasion of Ukraine,1100,1,,,2026-06-28T23:08:04Z,https://en.wikipedia.org/wiki/Alcatraz_Battalion
Aleksandr Dugin,Category:People of the 2014 Russian annexation of Crimea,40442,24,,,2026-09-21T01:19:56Z,https://en.wikipedia.org/wiki/Aleksandr_Dugin
Aleksandr Dvornikov,seed-file:team_DATA_json_titles.txt,9378,8,,,2026-05-04T19:28:16Z,https://en.wikipedia.org/wiki/Aleksandr_Dvornikov
Aleksandr Filin,Category:Ukrainian sportspeople in Russia during the Russo-Ukrainian war,642,2,,,2026-05-16T21:32:16Z,https://en.wikipedia.org/wiki/Aleksandr_Filin
Aleksandr Kalyaninov,Category:Civilians killed in the Russo-Ukrainian war,1624,4,,,2026-05-07T18:27:57Z,https://en.wikipedia.org/wiki/Aleksandr_Kalyaninov
Aleksandr Kharitonov (politician),Category:Ukrainian collaborators with Russia,3142,3,,,2026-09-30T07:14:07Z,https://en.wikipedia.org/wiki/Aleksandr_Kharitonov_(politician)
Aleksandr Lapin (general),seed-file:team_DATA_json_titles.txt,6468,12,,,2026-09-30T05:36:58Z,https://en.wikipedia.org/wiki/Aleksandr_Lapin_(general)
Aleksandr Matovnikov,Category:People of the 2014 Russian annexation of Crimea,7418,4,,,2025-12-18T15:25:23Z,https://en.wikipedia.org/wiki/Aleksandr_Matovnikov
Aleksandr Skobov,Category:Russian activists against the Russian invasion of Ukraine,8657,2,,,2026-09-11T09:55:09Z,https://en.wikipedia.org/wiki/Aleksandr_Skobov
Aleksandr Vitko,Category:People of the 2014 Russian annexation of Crimea,2374,3,,,2026-05-14T19:31:52Z,https://en.wikipedia.org/wiki/Aleksandr_Vitko
Aleksandra Skochilenko,Category:Russian activists against the Russian invasion of Ukraine,6390,6,,,2026-09-20T06:30:10Z,https://en.wikipedia.org/wiki/Aleksandra_Skochilenko
Aleksei Chaly,Category:People of the 2014 Russian annexation of Crimea,3174,4,,,2026-09-04T11:56:30Z,https://en.wikipedia.org/wiki/Aleksei_Chaly
Aleksey Dyumin,seed-file:team_DATA_json_titles.txt,7599,11,,,2026-08-21T20:53:45Z,https://en.wikipedia.org/wiki/Aleksey_Dyumin
Aleksey Karyakin,Category:Ukrainian collaborators with Russia,1118,2,,,2026-09-30T07:13:04Z,https://en.wikipedia.org/wiki/Aleksey_Karyakin
Aleksey Mozgovoy,Category:Ukrainian collaborators with Russia,6106,4,,,2026-09-30T05:24:06Z,https://en.wikipedia.org/wiki/Aleksey_Mozgovoy
Aleksey Nagin,seed-file:team_DATA_json_titles.txt,1732,2,,,2026-08-10T20:38:47Z,https://en.wikipedia.org/wiki/Aleksey_Nagin
Aleksey Poteleshchenko,Category:Ukrainian collaborators with Russia,485,0,,,2026-07-10T16:59:02Z,https://en.wikipedia.org/wiki/Aleksey_Poteleshchenko
Alena Fomina-Klotz,Category:Ukrainian sportspeople in Russia during the Russo-Ukrainian war,1073,2,,,2026-07-25T06:40:47Z,https://en.wikipedia.org/wiki/Alena_Fomina-Klotz
Alerts.in.ua,seed-file:team_DATA_json_titles.txt,3654,5,,,2026-07-30T19:38:23Z,https://en.wikipedia.org/wiki/Alerts.in.ua
Alex Konanykhin,Category:Russian activists against the Russian invasion of Ukraine,14165,12,,,2026-09-15T14:34:25Z,https://en.wikipedia.org/wiki/Alex_Konanykhin
Alexander Ananchenko,Category:Ukrainian collaborators with Russia,1879,1,,,2026-09-30T06:39:23Z,https://en.wikipedia.org/wiki/Alexander_Ananchenko
Alexander Anoprienko,Category:Ukrainian collaborators with Russia,1955,1,,,2026-08-23T17:15:22Z,https://en.wikipedia.org/wiki/Alexander_Anoprienko
Alexander Antonov (soldier),Category:People of the Wagner Group,1306,1,,,2026-05-22T08:15:38Z,https://en.wikipedia.org/wiki/Alexander_Antonov_(soldier)
Alexander Bednov,Category:Ukrainian collaborators with Russia,1721,2,,,2026-09-30T05:20:12Z,https://en.wikipedia.org/wiki/Alexander_Bednov
Alexander Bortnikov,seed-file:team_DATA_json_titles.txt,12916,10,,,2026-09-02T08:39:38Z,https://en.wikipedia.org/wiki/Alexander_Bortnikov
Alexander Khodakovsky,Category:Malaysia Airlines Flight 17,5807,8,,,2026-09-30T07:14:46Z,https://en.wikipedia.org/wiki/Alexander_Khodakovsky
Alexander Kots (journalist),Category:War correspondents of the Russo-Ukrainian war,5278,4,,,2026-05-09T17:56:23Z,https://en.wikipedia.org/wiki/Alexander_Kots_(journalist)
Alexander Lentsov,Category:People of the 2014 Russian annexation of Crimea,1388,3,,,2026-04-29T03:27:05Z,https://en.wikipedia.org/wiki/Alexander_Lentsov
Alexander Lukashenko,Category:Belarusian involvement in the Russian invasion of Ukraine,63699,34,,,2026-08-26T16:41:30Z,https://en.wikipedia.org/wiki/Alexander_Lukashenko
Alexander Podrabinek,Category:Russian activists against the Russian invasion of Ukraine,12896,13,,,2026-09-01T07:25:02Z,https://en.wikipedia.org/wiki/Alexander_Podrabinek
Alexander Zakharchenko,Category:Ukrainian collaborators with Russia,8541,7,,,2026-09-30T05:10:03Z,https://en.wikipedia.org/wiki/Alexander_Zakharchenko
Alexei Gorinov,Category:Russian activists against the Russian invasion of Ukraine,9862,9,,,2026-08-31T11:21:27Z,https://en.wikipedia.org/wiki/Alexei_Gorinov
Alexei Navalny,Category:Russian activists against the Russian invasion of Ukraine,97925,49,,,2026-09-19T09:53:31Z,https://en.wikipedia.org/wiki/Alexei_Navalny
Alexey Chernyak,Category:Ukrainian collaborators with Russia,3940,4,,,2026-09-04T12:19:05Z,https://en.wikipedia.org/wiki/Alexey_Chernyak
Alexey Kulemzin,Category:Ukrainian collaborators with Russia,744,1,,,2025-10-21T05:23:43Z,https://en.wikipedia.org/wiki/Alexey_Kulemzin
Alexey Milchakov,Category:People of the Wagner Group,4084,5,,,2026-09-18T10:49:25Z,https://en.wikipedia.org/wiki/Alexey_Milchakov
Alexey Pajitnov,Category:Russian activists against the Russian invasion of Ukraine,6470,7,,,2026-09-01T05:44:14Z,https://en.wikipedia.org/wiki/Alexey_Pajitnov
Alexey Pivovarov,Category:Russian activists against the Russian invasion of Ukraine,7308,6,,,2026-09-12T15:30:39Z,https://en.wikipedia.org/wiki/Alexey_Pivovarov
Aliaksiej Skoblia,Category:Belarusian involvement in the Russian invasion of Ukraine,2730,3,,,2025-06-25T05:43:32Z,https://en.wikipedia.org/wiki/Aliaksiej_Skoblia
Alla Gutnikova,Category:Russian activists against the Russian invasion of Ukraine,2170,2,,,2026-08-31T12:17:46Z,https://en.wikipedia.org/wiki/Alla_Gutnikova
Alla Lyshafay,Category:Ukrainian sportspeople in Russia during the Russo-Ukrainian war,805,1,,,2026-04-26T20:13:14Z,https://en.wikipedia.org/wiki/Alla_Lyshafay
Alla Pugacheva,Category:Russian activists against the Russian invasion of Ukraine,34908,29,,,2026-09-21T09:42:30Z,https://en.wikipedia.org/wiki/Alla_Pugacheva
Allegations of genocide in Donbas,Category:Disinformation in the Russian invasion of Ukraine,5852,5,,,2026-08-22T01:12:51Z,https://en.wikipedia.org/wiki/Allegations_of_genocide_in_Donbas
Allegations of genocide of Ukrainians in the Russo-Ukrainian war,Category:Genocide and the Russian invasion of Ukraine,31633,13,,,2026-09-26T14:54:35Z,https://en.wikipedia.org/wiki/Allegations_of_genocide_of_Ukrainians_in_the_Russo-Ukrainian_war
Alleged doubles of Vladimir Putin,Category:Propaganda in Ukraine related to the Russian invasion of Ukraine,11883,8,,,2026-08-31T21:24:45Z,https://en.wikipedia.org/wiki/Alleged_doubles_of_Vladimir_Putin
Almost Naked party,Category:Events affected by the Russian invasion of Ukraine,17636,11,,,2026-08-22T01:13:04Z,https://en.wikipedia.org/wiki/Almost_Naked_party
Alo!,Category:Disinformation in the Russian invasion of Ukraine,1920,3,,,2026-07-11T03:32:56Z,https://en.wikipedia.org/wiki/Alo!
Alsu Kurmasheva,Category:Russian activists against the Russian invasion of Ukraine,4074,6,,,2026-05-30T07:24:12Z,https://en.wikipedia.org/wiki/Alsu_Kurmasheva
"Ami, it's time to go",Category:Reactions to the Russian invasion of Ukraine,1400,4,,,2026-01-12T04:32:15Z,"https://en.wikipedia.org/wiki/Ami,_it%27s_time_to_go"
Anastasia Filenko,Category:Ukrainian sportspeople in Russia during the Russo-Ukrainian war,470,2,,,2025-11-30T02:21:17Z,https://en.wikipedia.org/wiki/Anastasia_Filenko
Anastasia Klimova,Category:Ukrainian sportspeople in Russia during the Russo-Ukrainian war,471,2,,,2026-04-26T20:24:01Z,https://en.wikipedia.org/wiki/Anastasia_Klimova
Anatoliy Barhylevych,seed-file:team_DATA_json_titles.txt,1720,1,,,2026-09-20T14:11:48Z,https://en.wikipedia.org/wiki/Anatoliy_Barhylevych
Anatoliy Tymoshchuk,Category:Ukrainian sportspeople in Russia during the Russo-Ukrainian war,15871,17,,,2026-08-21T00:52:02Z,https://en.wikipedia.org/wiki/Anatoliy_Tymoshchuk
Andreas Maurer (German politician),Category:People of the 2014 Russian annexation of Crimea,9036,8,,,2026-09-30T07:28:58Z,https://en.wikipedia.org/wiki/Andreas_Maurer_(German_politician)
Andrei Kolesnikov (general),seed-file:team_DATA_json_titles.txt,1638,3,,,2026-08-29T17:39:06Z,https://en.wikipedia.org/wiki/Andrei_Kolesnikov_(general)
Andrei Linde,Category:Russian activists against the Russian invasion of Ukraine,3491,6,,,2026-08-29T16:46:49Z,https://en.wikipedia.org/wiki/Andrei_Linde
Andrei Paliy,Category:Siege of Mariupol,1150,2,,,2026-09-23T13:33:33Z,https://en.wikipedia.org/wiki/Andrei_Paliy
Andrei Purgin,Category:Ukrainian collaborators with Russia,3117,3,,,2026-09-30T05:05:34Z,https://en.wikipedia.org/wiki/Andrei_Purgin
Andrei Sukhovetsky,Category:People of the 2014 Russian annexation of Crimea,2967,3,,,2026-06-06T10:43:32Z,https://en.wikipedia.org/wiki/Andrei_Sukhovetsky
Andrei Sychevoi,seed-file:team_DATA_json_titles.txt,1575,1,,,2026-05-09T18:41:59Z,https://en.wikipedia.org/wiki/Andrei_Sychevoi
Andrei Troshev,Category:People of the Wagner Group,5183,3,,,2026-08-08T05:57:49Z,https://en.wikipedia.org/wiki/Andrei_Troshev
Andrew Intrater,Category:Sanctions and boycotts during the Russo-Ukrainian war,1745,4,,,2026-01-07T00:22:17Z,https://en.wikipedia.org/wiki/Andrew_Intrater
Andrey Aleksandrovich Medvedev,seed-file:team_DATA_json_titles.txt,2171,2,,,2026-03-25T18:21:10Z,https://en.wikipedia.org/wiki/Andrey_Aleksandrovich_Medvedev
Andrey Averyanov,Category:People of the 2014 Russian annexation of Crimea,3916,3,,,2026-08-29T17:40:53Z,https://en.wikipedia.org/wiki/Andrey_Averyanov
Andrey Belousov,seed-file:team_DATA_json_titles.txt,8270,12,,,2026-09-12T16:10:23Z,https://en.wikipedia.org/wiki/Andrey_Belousov
Andrey Kartapolov,Category:Malaysia Airlines Flight 17,11122,7,,,2026-09-15T03:40:03Z,https://en.wikipedia.org/wiki/Andrey_Kartapolov
Andrey Kozenko,Category:Ukrainian collaborators with Russia,7241,3,,,2026-04-08T04:42:48Z,https://en.wikipedia.org/wiki/Andrey_Kozenko
Andrey Makarevich,Category:Russian activists against the Russian invasion of Ukraine,5770,8,,,2026-09-20T13:39:38Z,https://en.wikipedia.org/wiki/Andrey_Makarevich
Andrey Serdyukov,Category:People of the 2014 Russian annexation of Crimea,6383,13,,,2026-05-05T18:21:09Z,https://en.wikipedia.org/wiki/Andrey_Serdyukov
Andrey Vorobyov,seed-file:team_DATA_json_titles.txt,17776,12,,,2026-09-10T03:40:12Z,https://en.wikipedia.org/wiki/Andrey_Vorobyov
Andrey X,Category:Russian activists against the Russian invasion of Ukraine,10186,6,,,2026-09-21T03:00:46Z,https://en.wikipedia.org/wiki/Andrey_X
Andrey Zayakin,Category:Russian activists against the Russian invasion of Ukraine,3246,5,,,2026-08-29T17:10:38Z,https://en.wikipedia.org/wiki/Andrey_Zayakin
Andrii Hnatov,seed-file:team_DATA_json_titles.txt,1902,1,,,2026-09-04T22:45:37Z,https://en.wikipedia.org/wiki/Andrii_Hnatov
Andrii Pilshchykov,seed-file:team_DATA_json_titles.txt,16479,16,,,2026-09-13T14:33:23Z,https://en.wikipedia.org/wiki/Andrii_Pilshchykov
"Andriivka, Bakhmut Raion, Donetsk Oblast",Category:Populated places destroyed during the Russian invasion of Ukraine,1865,3,48.50111111,37.96444444,2026-09-27T18:49:19Z,"https://en.wikipedia.org/wiki/Andriivka,_Bakhmut_Raion,_Donetsk_Oblast"
Andriy Biletsky,seed-file:team_DATA_json_titles.txt,12712,9,,,2026-09-17T16:31:15Z,https://en.wikipedia.org/wiki/Andriy_Biletsky
Andriy Dykan,Category:Ukrainian sportspeople in Russia during the Russo-Ukrainian war,3787,5,,,2025-11-04T01:12:02Z,https://en.wikipedia.org/wiki/Andriy_Dykan
Andriy Haydash,Category:Ukrainian sportspeople in Russia during the Russo-Ukrainian war,628,1,,,2025-11-04T01:12:20Z,https://en.wikipedia.org/wiki/Andriy_Haydash
Andriy Horban,Category:Ukrainian sportspeople in Russia during the Russo-Ukrainian war,512,2,,,2026-08-28T18:28:15Z,https://en.wikipedia.org/wiki/Andriy_Horban
Andriy Husin,Category:Ukrainian sportspeople in Russia during the Russo-Ukrainian war,3153,9,,,2026-02-18T10:24:58Z,https://en.wikipedia.org/wiki/Andriy_Husin
Andriy Kravchuk,Category:Ukrainian sportspeople in Russia during the Russo-Ukrainian war,1016,3,,,2025-11-04T01:13:20Z,https://en.wikipedia.org/wiki/Andriy_Kravchuk
Andriy Mishchenko,Category:Ukrainian sportspeople in Russia during the Russo-Ukrainian war,751,4,,,2026-08-13T10:24:27Z,https://en.wikipedia.org/wiki/Andriy_Mishchenko
Andriy Parkhomenko,Category:Ukrainian sportspeople in Russia during the Russo-Ukrainian war,793,2,,,2026-03-18T16:10:27Z,https://en.wikipedia.org/wiki/Andriy_Parkhomenko
Andriy Parubiy,Category:People of the 2014 Russian annexation of Crimea,12224,9,,,2026-09-01T19:10:26Z,https://en.wikipedia.org/wiki/Andriy_Parubiy
Andriy Pylyavskyi,Category:Ukrainian sportspeople in Russia during the Russo-Ukrainian war,1334,4,,,2025-11-04T01:14:45Z,https://en.wikipedia.org/wiki/Andriy_Pylyavskyi
Andriy Raykovych,Category:Pro-Ukrainian people of the Russian invasion of Ukraine,3482,1,,,2026-06-26T06:44:07Z,https://en.wikipedia.org/wiki/Andriy_Raykovych
Andriy Sakhnevych,Category:Ukrainian sportspeople in Russia during the Russo-Ukrainian war,480,1,,,2026-05-17T10:35:57Z,https://en.wikipedia.org/wiki/Andriy_Sakhnevych
Andriy Senchenko,Category:People of the 2014 Russian annexation of Crimea,2444,3,,,2026-04-04T03:14:43Z,https://en.wikipedia.org/wiki/Andriy_Senchenko
Andriy Voronin,Category:Ukrainian sportspeople in Russia during the Russo-Ukrainian war,8851,14,,,2025-11-30T02:23:10Z,https://en.wikipedia.org/wiki/Andriy_Voronin
Andriy Vyskrebentsev,Category:Ukrainian sportspeople in Russia during the Russo-Ukrainian war,529,2,,,2026-07-04T20:11:39Z,https://en.wikipedia.org/wiki/Andriy_Vyskrebentsev
Andriy Yakovlyev,Category:Ukrainian sportspeople in Russia during the Russo-Ukrainian war,549,2,,,2026-09-03T21:41:36Z,https://en.wikipedia.org/wiki/Andriy_Yakovlyev
Andriy Yermak,seed-file:team_DATA_json_titles.txt,6573,4,,,2026-09-16T07:18:56Z,https://en.wikipedia.org/wiki/Andriy_Yermak
Andriy Yudin,Category:Ukrainian sportspeople in Russia during the Russo-Ukrainian war,746,3,,,2025-11-04T01:15:58Z,https://en.wikipedia.org/wiki/Andriy_Yudin
Anglosaksy,seed-file:team_DATA_json_titles.txt,2669,3,,,2026-07-15T09:40:32Z,https://en.wikipedia.org/wiki/Anglosaksy
Angry patriots,seed-file:team_DATA_json_titles.txt,5543,6,,,2026-07-28T07:51:57Z,https://en.wikipedia.org/wiki/Angry_patriots
Anna Federmesser,Category:Russian activists against the Russian invasion of Ukraine,2982,3,,,2026-09-03T02:13:50Z,https://en.wikipedia.org/wiki/Anna_Federmesser
Anne Hall Levine,Category:War correspondents of the Russo-Ukrainian war,3965,6,,,2026-08-27T02:02:37Z,https://en.wikipedia.org/wiki/Anne_Hall_Levine
Anonymous and the Russian invasion of Ukraine,Category:Russo-Ukrainian cyberwarfare,14911,5,,,2026-06-08T11:35:19Z,https://en.wikipedia.org/wiki/Anonymous_and_the_Russian_invasion_of_Ukraine
Anti-Maidan,Category:Russo-Ukrainian war,21237,9,,,2026-09-13T23:50:42Z,https://en.wikipedia.org/wiki/Anti-Maidan
Anti-Maidan (Russia),Category:Anti-Maidan,5657,6,,,2026-08-21T23:05:33Z,https://en.wikipedia.org/wiki/Anti-Maidan_(Russia)
Anti-Russian sentiment,seed-file:team_DATA_json_titles.txt,84867,50,,,2026-09-22T18:20:28Z,https://en.wikipedia.org/wiki/Anti-Russian_sentiment
Anti-Ukrainian sentiment,seed-file:team_DATA_json_titles.txt,32613,21,,,2026-09-28T16:35:01Z,https://en.wikipedia.org/wiki/Anti-Ukrainian_sentiment
Anti-War Committee of Russia,Category:Organizations of the Russo-Ukrainian war,3985,5,,,2026-08-27T01:51:13Z,https://en.wikipedia.org/wiki/Anti-War_Committee_of_Russia
Anti-drone mesh,Category:Military equipment of the Russian invasion of Ukraine,4785,8,,,2026-07-31T02:20:51Z,https://en.wikipedia.org/wiki/Anti-drone_mesh
Anti-terrorist Operation Zone,Category:War in Donbas,8906,6,48.63,37.33,2026-04-21T00:23:35Z,https://en.wikipedia.org/wiki/Anti-terrorist_Operation_Zone
Anti-war protests in Russia (2022–present),Category:Russo-Ukrainian war,60576,33,,,2026-09-25T13:38:05Z,https://en.wikipedia.org/wiki/Anti-war_protests_in_Russia_(2022%E2%80%93present)
Antifascist Committee of Ukraine,Category:2014 pro-Russian unrest in Ukraine,1546,2,,,2026-04-14T15:33:29Z,https://en.wikipedia.org/wiki/Antifascist_Committee_of_Ukraine
Anton Dolin (film critic),Category:Russian activists against the Russian invasion of Ukraine,7643,6,,,2026-08-31T06:07:44Z,https://en.wikipedia.org/wiki/Anton_Dolin_(film_critic)
Anton Shynder,Category:Ukrainian sportspeople in Russia during the Russo-Ukrainian war,1416,3,,,2026-04-23T00:34:27Z,https://en.wikipedia.org/wiki/Anton_Shynder
Anton Yelizarov,Category:People of the Wagner Group,2892,5,,,2026-07-06T03:42:57Z,https://en.wikipedia.org/wiki/Anton_Yelizarov
Antonivka Railway Bridge,Category:Buildings and structures destroyed during the Russian invasion of Ukraine,1671,3,46.6754,32.797,2026-05-05T14:21:09Z,https://en.wikipedia.org/wiki/Antonivka_Railway_Bridge
Antonivka Road Bridge,Category:Buildings and structures destroyed during the Russian invasion of Ukraine,4445,6,46.67,32.72027778,2026-06-20T17:46:03Z,https://en.wikipedia.org/wiki/Antonivka_Road_Bridge
Antonov Airport,Category:Buildings and structures destroyed during the Russian invasion of Ukraine,3280,7,50.60361111,30.19194444,2026-09-19T13:21:11Z,https://en.wikipedia.org/wiki/Antonov_Airport
Antonov An-225 Mriya,Category:Events affected by the Russian invasion of Ukraine,24972,13,,,2026-09-23T00:14:44Z,https://en.wikipedia.org/wiki/Antonov_An-225_Mriya
Appeal of the Clergy of the Russian Orthodox Church for Reconciliation and an End to War,Category:Reactions to the Russian invasion of Ukraine,881,1,,,2026-06-21T17:54:27Z,https://en.wikipedia.org/wiki/Appeal_of_the_Clergy_of_the_Russian_Orthodox_Church_for_Reconciliation_and_an_End_to_War
Appeasement,Category:Reactions to the Russo-Ukrainian war,64002,40,,,2026-09-30T18:57:37Z,https://en.wikipedia.org/wiki/Appeasement
April 2022 Kharkiv cluster bombing,Category:War crimes during the Russian invasion of Ukraine,1754,3,49.95,36.36666667,2026-03-26T11:55:39Z,https://en.wikipedia.org/wiki/April_2022_Kharkiv_cluster_bombing
April 2023 Sloviansk airstrike,Category:War crimes during the Russian invasion of Ukraine,682,1,48.85333333,37.625,2026-03-26T13:00:24Z,https://en.wikipedia.org/wiki/April_2023_Sloviansk_airstrike
April 2025 Russian attack on Kyiv,Category:War crimes during the Russian invasion of Ukraine,4846,10,,,2026-04-01T17:59:15Z,https://en.wikipedia.org/wiki/April_2025_Russian_attack_on_Kyiv
April 2026 Russo-Ukrainian truce,Category:Russo-Ukrainian war truces,2208,3,,,2026-05-09T12:41:43Z,https://en.wikipedia.org/wiki/April_2026_Russo-Ukrainian_truce
Arabat Spit,Category:2014 Russian annexation of Crimea,4715,7,45.7,35,2026-06-29T13:02:19Z,https://en.wikipedia.org/wiki/Arabat_Spit
Aratta Battalion,Category:Military units and formations of Ukraine in the Russian invasion of Ukraine,5290,3,,,2026-08-14T07:30:15Z,https://en.wikipedia.org/wiki/Aratta_Battalion
Arctic Metagaz,Category:Ships involved in the Russo-Ukrainian war,3929,4,,,2026-06-28T12:33:51Z,https://en.wikipedia.org/wiki/Arctic_Metagaz
Ark (organisation),Category:Russo-Ukrainian war (2022–present),5721,8,,,2026-05-28T22:17:00Z,https://en.wikipedia.org/wiki/Ark_(organisation)
Arkady Volozh,Category:Russian activists against the Russian invasion of Ukraine,8141,6,,,2026-09-10T23:22:42Z,https://en.wikipedia.org/wiki/Arkady_Volozh
ArmWomenNow,Category:Organizations of the Russo-Ukrainian war,4314,4,,,2026-06-16T12:58:12Z,https://en.wikipedia.org/wiki/ArmWomenNow
Arman Soldin,Category:Civilians killed in the Russian invasion of Ukraine,9470,5,,,2026-09-01T14:32:37Z,https://en.wikipedia.org/wiki/Arman_Soldin
Armed Forces of Ukraine,seed-file:recommended_forces_battles_places.txt,56926,35,,,2026-09-30T09:49:32Z,https://en.wikipedia.org/wiki/Armed_Forces_of_Ukraine
Armoured Forces (Ukraine),seed-file:recommended_forces_battles_places.txt,9551,7,,,2025-11-09T11:09:44Z,https://en.wikipedia.org/wiki/Armoured_Forces_(Ukraine)
Arsen Avakov,Category:People of the 2014 Russian annexation of Crimea,36951,24,,,2026-09-19T17:55:02Z,https://en.wikipedia.org/wiki/Arsen_Avakov
Arseniy Yatsenyuk,Category:People of the 2014 Russian annexation of Crimea,27836,20,,,2026-08-05T00:26:54Z,https://en.wikipedia.org/wiki/Arseniy_Yatsenyuk
Arseny Turbin,Category:Russian activists against the Russian invasion of Ukraine,2696,5,,,2026-02-27T06:24:52Z,https://en.wikipedia.org/wiki/Arseny_Turbin
Arshak Makichyan,Category:Russian activists against the Russian invasion of Ukraine,2277,5,,,2026-07-12T17:46:57Z,https://en.wikipedia.org/wiki/Arshak_Makichyan
Art theft and looting by Russia during the invasion of Ukraine,Category:War crimes during the Russian invasion of Ukraine,2238,2,,,2026-02-20T09:13:05Z,https://en.wikipedia.org/wiki/Art_theft_and_looting_by_Russia_during_the_invasion_of_Ukraine
Artan Unit,Category:Military units and formations of Ukraine in the Russian invasion of Ukraine,10665,17,,,2026-04-01T15:57:57Z,https://en.wikipedia.org/wiki/Artan_Unit
Artem Datsyshyn,Category:Civilians killed in the Russian invasion of Ukraine,2655,3,,,2026-05-11T02:32:06Z,https://en.wikipedia.org/wiki/Artem_Datsyshyn
Artem Hromov,Category:Ukrainian sportspeople in Russia during the Russo-Ukrainian war,812,4,,,2026-06-28T20:33:02Z,https://en.wikipedia.org/wiki/Artem_Hromov
Artem Lysohor,Category:Pro-Ukrainian people of the Russian invasion of Ukraine,1021,0,,,2026-09-08T00:02:58Z,https://en.wikipedia.org/wiki/Artem_Lysohor
Artem Milevskyi,Category:Ukrainian sportspeople in Russia during the Russo-Ukrainian war,8684,16,,,2026-06-22T22:01:06Z,https://en.wikipedia.org/wiki/Artem_Milevskyi
Artem Polyarus,Category:Ukrainian sportspeople in Russia during the Russo-Ukrainian war,1339,4,,,2026-06-18T21:06:57Z,https://en.wikipedia.org/wiki/Artem_Polyarus
Artem Shtanko,Category:Ukrainian sportspeople in Russia during the Russo-Ukrainian war,231,1,,,2026-02-13T04:49:04Z,https://en.wikipedia.org/wiki/Artem_Shtanko
Artem Zhoga,Category:Ukrainian collaborators with Russia,3094,5,,,2026-09-30T08:57:00Z,https://en.wikipedia.org/wiki/Artem_Zhoga
Artemivsk Police Battalion,Category:War in Donbas,2425,2,,,2026-04-17T21:34:09Z,https://en.wikipedia.org/wiki/Artemivsk_Police_Battalion
Artemy Troitsky,Category:Russian activists against the Russian invasion of Ukraine,4721,4,,,2026-09-01T17:50:25Z,https://en.wikipedia.org/wiki/Artemy_Troitsky
Artpodgotovka,Category:Belarusian and Russian partisan movement (2022–present),18231,14,,,2026-08-23T01:57:59Z,https://en.wikipedia.org/wiki/Artpodgotovka
Assassination attempts on Volodymyr Zelenskyy,Category:Wagner Group activities in Ukraine,4877,7,,,2026-04-24T07:00:48Z,https://en.wikipedia.org/wiki/Assassination_attempts_on_Volodymyr_Zelenskyy
Assassination of Vladlen Tatarsky,Category:Spillover of the Russian invasion of Ukraine,6462,7,59.93666667,30.28666667,2026-08-22T01:14:56Z,https://en.wikipedia.org/wiki/Assassination_of_Vladlen_Tatarsky
Assault Forces (Ukraine),seed-file:recommended_forces_battles_places.txt,1198,2,,,2026-08-17T10:31:54Z,https://en.wikipedia.org/wiki/Assault_Forces_(Ukraine)
Association of Azovstal Defenders' Families,Category:Siege of Mariupol,2485,3,,,2024-11-05T10:09:40Z,https://en.wikipedia.org/wiki/Association_of_Azovstal_Defenders%27_Families
Atesh,Category:Russian occupation of Ukraine,4546,8,,,2026-09-16T06:43:23Z,https://en.wikipedia.org/wiki/Atesh
Athlon Avia A1-CM Furia,Category:Military equipment of the Russian invasion of Ukraine,2274,3,,,2026-07-21T19:11:50Z,https://en.wikipedia.org/wiki/Athlon_Avia_A1-CM_Furia
Atrocity crimes during the Russo-Ukrainian war,Category:War crimes in the Russo-Ukrainian war,1251,3,,,2026-06-08T18:52:21Z,https://en.wikipedia.org/wiki/Atrocity_crimes_during_the_Russo-Ukrainian_war
Attacks in Russia during the Russo-Ukrainian war (2022–present),Category:Spillover of the Russian invasion of Ukraine,82058,51,,,2026-09-20T18:15:56Z,https://en.wikipedia.org/wiki/Attacks_in_Russia_during_the_Russo-Ukrainian_war_(2022%E2%80%93present)
August 2023 Chernihiv missile strike,Category:War crimes during the Russian invasion of Ukraine,2042,4,,,2026-05-16T01:58:25Z,https://en.wikipedia.org/wiki/August_2023_Chernihiv_missile_strike
August 2025 White House multilateral meeting on Ukraine,Category:Russo-Ukrainian war peace process,7684,8,,,2026-09-24T21:19:54Z,https://en.wikipedia.org/wiki/August_2025_White_House_multilateral_meeting_on_Ukraine
Autocephaly of the Orthodox Church of Ukraine,Category:2018 Moscow–Constantinople schism,49918,25,,,2026-08-19T07:26:55Z,https://en.wikipedia.org/wiki/Autocephaly_of_the_Orthodox_Church_of_Ukraine
Autodrom Chayka,Category:Buildings and structures destroyed during the Russian invasion of Ukraine,11162,4,50.43916667,30.29305556,2026-06-14T18:55:00Z,https://en.wikipedia.org/wiki/Autodrom_Chayka
Avdiivka,Category:Populated places destroyed during the Russian invasion of Ukraine,7722,8,48.14527778,37.745,2026-07-15T21:16:46Z,https://en.wikipedia.org/wiki/Avdiivka
Azerbaijan Airlines Flight 8243,Category:Spillover of the Russian invasion of Ukraine,31537,11,43.8825,51.01,2026-08-01T18:15:25Z,https://en.wikipedia.org/wiki/Azerbaijan_Airlines_Flight_8243
Azot (Sievierodonetsk),Category:Buildings and structures destroyed during the Russian invasion of Ukraine,1113,1,48.9416,38.4733,2026-01-29T21:15:10Z,https://en.wikipedia.org/wiki/Azot_(Sievierodonetsk)
Azov Brigade,Category:Military units and formations of Ukraine in the Russian invasion of Ukraine,93978,42,,,2026-09-30T17:34:01Z,https://en.wikipedia.org/wiki/Azov_Brigade
Azovstal Iron and Steel Works,Category:Buildings and structures destroyed during the Russian invasion of Ukraine,6138,8,47.098,37.61,2026-06-14T18:07:51Z,https://en.wikipedia.org/wiki/Azovstal_Iron_and_Steel_Works
Aïgbado massacre,Category:Massacres committed by the Wagner Group,2373,4,6.8957,21.7621,2025-12-11T17:27:02Z,https://en.wikipedia.org/wiki/A%C3%AFgbado_massacre
Babylon'13,Category:Russian invasion of Ukraine in popular culture,1080,2,,,2024-11-05T01:46:31Z,https://en.wikipedia.org/wiki/Babylon%2713
Back to the Cold War,Category:Russian invasion of Ukraine in popular culture,3951,4,,,2026-06-24T10:55:23Z,https://en.wikipedia.org/wiki/Back_to_the_Cold_War
Bakhmut,Category:Populated places destroyed during the Russian invasion of Ukraine,19311,19,48.59472222,38.00083333,2026-09-15T03:30:37Z,https://en.wikipedia.org/wiki/Bakhmut
Bakhmut Fortress,Category:Songs about the Russian invasion of Ukraine,3349,2,,,2026-07-16T08:52:55Z,https://en.wikipedia.org/wiki/Bakhmut_Fortress
Baltic Defence Line,Category:Reactions to the Russian invasion of Ukraine,3069,7,,,2026-08-14T17:39:21Z,https://en.wikipedia.org/wiki/Baltic_Defence_Line
Baltic states synchronization with CESA,Category:Events affected by the Russian invasion of Ukraine,4822,7,,,2026-09-06T02:21:20Z,https://en.wikipedia.org/wiki/Baltic_states_synchronization_with_CESA
Banderite,Category:Propaganda in Russia related to the Russian invasion of Ukraine,12598,6,,,2026-08-04T18:32:29Z,https://en.wikipedia.org/wiki/Banderite
Battle in Shakhtarsk Raion,seed-file:recommended_forces_battles_places.txt,12057,10,,,2026-09-10T17:06:50Z,https://en.wikipedia.org/wiki/Battle_in_Shakhtarsk_Raion
Battle of Antonov Airport,Category:Aerial warfare in the Russian invasion of Ukraine,22781,10,50.59083333,30.2075,2026-09-19T13:21:19Z,https://en.wikipedia.org/wiki/Battle_of_Antonov_Airport
Battle of Artemivsk,seed-file:recommended_forces_battles_places.txt,8824,11,,,2026-08-21T02:48:42Z,https://en.wikipedia.org/wiki/Battle_of_Artemivsk
Battle of Avdiivka (2017),seed-file:recommended_forces_battles_places.txt,7455,4,48.125,37.7667,2026-08-21T02:49:57Z,https://en.wikipedia.org/wiki/Battle_of_Avdiivka_(2017)
Battle of Avdiivka (2023–2024),seed-file:team_DATA_json_titles.txt,78697,23,48.13,37.77,2026-08-21T02:50:01Z,https://en.wikipedia.org/wiki/Battle_of_Avdiivka_(2023%E2%80%932024)
Battle of Bakhmut,Category:Wagner Group activities in Ukraine,53962,19,48.58333333,38,2026-08-21T02:51:46Z,https://en.wikipedia.org/wiki/Battle_of_Bakhmut
Battle of Bangassou,Category:Battles involving the Wagner Group,4979,3,,,2026-08-21T02:52:48Z,https://en.wikipedia.org/wiki/Battle_of_Bangassou
Battle of Bangui (2021),Category:Battles involving the Wagner Group,2207,2,,,2026-08-19T04:03:36Z,https://en.wikipedia.org/wiki/Battle_of_Bangui_(2021)
Battle of Brovary,Category:War crimes during the Russian invasion of Ukraine,5267,4,50.51138889,30.79027778,2026-08-21T03:02:47Z,https://en.wikipedia.org/wiki/Battle_of_Brovary
Battle of Bucha,seed-file:team_DATA_json_titles.txt,13069,6,50.54638889,30.235,2026-08-21T03:03:33Z,https://en.wikipedia.org/wiki/Battle_of_Bucha
Battle of Chasiv Yar,seed-file:team_DATA_json_titles.txt,50480,11,,,2026-09-10T10:46:43Z,https://en.wikipedia.org/wiki/Battle_of_Chasiv_Yar
Battle of Crimea (2022–present),Category:Crimea in the Russian invasion of Ukraine,21348,13,,,2026-09-18T01:50:19Z,https://en.wikipedia.org/wiki/Battle_of_Crimea_(2022%E2%80%93present)
Battle of Debaltseve,seed-file:recommended_forces_battles_places.txt,21320,7,48.3799,38.3454,2026-08-21T03:22:35Z,https://en.wikipedia.org/wiki/Battle_of_Debaltseve
Battle of Donbas (2022),seed-file:team_DATA_json_titles.txt,39936,27,,,2026-08-19T04:28:16Z,https://en.wikipedia.org/wiki/Battle_of_Donbas_(2022)
Battle of Enerhodar,seed-file:team_DATA_json_titles.txt,3734,4,47.4989,34.6558,2026-08-21T03:30:49Z,https://en.wikipedia.org/wiki/Battle_of_Enerhodar
Battle of Horlivka,seed-file:recommended_forces_battles_places.txt,6391,4,48.3,38.05,2026-08-20T03:03:51Z,https://en.wikipedia.org/wiki/Battle_of_Horlivka
Battle of Hostomel,seed-file:team_DATA_json_titles.txt,10851,6,,,2026-08-21T03:52:07Z,https://en.wikipedia.org/wiki/Battle_of_Hostomel
Battle of Ilovaisk,Category:War in Donbas,17568,10,47.926,38.194,2026-08-20T03:05:28Z,https://en.wikipedia.org/wiki/Battle_of_Ilovaisk
Battle of Irpin,seed-file:team_DATA_json_titles.txt,6687,6,,,2026-08-21T03:55:25Z,https://en.wikipedia.org/wiki/Battle_of_Irpin
Battle of Izium,seed-file:team_DATA_json_titles.txt,16377,5,49.21277778,37.25694444,2026-08-21T03:56:23Z,https://en.wikipedia.org/wiki/Battle_of_Izium
Battle of Kharkiv (2022),Category:Use of cluster munition during the Russian invasion of Ukraine,24120,12,,,2026-08-21T04:04:29Z,https://en.wikipedia.org/wiki/Battle_of_Kharkiv_(2022)
Battle of Khasham,Category:Battles involving the Wagner Group,25282,10,35.33611111,40.30944444,2026-08-21T04:04:43Z,https://en.wikipedia.org/wiki/Battle_of_Khasham
Battle of Kherson,seed-file:team_DATA_json_titles.txt,15518,14,46.63,32.6,2026-08-21T04:04:54Z,https://en.wikipedia.org/wiki/Battle_of_Kherson
Battle of Kostiantynivka,seed-file:team_DATA_json_titles.txt,10338,8,48.53333333,37.71666667,2026-09-24T04:00:16Z,https://en.wikipedia.org/wiki/Battle_of_Kostiantynivka
Battle of Kramatorsk,seed-file:recommended_forces_battles_places.txt,8765,6,,,2026-08-21T04:10:34Z,https://en.wikipedia.org/wiki/Battle_of_Kramatorsk
Battle of Krasnohorivka,seed-file:team_DATA_json_titles.txt,10266,5,,,2026-08-22T01:15:21Z,https://en.wikipedia.org/wiki/Battle_of_Krasnohorivka
Battle of Krasnyi Lyman,seed-file:recommended_forces_battles_places.txt,6823,6,,,2026-09-16T22:43:09Z,https://en.wikipedia.org/wiki/Battle_of_Krasnyi_Lyman
Battle of Krynky,Category:Battles of the Southern front of the Russian invasion of Ukraine,3916,5,,,2026-08-21T04:11:44Z,https://en.wikipedia.org/wiki/Battle_of_Krynky
Battle of Kurakhove,seed-file:team_DATA_json_titles.txt,11863,7,,,2026-08-22T01:15:24Z,https://en.wikipedia.org/wiki/Battle_of_Kurakhove
Battle of Kyiv (2022),seed-file:team_DATA_json_titles.txt,15955,11,50.4,30.54,2026-08-21T04:13:23Z,https://en.wikipedia.org/wiki/Battle_of_Kyiv_(2022)
Battle of Lysychansk,seed-file:team_DATA_json_titles.txt,12831,7,48.92,38.42,2026-08-21T04:25:12Z,https://en.wikipedia.org/wiki/Battle_of_Lysychansk
Battle of Makariv,seed-file:team_DATA_json_titles.txt,6991,2,,,2026-08-21T04:27:02Z,https://en.wikipedia.org/wiki/Battle_of_Makariv
Battle of Mala Tokmachka,seed-file:team_DATA_json_titles.txt,6337,7,47.53277778,35.89694444,2026-08-30T20:26:06Z,https://en.wikipedia.org/wiki/Battle_of_Mala_Tokmachka
Battle of Marinka (2015),seed-file:recommended_forces_battles_places.txt,3160,4,,,2026-08-21T04:29:58Z,https://en.wikipedia.org/wiki/Battle_of_Marinka_(2015)
Battle of Marinka (2022–2023),Category:War crimes during the Russian invasion of Ukraine,15625,9,,,2026-08-22T01:15:26Z,https://en.wikipedia.org/wiki/Battle_of_Marinka_(2022%E2%80%932023)
Battle of Mariupol (May–June 2014),seed-file:recommended_forces_battles_places.txt,12928,8,47.09583333,37.54944444,2026-09-26T07:54:46Z,https://en.wikipedia.org/wiki/Battle_of_Mariupol_(May%E2%80%93June_2014)
Battle of Mariupol (September 2014),seed-file:recommended_forces_battles_places.txt,3938,4,,,2026-08-21T04:30:09Z,https://en.wikipedia.org/wiki/Battle_of_Mariupol_(September_2014)
Battle of Moshchun,seed-file:team_DATA_json_titles.txt,5822,4,50.6036,30.3133,2026-08-21T04:40:10Z,https://en.wikipedia.org/wiki/Battle_of_Moshchun
Battle of Mykolaiv,Category:Use of cluster munition during the Russian invasion of Ukraine,15383,9,46.975,31.995,2026-08-21T04:42:56Z,https://en.wikipedia.org/wiki/Battle_of_Mykolaiv
Battle of Novoazovsk,seed-file:recommended_forces_battles_places.txt,4574,3,,,2026-08-20T03:43:21Z,https://en.wikipedia.org/wiki/Battle_of_Novoazovsk
Battle of Ocheretyne,seed-file:team_DATA_json_titles.txt,5057,5,,,2026-08-21T04:50:25Z,https://en.wikipedia.org/wiki/Battle_of_Ocheretyne
Battle of Pisky,seed-file:team_DATA_json_titles.txt,4925,5,,,2026-08-22T00:08:07Z,https://en.wikipedia.org/wiki/Battle_of_Pisky
Battle of Popasna,seed-file:team_DATA_json_titles.txt,4701,4,48.61666667,38.35,2026-08-22T00:09:46Z,https://en.wikipedia.org/wiki/Battle_of_Popasna
Battle of Rubizhne,seed-file:team_DATA_json_titles.txt,3724,7,49,38.42,2026-08-22T00:18:18Z,https://en.wikipedia.org/wiki/Battle_of_Rubizhne
Battle of Sievierodonetsk (2022),Category:War crimes during the Russian invasion of Ukraine,27849,9,,,2026-09-27T02:10:41Z,https://en.wikipedia.org/wiki/Battle_of_Sievierodonetsk_(2022)
Battle of Slavutych,Category:Battles of the Northern front of the Russian invasion of Ukraine,3093,2,51.5206,30.7569,2026-08-22T00:29:36Z,https://en.wikipedia.org/wiki/Battle_of_Slavutych
Battle of Soledar,Category:Wagner Group activities in Ukraine,15709,9,48.69083333,38.07416667,2026-09-13T07:55:00Z,https://en.wikipedia.org/wiki/Battle_of_Soledar
Battle of Sumy,Category:Battles of the Northern front of the Russian invasion of Ukraine,7608,5,50.90666667,34.79916667,2026-08-22T00:33:50Z,https://en.wikipedia.org/wiki/Battle_of_Sumy
Battle of Svitlodarsk,seed-file:recommended_forces_battles_places.txt,3621,3,,,2026-09-01T17:24:57Z,https://en.wikipedia.org/wiki/Battle_of_Svitlodarsk
Battle of Tinzaouaten (2024),Category:Spillover of the Russian invasion of Ukraine,10860,10,19.9433,2.7019,2026-09-25T16:39:46Z,https://en.wikipedia.org/wiki/Battle_of_Tinzaouaten_(2024)
Battle of Toretsk,seed-file:team_DATA_json_titles.txt,18294,9,,,2026-09-14T20:53:59Z,https://en.wikipedia.org/wiki/Battle_of_Toretsk
Battle of Volnovakha,Category:War crimes during the Russian invasion of Ukraine,4278,3,,,2026-08-22T00:50:10Z,https://en.wikipedia.org/wiki/Battle_of_Volnovakha
Battle of Voznesensk,seed-file:team_DATA_json_titles.txt,4443,3,47.5725,31.3119,2026-08-22T00:50:22Z,https://en.wikipedia.org/wiki/Battle_of_Voznesensk
Battle of Vuhledar,seed-file:team_DATA_json_titles.txt,19320,10,47.78333333,37.25,2026-08-22T01:15:29Z,https://en.wikipedia.org/wiki/Battle_of_Vuhledar
Battle of Yasynuvata,seed-file:recommended_forces_battles_places.txt,2644,5,,,2026-08-22T01:10:03Z,https://en.wikipedia.org/wiki/Battle_of_Yasynuvata
Battle of the Siverskyi Donets,seed-file:team_DATA_json_titles.txt,7736,6,,,2026-08-22T01:58:03Z,https://en.wikipedia.org/wiki/Battle_of_the_Siverskyi_Donets
Battles for Karlivka,seed-file:recommended_forces_battles_places.txt,5749,4,,,2026-08-22T02:03:24Z,https://en.wikipedia.org/wiki/Battles_for_Karlivka
Battles of Bambari (2020–2021),Category:Battles involving the Wagner Group,7292,6,,,2026-08-22T02:03:36Z,https://en.wikipedia.org/wiki/Battles_of_Bambari_(2020%E2%80%932021)
Battles of Sievierodonetsk (2014),seed-file:recommended_forces_battles_places.txt,1638,1,,,2026-08-22T02:04:56Z,https://en.wikipedia.org/wiki/Battles_of_Sievierodonetsk_(2014)
Bavovna,Category:Internet memes related to the Russian invasion of Ukraine,2725,3,,,2026-05-06T22:36:20Z,https://en.wikipedia.org/wiki/Bavovna
Baykar Bayraktar TB2,Category:Military equipment of the Russian invasion of Ukraine,37451,26,,,2026-09-20T15:59:38Z,https://en.wikipedia.org/wiki/Baykar_Bayraktar_TB2
Bayraktar (song),Category:Propaganda in Ukraine related to the Russian invasion of Ukraine,4107,4,,,2026-07-16T08:52:57Z,https://en.wikipedia.org/wiki/Bayraktar_(song)
Be Brave Like Ukraine,Category:Propaganda in Ukraine related to the Russian invasion of Ukraine,2699,2,,,2025-10-04T06:30:03Z,https://en.wikipedia.org/wiki/Be_Brave_Like_Ukraine
Belarusian Hajun project,Category:Belarusian involvement in the Russian invasion of Ukraine,7366,9,,,2026-07-24T14:37:24Z,https://en.wikipedia.org/wiki/Belarusian_Hajun_project
Belarusian Volunteer Corps,Category:Belarus in the Russo-Ukrainian war,2019,3,,,2026-05-23T23:29:47Z,https://en.wikipedia.org/wiki/Belarusian_Volunteer_Corps
Belarusian involvement in the Russo-Ukrainian war (2022–present),Category:Foreign involvement in the Russian invasion of Ukraine,40771,22,,,2026-08-07T15:12:31Z,https://en.wikipedia.org/wiki/Belarusian_involvement_in_the_Russo-Ukrainian_war_(2022%E2%80%93present)
Belarusian partisan movement (2020–present),Category:Belarusian involvement in the Russian invasion of Ukraine,6020,10,,,2026-09-28T22:30:52Z,https://en.wikipedia.org/wiki/Belarusian_partisan_movement_(2020%E2%80%93present)
Belarus–European Union border crisis,seed-file:team_DATA_json_titles.txt,54137,25,,,2026-09-25T13:38:54Z,https://en.wikipedia.org/wiki/Belarus%E2%80%93European_Union_border_crisis
Belarus–Russia relations,seed-file:team_DATA_json_titles.txt,13122,12,,,2026-07-17T03:45:15Z,https://en.wikipedia.org/wiki/Belarus%E2%80%93Russia_relations
Belarus–Ukraine relations,seed-file:team_DATA_json_titles.txt,6451,8,,,2026-01-02T11:59:18Z,https://en.wikipedia.org/wiki/Belarus%E2%80%93Ukraine_relations
Belaya air base,seed-file:team_DATA_json_titles.txt,3901,5,52.915,103.575,2026-07-19T19:57:21Z,https://en.wikipedia.org/wiki/Belaya_air_base
Belgorod,seed-file:recommended_forces_battles_places.txt,19550,15,50.6,36.6,2026-09-15T23:00:38Z,https://en.wikipedia.org/wiki/Belgorod
Belgorod Oblast,seed-file:team_DATA_json_titles.txt,14665,16,50.76666667,37.45,2026-07-15T16:07:11Z,https://en.wikipedia.org/wiki/Belgorod_Oblast
Ben Hodges,Category:Pro-Ukrainian people of the Russian invasion of Ukraine,9429,10,,,2026-08-10T15:17:57Z,https://en.wikipedia.org/wiki/Ben_Hodges
Berdiansk,seed-file:team_DATA_json_titles.txt,17852,13,46.75555556,36.78888889,2026-09-15T23:19:02Z,https://en.wikipedia.org/wiki/Berdiansk
Berdiansk Partisan Army,Category:Ukrainian resistance during the Russian invasion of Ukraine,1844,2,,,2026-06-22T22:30:59Z,https://en.wikipedia.org/wiki/Berdiansk_Partisan_Army
Berdiansk port attack,Category:Naval warfare in the Russian invasion of Ukraine,2956,4,46.7506,36.7792,2026-08-22T02:06:57Z,https://en.wikipedia.org/wiki/Berdiansk_port_attack
Berdyansk Border Detachment,Category:Military units and formations of Ukraine in the Russian invasion of Ukraine,5283,3,,,2026-04-06T22:33:53Z,https://en.wikipedia.org/wiki/Berdyansk_Border_Detachment
Berel Lazar,Category:Russian activists against the Russian invasion of Ukraine,5871,4,,,2026-09-01T10:46:35Z,https://en.wikipedia.org/wiki/Berel_Lazar
Berkut (special police force),Category:2014 Russian annexation of Crimea,15228,14,,,2026-07-27T06:29:54Z,https://en.wikipedia.org/wiki/Berkut_(special_police_force)
Best in Hell,Category:Russo-Ukrainian war in fiction,3395,4,,,2026-09-17T03:18:57Z,https://en.wikipedia.org/wiki/Best_in_Hell
Bilhorod-Dnistrovskyi Border Detachment,Category:Military units and formations of Ukraine in the Russian invasion of Ukraine,5127,4,,,2026-08-13T02:53:21Z,https://en.wikipedia.org/wiki/Bilhorod-Dnistrovskyi_Border_Detachment
Bilohorivka school bombing,Category:War crimes during the Russian invasion of Ukraine,1071,2,48.9275,38.24611111,2026-03-26T11:48:57Z,https://en.wikipedia.org/wiki/Bilohorivka_school_bombing
Bjoern Seibert,Category:People of the Russian invasion of Ukraine,3525,5,,,2026-04-08T13:57:23Z,https://en.wikipedia.org/wiki/Bjoern_Seibert
Black Bridge (Russia),Category:Belarusian and Russian partisan movement (2022–present),950,2,,,2026-06-22T22:31:44Z,https://en.wikipedia.org/wiki/Black_Bridge_(Russia)
Black Cloud (Burning Man installation),Category:Russo-Ukrainian war (2022–present),5162,8,,,2026-07-26T17:26:26Z,https://en.wikipedia.org/wiki/Black_Cloud_(Burning_Man_installation)
Black Maple Company,seed-file:team_DATA_json_titles.txt,1833,2,,,2025-07-29T18:36:05Z,https://en.wikipedia.org/wiki/Black_Maple_Company
Black Sea,seed-file:team_DATA_json_titles.txt,44897,29,44,35,2026-09-12T22:50:38Z,https://en.wikipedia.org/wiki/Black_Sea
Black Sea Fleet,Category:Military units and formations of Russia in the Russian invasion of Ukraine,61286,35,,,2026-09-24T10:08:37Z,https://en.wikipedia.org/wiki/Black_Sea_Fleet
Black Sea Fleet dispute,seed-file:recommended_forces_battles_places.txt,32918,9,,,2026-08-18T15:19:11Z,https://en.wikipedia.org/wiki/Black_Sea_Fleet_dispute
Black Sea Grain Initiative,Category:Events affected by the Russian invasion of Ukraine,26645,13,,,2026-09-14T03:18:01Z,https://en.wikipedia.org/wiki/Black_Sea_Grain_Initiative
Black Spark (Russia),Category:Belarusian and Russian partisan movement (2022–present),2278,4,,,2026-08-31T16:32:43Z,https://en.wikipedia.org/wiki/Black_Spark_(Russia)
Black Winter Group (Ukraine),Category:Military units and formations of Ukraine in the Russian invasion of Ukraine,758,3,,,2026-03-21T23:30:23Z,https://en.wikipedia.org/wiki/Black_Winter_Group_(Ukraine)
Block of Wikipedia in Russia,seed-file:team_DATA_json_titles.txt,4605,4,,,2026-07-11T05:59:26Z,https://en.wikipedia.org/wiki/Block_of_Wikipedia_in_Russia
Blockade of Oleshky,Category:Genocide and the Russian invasion of Ukraine,6736,5,,,2026-09-30T17:59:53Z,https://en.wikipedia.org/wiki/Blockade_of_Oleshky
Blocking of YouTube in Russia,Category:Disinformation in the Russian invasion of Ukraine,5726,6,,,2026-08-28T06:41:46Z,https://en.wikipedia.org/wiki/Blocking_of_YouTube_in_Russia
Bober (drone),Category:Military equipment of the Russian invasion of Ukraine,2801,3,,,2026-08-12T07:43:47Z,https://en.wikipedia.org/wiki/Bober_(drone)
Bogdan Khmelnitsky Battalion,seed-file:team_DATA_json_titles.txt,2783,2,,,2025-09-02T06:45:46Z,https://en.wikipedia.org/wiki/Bogdan_Khmelnitsky_Battalion
Bohdan Boychuk,Category:Ukrainian sportspeople in Russia during the Russo-Ukrainian war,575,2,,,2025-12-24T21:49:04Z,https://en.wikipedia.org/wiki/Bohdan_Boychuk
Bohdan Butko,Category:Ukrainian sportspeople in Russia during the Russo-Ukrainian war,1849,6,,,2026-08-29T08:07:43Z,https://en.wikipedia.org/wiki/Bohdan_Butko
Bohdan Company (Ukraine),Category:Military units and formations of Ukraine in the Russian invasion of Ukraine,1761,2,,,2026-03-22T14:42:35Z,https://en.wikipedia.org/wiki/Bohdan_Company_(Ukraine)
Bohdan Kovalenko,Category:Ukrainian sportspeople in Russia during the Russo-Ukrainian war,653,3,,,2025-11-04T01:13:16Z,https://en.wikipedia.org/wiki/Bohdan_Kovalenko
Bohdan Krotevych,Category:Siege of Mariupol,1551,3,,,2026-07-17T11:26:31Z,https://en.wikipedia.org/wiki/Bohdan_Krotevych
Bombing of Borodianka,Category:War crimes during the Russian invasion of Ukraine,3895,3,50.64388889,29.93388889,2026-06-04T18:36:07Z,https://en.wikipedia.org/wiki/Bombing_of_Borodianka
Book of Remembrance for Those Who Fell for Ukraine,Category:Russo-Ukrainian war,4457,4,,,2026-09-22T05:24:42Z,https://en.wikipedia.org/wiki/Book_of_Remembrance_for_Those_Who_Fell_for_Ukraine
Boris Kagarlitsky,Category:Russian activists against the Russian invasion of Ukraine,7016,8,,,2026-09-22T17:04:51Z,https://en.wikipedia.org/wiki/Boris_Kagarlitsky
Boris Litvinov,Category:Ukrainian collaborators with Russia,3880,4,,,2026-09-30T07:26:51Z,https://en.wikipedia.org/wiki/Boris_Litvinov
Boris Stomakhin,Category:Russian activists against the Russian invasion of Ukraine,9404,10,,,2026-04-13T15:57:31Z,https://en.wikipedia.org/wiki/Boris_Stomakhin
Borotba,Category:2014 pro-Russian unrest in Ukraine,6554,7,,,2026-08-13T13:17:20Z,https://en.wikipedia.org/wiki/Borotba
Borys Babin,Category:People of the 2014 Russian annexation of Crimea,1764,3,,,2026-04-18T01:51:22Z,https://en.wikipedia.org/wiki/Borys_Babin
Borys Romanchenko,Category:Civilians killed in the Russian invasion of Ukraine,2274,4,,,2026-07-30T06:31:44Z,https://en.wikipedia.org/wiki/Borys_Romanchenko
Boycott Russian Films,Category:Sanctions and boycotts during the Russo-Ukrainian war,22196,15,,,2026-09-04T00:36:11Z,https://en.wikipedia.org/wiki/Boycott_Russian_Films
Boycott of Russia and Belarus,Category:Reactions to the Russian invasion of Ukraine,17738,10,,,2026-09-18T13:28:52Z,https://en.wikipedia.org/wiki/Boycott_of_Russia_and_Belarus
Brahim Saadoune,Category:Siege of Mariupol,8414,7,,,2026-05-09T22:16:35Z,https://en.wikipedia.org/wiki/Brahim_Saadoune
Bratstvo Battalion,Category:Military units and formations of Ukraine in the Russian invasion of Ukraine,2937,4,,,2026-09-13T15:11:17Z,https://en.wikipedia.org/wiki/Bratstvo_Battalion
Brent Renaud,Category:Civilians killed in the Russian invasion of Ukraine,3816,4,,,2026-09-01T06:27:57Z,https://en.wikipedia.org/wiki/Brent_Renaud
"Bria, Central African Republic",Category:Massacres committed by the Wagner Group,2375,6,6.53694444,21.99194444,2026-09-30T01:37:34Z,"https://en.wikipedia.org/wiki/Bria,_Central_African_Republic"
Bridge over Saint Volodymyr Descent,Category:Buildings and structures destroyed during the Russian invasion of Ukraine,16084,13,50.45517,30.52827,2026-06-22T07:12:15Z,https://en.wikipedia.org/wiki/Bridge_over_Saint_Volodymyr_Descent
Bridges in the Russo-Ukrainian war,Category:Russo-Ukrainian war,15612,18,,,2026-06-28T12:09:50Z,https://en.wikipedia.org/wiki/Bridges_in_the_Russo-Ukrainian_war
British–Polish–Ukrainian trilateral pact,Category:Prelude to the Russian invasion of Ukraine,10487,6,,,2026-09-22T22:34:11Z,https://en.wikipedia.org/wiki/British%E2%80%93Polish%E2%80%93Ukrainian_trilateral_pact
Bryansk Oblast,seed-file:team_DATA_json_titles.txt,13648,13,52.95,33.4,2026-06-30T23:42:23Z,https://en.wikipedia.org/wiki/Bryansk_Oblast
Bucha (film),Category:Genocide and the Russian invasion of Ukraine,2953,6,,,2026-08-10T02:57:37Z,https://en.wikipedia.org/wiki/Bucha_(film)
Bucha massacre,Category:Genocide and the Russian invasion of Ukraine,38535,22,50.54861111,30.22083333,2026-09-25T09:17:00Z,https://en.wikipedia.org/wiki/Bucha_massacre
Budapest Memorandum,Category:Events affected by the 2014 Russian annexation of Crimea,22785,12,,,2026-08-30T13:23:24Z,https://en.wikipedia.org/wiki/Budapest_Memorandum
Building of the Chernihiv Regional Youth Center,Category:Buildings and structures destroyed during the Russian invasion of Ukraine,2916,3,51.49111111,31.29861111,2026-08-30T04:07:31Z,https://en.wikipedia.org/wiki/Building_of_the_Chernihiv_Regional_Youth_Center
Buryat Battalion,Category:Military units and formations of Russia in the Russian invasion of Ukraine,1035,0,,,2025-08-01T16:23:33Z,https://en.wikipedia.org/wiki/Buryat_Battalion
Busification,Category:Internet memes related to the Russian invasion of Ukraine,12374,8,,,2026-09-14T15:14:10Z,https://en.wikipedia.org/wiki/Busification
Busly liaciać,Category:Organizations of the Russo-Ukrainian war,2272,2,,,2026-06-22T22:34:43Z,https://en.wikipedia.org/wiki/Busly_liacia%C4%87
By-elections to the 8th Russian State Duma,Category:Russian elections in Ukraine,17021,39,,,2026-02-12T18:14:01Z,https://en.wikipedia.org/wiki/By-elections_to_the_8th_Russian_State_Duma
CERT-UA,Category:Russo-Ukrainian cyberwarfare,2185,4,,,2026-08-08T16:18:20Z,https://en.wikipedia.org/wiki/CERT-UA
CRINK,Category:China and the Russian invasion of Ukraine,17073,15,,,2026-09-24T18:33:23Z,https://en.wikipedia.org/wiki/CRINK
Canada–Ukraine authorization for emergency travel,seed-file:team_DATA_json_titles.txt,3940,4,,,2025-02-21T16:52:32Z,https://en.wikipedia.org/wiki/Canada%E2%80%93Ukraine_authorization_for_emergency_travel
Canadian-Ukrainian Brigade,Category:Ukrainian resistance during the Russian invasion of Ukraine,4340,5,,,2026-08-01T18:55:29Z,https://en.wikipedia.org/wiki/Canadian-Ukrainian_Brigade
Capture of Chernobyl,Category:Nuclear power plants and the Russian invasion of Ukraine,10762,9,51.26666667,30.21666667,2026-08-22T02:24:38Z,https://en.wikipedia.org/wiki/Capture_of_Chernobyl
Capture of Donetsk (2014),seed-file:recommended_forces_battles_places.txt,18089,5,,,2026-09-09T05:26:39Z,https://en.wikipedia.org/wiki/Capture_of_Donetsk_(2014)
Capture of Melitopol,seed-file:team_DATA_json_titles.txt,6475,4,,,2026-08-22T02:27:44Z,https://en.wikipedia.org/wiki/Capture_of_Melitopol
Capture of Southern Naval Base,seed-file:recommended_forces_battles_places.txt,15751,7,45.34,33.01,2026-08-24T01:26:26Z,https://en.wikipedia.org/wiki/Capture_of_Southern_Naval_Base
Capture of the Crimean Parliament,seed-file:recommended_forces_battles_places.txt,3917,4,44.951669,34.096692,2026-08-22T02:30:54Z,https://en.wikipedia.org/wiki/Capture_of_the_Crimean_Parliament
Casualties during the 2013–2014 Ukraine crisis,Category:2014 pro-Russian unrest in Ukraine,1621,4,,,2026-01-08T17:41:20Z,https://en.wikipedia.org/wiki/Casualties_during_the_2013%E2%80%932014_Ukraine_crisis
Casualties of the Russo-Ukrainian war,Category:War in Donbas,40483,21,,,2026-09-27T02:42:22Z,https://en.wikipedia.org/wiki/Casualties_of_the_Russo-Ukrainian_war
Catch Me If You Can (game show),Category:Reactions to the Russo-Ukrainian war,3390,7,,,2026-09-30T05:58:11Z,https://en.wikipedia.org/wiki/Catch_Me_If_You_Can_(game_show)
Cecil the Lion Had to Die,Category:Russo-Ukrainian war,713,0,,,2026-06-29T04:57:02Z,https://en.wikipedia.org/wiki/Cecil_the_Lion_Had_to_Die
Chaplyne railway station attack,Category:War crimes during the Russian invasion of Ukraine,1528,4,48.127,36.234,2026-08-08T04:16:00Z,https://en.wikipedia.org/wiki/Chaplyne_railway_station_attack
Chasiv Yar,Category:Populated places destroyed during the Russian invasion of Ukraine,7975,8,48.58844167,37.83588333,2026-09-20T12:54:47Z,https://en.wikipedia.org/wiki/Chasiv_Yar
Chechen involvement in the Russo-Ukrainian war,Category:Foreign involvement in the Russian invasion of Ukraine,9946,5,,,2026-09-22T07:30:26Z,https://en.wikipedia.org/wiki/Chechen_involvement_in_the_Russo-Ukrainian_war
Chechen volunteers on the side of Ukraine,seed-file:team_DATA_json_titles.txt,7541,7,,,2026-07-10T20:20:57Z,https://en.wikipedia.org/wiki/Chechen_volunteers_on_the_side_of_Ukraine
Cherkaske missile attack,seed-file:team_DATA_json_titles.txt,1800,2,,,2026-02-27T14:44:34Z,https://en.wikipedia.org/wiki/Cherkaske_missile_attack
Cherkasy (film),Category:Works about the 2014 Russian annexation of Crimea,3500,4,,,2026-09-13T07:03:28Z,https://en.wikipedia.org/wiki/Cherkasy_(film)
Cherkasy Oblast,Category:Oblasts of Ukraine,7836,13,49.44472222,32.06027778,2026-09-07T00:56:39Z,https://en.wikipedia.org/wiki/Cherkasy_Oblast
Chernihiv,seed-file:recommended_forces_battles_places.txt,25213,31,51.49388889,31.29472222,2026-09-20T12:55:06Z,https://en.wikipedia.org/wiki/Chernihiv
Chernihiv Border Detachment,Category:Military units and formations of Ukraine in the Russian invasion of Ukraine,9333,7,,,2025-04-19T11:13:47Z,https://en.wikipedia.org/wiki/Chernihiv_Border_Detachment
Chernihiv Oblast,seed-file:team_DATA_json_titles.txt,9610,17,51.34,32.06,2026-09-07T00:56:43Z,https://en.wikipedia.org/wiki/Chernihiv_Oblast
Chernihiv Polytechnic National University,Category:Buildings and structures destroyed during the Russian invasion of Ukraine,2957,3,51.505,31.335,2026-06-16T17:24:48Z,https://en.wikipedia.org/wiki/Chernihiv_Polytechnic_National_University
Chernihiv Regional Art Museum,Category:Buildings and structures destroyed during the Russian invasion of Ukraine,3245,4,51.4901,31.3098,2026-08-02T15:44:31Z,https://en.wikipedia.org/wiki/Chernihiv_Regional_Art_Museum
Chernihiv Regional Historical Museum,Category:Buildings and structures destroyed during the Russian invasion of Ukraine,2906,7,51.48916667,31.30916667,2026-04-01T17:49:47Z,https://en.wikipedia.org/wiki/Chernihiv_Regional_Historical_Museum
Chernihiv Rifle Battalion (Ukraine),Category:Military units and formations of Ukraine in the Russian invasion of Ukraine,6373,2,,,2026-08-09T13:27:28Z,https://en.wikipedia.org/wiki/Chernihiv_Rifle_Battalion_(Ukraine)
Chernihiv Stadium,Category:Buildings and structures destroyed during the Russian invasion of Ukraine,13464,12,51.50166667,31.32722222,2026-09-11T11:52:29Z,https://en.wikipedia.org/wiki/Chernihiv_Stadium
Chernihiv strikes (2022–present),Category:War crimes during the Russian invasion of Ukraine,3636,5,51.5001,31.2791,2026-06-28T09:34:23Z,https://en.wikipedia.org/wiki/Chernihiv_strikes_(2022%E2%80%93present)
Chernivtsi Border Detachment,Category:Military units and formations of Ukraine in the Russian invasion of Ukraine,5491,4,,,2026-09-25T18:31:19Z,https://en.wikipedia.org/wiki/Chernivtsi_Border_Detachment
Chernivtsi Oblast,Category:Oblasts of Ukraine,17607,9,48.28,26.01,2026-09-25T18:23:10Z,https://en.wikipedia.org/wiki/Chernivtsi_Oblast
Chernobyl Nuclear Power Plant drone strike,Category:War crimes during the Russian invasion of Ukraine,8339,5,,,2026-09-21T20:49:27Z,https://en.wikipedia.org/wiki/Chernobyl_Nuclear_Power_Plant_drone_strike
Chernobyl exclusion zone,seed-file:recommended_forces_battles_places.txt,38970,21,51.3,30.005,2026-08-21T08:28:02Z,https://en.wikipedia.org/wiki/Chernobyl_exclusion_zone
Child abductions in the Russo-Ukrainian war,Category:Genocide and the Russian invasion of Ukraine,34284,28,,,2026-06-19T03:32:29Z,https://en.wikipedia.org/wiki/Child_abductions_in_the_Russo-Ukrainian_war
Chimera Unit,Category:Military units and formations of Ukraine in the Russian invasion of Ukraine,2001,3,,,2026-06-10T16:43:19Z,https://en.wikipedia.org/wiki/Chimera_Unit
China and the Russo-Ukrainian war,Category:Foreign involvement in the Russian invasion of Ukraine,41464,23,,,2026-09-26T21:48:05Z,https://en.wikipedia.org/wiki/China_and_the_Russo-Ukrainian_war
China's Position on the Political Settlement of the Ukrainian Crisis,Category:Russo-Ukrainian war peace process,8012,6,,,2026-08-22T01:16:30Z,https://en.wikipedia.org/wiki/China%27s_Position_on_the_Political_Settlement_of_the_Ukrainian_Crisis
Chobotarska Synagogue,Category:Religious buildings and structures destroyed during the Russian invasion of Ukraine,1158,2,49.9919,36.2194,2026-07-30T18:20:19Z,https://en.wikipedia.org/wiki/Chobotarska_Synagogue
Chonhar Bridge,Category:Crimea in the Russian invasion of Ukraine,4557,4,45.9524,34.4793,2026-08-24T16:12:43Z,https://en.wikipedia.org/wiki/Chonhar_Bridge
Chop Border Detachment,Category:Military units and formations of Ukraine in the Russian invasion of Ukraine,4435,4,,,2026-02-13T15:33:57Z,https://en.wikipedia.org/wiki/Chop_Border_Detachment
Chosen Company,Category:Military units and formations of Ukraine in the Russian invasion of Ukraine,4535,3,,,2026-07-01T05:27:32Z,https://en.wikipedia.org/wiki/Chosen_Company
Chuhuiv,seed-file:team_DATA_json_titles.txt,5447,10,49.83555556,36.68638889,2026-09-19T02:39:24Z,https://en.wikipedia.org/wiki/Chuhuiv
Chuhuiv air base attack,seed-file:team_DATA_json_titles.txt,1278,3,49.84,36.64722222,2026-08-22T02:36:51Z,https://en.wikipedia.org/wiki/Chuhuiv_air_base_attack
Chulpan Khamatova,Category:Russian activists against the Russian invasion of Ukraine,9476,9,,,2026-09-11T01:57:19Z,https://en.wikipedia.org/wiki/Chulpan_Khamatova
Chystiakove,Category:Malaysia Airlines Flight 17,5146,7,48.02194444,38.62638889,2026-09-19T03:13:15Z,https://en.wikipedia.org/wiki/Chystiakove
City of Mary (song),Category:Songs about the Russian invasion of Ukraine,902,2,,,2026-07-16T08:53:03Z,https://en.wikipedia.org/wiki/City_of_Mary_(song)
Civic Council (Armed Forces of Ukraine),Category:Organizations of the Russo-Ukrainian war,1674,4,,,2026-04-30T08:00:05Z,https://en.wikipedia.org/wiki/Civic_Council_(Armed_Forces_of_Ukraine)
Civil volunteer movement helping Ukrainian forces in the war in Donbas,Category:War in Donbas,7596,5,,,2026-02-26T23:34:54Z,https://en.wikipedia.org/wiki/Civil_volunteer_movement_helping_Ukrainian_forces_in_the_war_in_Donbas
Civil–military administrations (Ukraine),Category:War in Donbas,2946,4,,,2026-05-03T17:09:26Z,https://en.wikipedia.org/wiki/Civil%E2%80%93military_administrations_(Ukraine)
Claims of Vladimir Putin's incapacity and death,Category:Propaganda in Ukraine related to the Russian invasion of Ukraine,6224,9,,,2026-08-31T21:23:34Z,https://en.wikipedia.org/wiki/Claims_of_Vladimir_Putin%27s_incapacity_and_death
Club of Angry Patriots,Category:Organizations of the Russo-Ukrainian war,3582,4,,,2026-07-28T14:41:51Z,https://en.wikipedia.org/wiki/Club_of_Angry_Patriots
Coalition of the willing (Russo-Ukrainian war),Category:Foreign involvement in the Russian invasion of Ukraine,20844,11,,,2026-09-19T00:51:33Z,https://en.wikipedia.org/wiki/Coalition_of_the_willing_(Russo-Ukrainian_war)
Collaboration with Russia during the Russo-Ukrainian war (2022–present),Category:Ukrainian collaboration with Russia,25406,17,,,2026-08-22T01:16:42Z,https://en.wikipedia.org/wiki/Collaboration_with_Russia_during_the_Russo-Ukrainian_war_(2022%E2%80%93present)
Columbus Nova,Category:Sanctions and boycotts during the Russo-Ukrainian war,3852,3,,,2025-11-04T01:03:45Z,https://en.wikipedia.org/wiki/Columbus_Nova
Combat Mission: Black Sea,Category:Russo-Ukrainian war in fiction,5341,9,,,2026-09-19T18:48:18Z,https://en.wikipedia.org/wiki/Combat_Mission:_Black_Sea
Combat Organization of Anarcho-Communists,Category:Belarusian and Russian partisan movement (2022–present),4301,5,,,2026-08-16T18:17:59Z,https://en.wikipedia.org/wiki/Combat_Organization_of_Anarcho-Communists
Combatants of the war in Donbas,Category:War in Donbas,25564,19,,,2026-09-09T09:03:47Z,https://en.wikipedia.org/wiki/Combatants_of_the_war_in_Donbas
"Commemorative Medal ""Participant of a Special Military Operation""",Category:Russo-Ukrainian war,1865,3,,,2026-08-22T01:16:49Z,https://en.wikipedia.org/wiki/Commemorative_Medal_%22Participant_of_a_Special_Military_Operation%22
Committee of Bashkir Resistance,Category:Belarusian and Russian partisan movement (2022–present),2949,2,,,2026-06-22T22:38:27Z,https://en.wikipedia.org/wiki/Committee_of_Bashkir_Resistance
Communist Party of the Donetsk People's Republic,Category:Organizations of the Russo-Ukrainian war,2484,3,,,2026-09-29T10:57:13Z,https://en.wikipedia.org/wiki/Communist_Party_of_the_Donetsk_People%27s_Republic
Community of Railway Workers of Belarus,Category:Organizations of the Russo-Ukrainian war,1118,1,,,2026-08-22T01:16:54Z,https://en.wikipedia.org/wiki/Community_of_Railway_Workers_of_Belarus
Comparisons between the Gaza war and the Russo-Ukrainian war,Category:Reactions to the Russo-Ukrainian war,9642,9,,,2026-09-21T08:06:22Z,https://en.wikipedia.org/wiki/Comparisons_between_the_Gaza_war_and_the_Russo-Ukrainian_war
Concert for Ukraine,Category:Reactions to the Russian invasion of Ukraine,3041,3,,,2026-07-08T19:02:56Z,https://en.wikipedia.org/wiki/Concert_for_Ukraine
Confiscation of Russian central bank funds,Category:Russo-Ukrainian war,30548,13,,,2026-09-10T17:26:29Z,https://en.wikipedia.org/wiki/Confiscation_of_Russian_central_bank_funds
Conflict Observatory,Category:War crimes in the Russo-Ukrainian war,3242,3,,,2026-09-04T15:52:54Z,https://en.wikipedia.org/wiki/Conflict_Observatory
Conflict between Filaret and Epiphanius,Category:2018 Moscow–Constantinople schism,37806,17,,,2026-08-11T18:07:51Z,https://en.wikipedia.org/wiki/Conflict_between_Filaret_and_Epiphanius
"Congress of People's Deputies (Russia, 2022)",Category:Reactions to the Russian invasion of Ukraine,12466,9,,,2026-09-27T19:44:10Z,"https://en.wikipedia.org/wiki/Congress_of_People%27s_Deputies_(Russia,_2022)"
Congress of the Peoples of the North Caucasus,Category:Russo-Ukrainian war (2022–present),3148,4,,,2026-07-13T19:55:52Z,https://en.wikipedia.org/wiki/Congress_of_the_Peoples_of_the_North_Caucasus
Conscription of disabled people during the Russo-Ukrainian war,Category:Russo-Ukrainian war,4949,3,,,2026-06-23T20:41:10Z,https://en.wikipedia.org/wiki/Conscription_of_disabled_people_during_the_Russo-Ukrainian_war
Consecration of Russia to the Immaculate Heart of Mary,Category:Reactions to the Russian invasion of Ukraine,9393,8,,,2026-09-20T18:42:11Z,https://en.wikipedia.org/wiki/Consecration_of_Russia_to_the_Immaculate_Heart_of_Mary
"Consolidated Appropriations Act, 2022",seed-file:team_DATA_json_titles.txt,3667,3,,,2026-05-14T20:53:06Z,"https://en.wikipedia.org/wiki/Consolidated_Appropriations_Act,_2022"
Constitution of the Republic of Crimea,Category:2014 Russian annexation of Crimea,1099,2,,,2026-07-11T19:04:02Z,https://en.wikipedia.org/wiki/Constitution_of_the_Republic_of_Crimea
Conversations about Important Things,Category:Propaganda in Russia related to the Russian invasion of Ukraine,11298,11,,,2026-09-14T00:54:33Z,https://en.wikipedia.org/wiki/Conversations_about_Important_Things
Coordination Headquarters for the Treatment of Prisoners of War,Category:Organizations of the Russo-Ukrainian war,14221,7,,,2026-07-04T21:49:38Z,https://en.wikipedia.org/wiki/Coordination_Headquarters_for_the_Treatment_of_Prisoners_of_War
Corporate responses to the Russian invasion of Ukraine,Category:Reactions to the Russian invasion of Ukraine,885,2,,,2026-08-26T13:28:14Z,https://en.wikipedia.org/wiki/Corporate_responses_to_the_Russian_invasion_of_Ukraine
Cossack cross,Category:Military symbols used during the Russo-Ukrainian war,1205,4,,,2026-07-10T09:46:34Z,https://en.wikipedia.org/wiki/Cossack_cross
Council for Cooperation with Ukraine,Category:Russo-Ukrainian war (2022–present),2053,4,,,2026-08-08T17:21:57Z,https://en.wikipedia.org/wiki/Council_for_Cooperation_with_Ukraine
Council of Mothers and Wives,Category:Russo-Ukrainian war (2022–present),698,0,,,2026-01-02T22:22:47Z,https://en.wikipedia.org/wiki/Council_of_Mothers_and_Wives
Crimea,seed-file:recommended_forces_battles_places.txt,42540,30,45.3,34.4,2026-09-02T01:58:21Z,https://en.wikipedia.org/wiki/Crimea
Crimea Platform,Category:Russo-Ukrainian war peace process,9298,9,,,2026-05-09T12:14:58Z,https://en.wikipedia.org/wiki/Crimea_Platform
Crimea. The Way Home,Category:Works about the 2014 Russian annexation of Crimea,2059,4,,,2026-06-07T18:37:38Z,https://en.wikipedia.org/wiki/Crimea._The_Way_Home
Crimean Bridge,seed-file:team_DATA_json_titles.txt,22524,16,,,2026-09-01T03:02:14Z,https://en.wikipedia.org/wiki/Crimean_Bridge
Crimean consensus,Category:Russo-Ukrainian war,7286,6,,,2026-01-24T13:17:35Z,https://en.wikipedia.org/wiki/Crimean_consensus
Crimean speech of Vladimir Putin,Category:Events affected by the 2014 Russian annexation of Crimea,8253,4,,,2026-04-01T12:29:39Z,https://en.wikipedia.org/wiki/Crimean_speech_of_Vladimir_Putin
Croatia and the Russo-Ukrainian war,Category:Foreign involvement in the Russo-Ukrainian war,15475,11,,,2026-08-23T16:50:58Z,https://en.wikipedia.org/wiki/Croatia_and_the_Russo-Ukrainian_war
Crocus City Hall attack,Category:Attacks in Russia during the Russo-Ukrainian war (2022–present),41882,21,55.82583333,37.39027778,2026-09-26T09:07:54Z,https://en.wikipedia.org/wiki/Crocus_City_Hall_attack
Crucified boy,Category:War in Donbas,6686,5,,,2026-05-23T07:24:10Z,https://en.wikipedia.org/wiki/Crucified_boy
Crushed (Imagine Dragons song),Category:Songs about the Russian invasion of Ukraine,1834,3,,,2026-06-06T06:04:07Z,https://en.wikipedia.org/wiki/Crushed_(Imagine_Dragons_song)
Cyber Partisans,Category:Organizations of the Russo-Ukrainian war,10951,5,,,2026-04-26T17:37:09Z,https://en.wikipedia.org/wiki/Cyber_Partisans
CyberBerkut,Category:Russo-Ukrainian cyberwarfare,3933,5,,,2026-09-16T09:29:47Z,https://en.wikipedia.org/wiki/CyberBerkut
Cyborgs (Donetsk airport),Category:War in Donbas,8461,8,,,2026-05-07T10:01:30Z,https://en.wikipedia.org/wiki/Cyborgs_(Donetsk_airport)
Cyprus Confidential,Category:Russo-Ukrainian war (2022–present),7926,5,,,2026-09-05T11:21:50Z,https://en.wikipedia.org/wiki/Cyprus_Confidential
Czech Republic First!,seed-file:team_DATA_json_titles.txt,6414,3,,,2026-06-25T17:06:37Z,https://en.wikipedia.org/wiki/Czech_Republic_First!
DOSAAF of Russia,Category:Sanctions and boycotts during the Russo-Ukrainian war,1393,1,55.82388889,37.44305556,2026-04-18T22:58:45Z,https://en.wikipedia.org/wiki/DOSAAF_of_Russia
Dallas Analytics,Category:Russo-Ukrainian cyberwarfare,6397,5,,,2026-09-22T05:33:31Z,https://en.wikipedia.org/wiki/Dallas_Analytics
Danguèrè Wotoro massacre,Category:Massacres committed by the Wagner Group,1867,3,,,2025-12-11T17:35:09Z,https://en.wikipedia.org/wiki/Dangu%C3%A8r%C3%A8_Wotoro_massacre
Daniil Konstantinov,Category:Russian activists against the Russian invasion of Ukraine,8293,9,,,2026-03-03T02:53:13Z,https://en.wikipedia.org/wiki/Daniil_Konstantinov
Daria Serenko,Category:Russian activists against the Russian invasion of Ukraine,4420,4,,,2026-09-18T18:28:29Z,https://en.wikipedia.org/wiki/Daria_Serenko
Darya Dugina,seed-file:team_DATA_json_titles.txt,18320,17,,,2026-09-17T20:41:43Z,https://en.wikipedia.org/wiki/Darya_Dugina
Darya Kozyreva,Category:Russian activists against the Russian invasion of Ukraine,3588,2,,,2026-08-27T01:56:43Z,https://en.wikipedia.org/wiki/Darya_Kozyreva
Darya Kravets,Category:Ukrainian sportspeople in Russia during the Russo-Ukrainian war,2099,4,,,2026-04-26T20:15:17Z,https://en.wikipedia.org/wiki/Darya_Kravets
Darya Lantratova,Category:Women in the Russo-Ukrainian war,2593,4,,,2025-11-21T10:10:58Z,https://en.wikipedia.org/wiki/Darya_Lantratova
Darya Trepova,Category:Russian activists against the Russian invasion of Ukraine,5986,6,,,2026-06-04T16:59:08Z,https://en.wikipedia.org/wiki/Darya_Trepova
Daryna Apanashchenko,Category:Ukrainian sportspeople in Russia during the Russo-Ukrainian war,2903,5,,,2026-07-24T20:20:41Z,https://en.wikipedia.org/wiki/Daryna_Apanashchenko
David Axe,Category:War correspondents of the Russo-Ukrainian war,2661,3,,,2026-07-09T06:29:09Z,https://en.wikipedia.org/wiki/David_Axe
David Knowles (journalist),Category:Pro-Ukrainian people of the Russian invasion of Ukraine,3643,5,,,2026-05-13T02:13:23Z,https://en.wikipedia.org/wiki/David_Knowles_(journalist)
Davyd Zhvania,Category:Civilians killed in the Russian invasion of Ukraine,2507,2,,,2026-08-25T04:13:15Z,https://en.wikipedia.org/wiki/Davyd_Zhvania
Day of Resistance to Occupation of Crimea and Sevastopol,Category:2014 Russian annexation of Crimea,784,1,,,2026-08-14T14:59:50Z,https://en.wikipedia.org/wiki/Day_of_Resistance_to_Occupation_of_Crimea_and_Sevastopol
DeViRo Leleka-100,Category:Military equipment of the Russian invasion of Ukraine,342,0,,,2026-07-21T19:12:13Z,https://en.wikipedia.org/wiki/DeViRo_Leleka-100
Death and funeral of Mikhail Gorbachev,Category:Events affected by the Russian invasion of Ukraine,9005,6,,,2026-08-23T12:30:04Z,https://en.wikipedia.org/wiki/Death_and_funeral_of_Mikhail_Gorbachev
Death of Anatoly Klyan,Category:People of the 2014 pro-Russian unrest in Ukraine,3941,6,,,2026-05-19T21:31:07Z,https://en.wikipedia.org/wiki/Death_of_Anatoly_Klyan
Death of Nemes Tarimo,seed-file:team_DATA_json_titles.txt,1955,4,,,2026-08-22T18:16:52Z,https://en.wikipedia.org/wiki/Death_of_Nemes_Tarimo
Declaration of Independence of the Republic of Crimea,Category:Events affected by the 2014 Russian annexation of Crimea,1729,2,,,2026-09-15T02:06:42Z,https://en.wikipedia.org/wiki/Declaration_of_Independence_of_the_Republic_of_Crimea
Decolonization in Ukraine,seed-file:team_DATA_json_titles.txt,2888,3,,,2026-01-12T18:26:27Z,https://en.wikipedia.org/wiki/Decolonization_in_Ukraine
Decommunization in Ukraine,seed-file:team_DATA_json_titles.txt,16485,8,,,2026-08-27T16:02:41Z,https://en.wikipedia.org/wiki/Decommunization_in_Ukraine
Decree 374/2026,Category:Internet memes related to the Russian invasion of Ukraine,6132,9,,,2026-08-05T14:15:44Z,https://en.wikipedia.org/wiki/Decree_374/2026
Deep strike campaign,Category:Russo-Ukrainian war (2022–present),10567,9,,,2026-09-22T03:21:28Z,https://en.wikipedia.org/wiki/Deep_strike_campaign
DeepStateMap.Live,Category:Reactions to the Russian invasion of Ukraine,16331,9,,,2026-09-22T05:03:03Z,https://en.wikipedia.org/wiki/DeepStateMap.Live
Deir ez-Zor offensive (September–November 2017),Category:Battles involving the Wagner Group,6683,5,,,2026-08-22T02:59:12Z,https://en.wikipedia.org/wiki/Deir_ez-Zor_offensive_(September%E2%80%93November_2017)
Delta (situational awareness system),seed-file:team_DATA_json_titles.txt,5493,3,,,2026-06-23T15:06:47Z,https://en.wikipedia.org/wiki/Delta_(situational_awareness_system)
Demolition of monuments to Alexander Pushkin in Ukraine,seed-file:team_DATA_json_titles.txt,11566,6,,,2026-07-17T16:40:22Z,https://en.wikipedia.org/wiki/Demolition_of_monuments_to_Alexander_Pushkin_in_Ukraine
Demonstration in support of Ukraine,Category:Reactions to the Russo-Ukrainian war,1229,2,,,2025-12-20T11:12:12Z,https://en.wikipedia.org/wiki/Demonstration_in_support_of_Ukraine
Denis Berezovsky,Category:People of the 2014 Russian annexation of Crimea,4646,7,,,2026-08-24T01:43:50Z,https://en.wikipedia.org/wiki/Denis_Berezovsky
Denis Kapustin (militant),Category:Belarusian and Russian partisan movement (2022–present),9540,10,,,2026-09-05T18:43:05Z,https://en.wikipedia.org/wiki/Denis_Kapustin_(militant)
Denis Maydanov,Category:People of the 2014 Russian annexation of Crimea,15810,13,,,2026-08-20T16:37:18Z,https://en.wikipedia.org/wiki/Denis_Maydanov
Denis Pushilin,Category:Ukrainian collaborators with Russia,6822,8,,,2026-07-11T12:04:19Z,https://en.wikipedia.org/wiki/Denis_Pushilin
Denys Balanyuk,Category:Ukrainian sportspeople in Russia during the Russo-Ukrainian war,1111,3,,,2025-11-04T01:11:10Z,https://en.wikipedia.org/wiki/Denys_Balanyuk
Denys Davydov,Category:People of the Russian invasion of Ukraine,2735,4,,,2026-09-17T06:29:13Z,https://en.wikipedia.org/wiki/Denys_Davydov
Denys Dedechko,Category:Ukrainian sportspeople in Russia during the Russo-Ukrainian war,1085,3,,,2026-02-02T14:31:47Z,https://en.wikipedia.org/wiki/Denys_Dedechko
Denys Kireyev,Category:Pro-Ukrainian people of the Russian invasion of Ukraine,3080,2,,,2026-09-06T04:10:50Z,https://en.wikipedia.org/wiki/Denys_Kireyev
Denys Kulakov,Category:Ukrainian sportspeople in Russia during the Russo-Ukrainian war,806,3,,,2026-01-05T04:31:48Z,https://en.wikipedia.org/wiki/Denys_Kulakov
Denys Lukashov,Category:Ukrainian sportspeople in Russia during the Russo-Ukrainian war,487,2,,,2026-09-15T00:20:17Z,https://en.wikipedia.org/wiki/Denys_Lukashov
Denys Monastyrsky,Category:Pro-Ukrainian people of the Russian invasion of Ukraine,4257,4,,,2026-06-15T18:26:36Z,https://en.wikipedia.org/wiki/Denys_Monastyrsky
Denys Prokopenko,seed-file:team_DATA_json_titles.txt,11603,11,,,2026-09-22T00:34:36Z,https://en.wikipedia.org/wiki/Denys_Prokopenko
Denys Shmyhal,Category:Pro-Ukrainian people of the Russian invasion of Ukraine,5880,9,,,2026-09-16T07:18:37Z,https://en.wikipedia.org/wiki/Denys_Shmyhal
Denys Skepskyi,Category:Ukrainian sportspeople in Russia during the Russo-Ukrainian war,1206,4,,,2026-06-22T19:28:28Z,https://en.wikipedia.org/wiki/Denys_Skepskyi
Denys Taraduda,Category:Ukrainian sportspeople in Russia during the Russo-Ukrainian war,785,3,,,2026-09-03T21:39:25Z,https://en.wikipedia.org/wiki/Denys_Taraduda
Derussification in Ukraine,seed-file:team_DATA_json_titles.txt,21340,10,,,2026-08-21T13:12:14Z,https://en.wikipedia.org/wiki/Derussification_in_Ukraine
Desna barracks airstrike,seed-file:team_DATA_json_titles.txt,714,1,,,2025-08-10T14:57:03Z,https://en.wikipedia.org/wiki/Desna_barracks_airstrike
"Desna, Chernihiv Oblast",seed-file:team_DATA_json_titles.txt,2121,3,50.93111111,30.75694444,2026-09-20T00:29:47Z,"https://en.wikipedia.org/wiki/Desna,_Chernihiv_Oblast"
Destroyed Russian military equipment exhibition,Category:Military equipment of the Russian invasion of Ukraine,1511,2,,,2026-09-19T10:22:55Z,https://en.wikipedia.org/wiki/Destroyed_Russian_military_equipment_exhibition
Destruction of the Kakhovka Dam,Category:War crimes during the Russian invasion of Ukraine,63982,22,46.77777778,33.37027778,2026-09-17T18:58:27Z,https://en.wikipedia.org/wiki/Destruction_of_the_Kakhovka_Dam
Destruction of the Kozarovychi Dam,Category:Buildings and structures destroyed during the Russian invasion of Ukraine,3494,4,50.74416667,30.36833333,2026-05-11T12:55:09Z,https://en.wikipedia.org/wiki/Destruction_of_the_Kozarovychi_Dam
Detention of Mark Bernstein,Category:Events affected by the Russian invasion of Ukraine,4254,5,,,2026-01-04T12:01:37Z,https://en.wikipedia.org/wiki/Detention_of_Mark_Bernstein
Diamville,Category:Sanctions and boycotts during the Russo-Ukrainian war,2696,4,,,2026-06-22T22:01:41Z,https://en.wikipedia.org/wiki/Diamville
Diana Burkot,Category:Russian activists against the Russian invasion of Ukraine,3208,4,,,2026-08-06T00:10:59Z,https://en.wikipedia.org/wiki/Diana_Burkot
Diana Isakova,Category:Russian activists against the Russian invasion of Ukraine,4176,6,,,2026-08-22T01:17:53Z,https://en.wikipedia.org/wiki/Diana_Isakova
Diana Loginova,Category:Russian activists against the Russian invasion of Ukraine,5011,3,,,2026-08-22T01:17:59Z,https://en.wikipedia.org/wiki/Diana_Loginova
Diana Panchenko,Category:Ukrainian collaborators with Russia,3372,2,,,2026-07-30T11:37:42Z,https://en.wikipedia.org/wiki/Diana_Panchenko
Diplomatic expulsions during the Russo-Ukrainian war,Category:Russo-Ukrainian war related lists,6196,6,,,2025-11-16T01:10:55Z,https://en.wikipedia.org/wiki/Diplomatic_expulsions_during_the_Russo-Ukrainian_war
Discord Leaks,Category:United States and the Russian invasion of Ukraine,30967,34,,,2026-08-18T03:36:02Z,https://en.wikipedia.org/wiki/Discord_Leaks
Disinformation Governance Board,seed-file:team_DATA_json_titles.txt,10619,5,,,2026-08-08T19:16:22Z,https://en.wikipedia.org/wiki/Disinformation_Governance_Board
Disinformation in the Russian invasion of Ukraine,Category:Disinformation in the Russian invasion of Ukraine,75763,48,,,2026-09-23T15:43:00Z,https://en.wikipedia.org/wiki/Disinformation_in_the_Russian_invasion_of_Ukraine
Dissolution of the Soviet Union,seed-file:recommended_forces_battles_places.txt,105893,41,,,2026-09-21T21:01:38Z,https://en.wikipedia.org/wiki/Dissolution_of_the_Soviet_Union
Dmitri Khristich,Category:Ukrainian sportspeople in Russia during the Russo-Ukrainian war,2254,5,,,2026-07-03T04:28:11Z,https://en.wikipedia.org/wiki/Dmitri_Khristich
Dmitry Belik,Category:People of the 2014 Russian annexation of Crimea,7249,9,,,2026-04-09T03:05:46Z,https://en.wikipedia.org/wiki/Dmitry_Belik
Dmitry Demushkin,Category:Russian activists against the Russian invasion of Ukraine,15302,10,,,2026-08-21T20:53:09Z,https://en.wikipedia.org/wiki/Dmitry_Demushkin
Dmitry Kiselyov,Category:People of the 2014 Russian annexation of Crimea,19982,18,,,2026-09-28T21:37:21Z,https://en.wikipedia.org/wiki/Dmitry_Kiselyov
Dmitry Medvedev,Category:People of the Russian invasion of Ukraine,72446,35,,,2026-09-19T20:20:50Z,https://en.wikipedia.org/wiki/Dmitry_Medvedev
Dmitry Petrov (anarchist),Category:Russian activists against the Russian invasion of Ukraine,7481,8,,,2026-09-13T15:01:47Z,https://en.wikipedia.org/wiki/Dmitry_Petrov_(anarchist)
Dmitry Rogozin,Category:People of the 2014 Russian annexation of Crimea,19195,10,,,2026-08-21T00:51:52Z,https://en.wikipedia.org/wiki/Dmitry_Rogozin
Dmitry Trapeznikov,Category:Ukrainian collaborators with Russia,1661,2,,,2026-04-16T20:17:10Z,https://en.wikipedia.org/wiki/Dmitry_Trapeznikov
Dmitry Utkin,Category:People of the Wagner Group,7786,9,,,2026-08-21T22:53:31Z,https://en.wikipedia.org/wiki/Dmitry_Utkin
Dmytro Bilonoh,Category:Ukrainian sportspeople in Russia during the Russo-Ukrainian war,831,3,,,2026-09-03T21:21:37Z,https://en.wikipedia.org/wiki/Dmytro_Bilonoh
Dmytro Hryshko,Category:Ukrainian sportspeople in Russia during the Russo-Ukrainian war,807,3,,,2026-09-07T17:58:09Z,https://en.wikipedia.org/wiki/Dmytro_Hryshko
Dmytro Ivanisenya,Category:Ukrainian sportspeople in Russia during the Russo-Ukrainian war,1098,6,,,2026-09-08T02:27:13Z,https://en.wikipedia.org/wiki/Dmytro_Ivanisenya
Dmytro Khomchenovskyi,Category:Ukrainian sportspeople in Russia during the Russo-Ukrainian war,1867,3,,,2026-06-04T20:23:53Z,https://en.wikipedia.org/wiki/Dmytro_Khomchenovskyi
Dmytro Kotsiubailo,Category:Ukrainian military personnel killed during the Battle of Bakhmut,2635,5,,,2026-08-08T08:43:28Z,https://en.wikipedia.org/wiki/Dmytro_Kotsiubailo
Dmytro Kozatskyi,Category:Siege of Mariupol,5295,6,,,2026-07-17T13:54:00Z,https://en.wikipedia.org/wiki/Dmytro_Kozatskyi
Dmytro Kuleba,Category:Pro-Ukrainian people of the Russian invasion of Ukraine,11816,9,,,2026-09-30T14:21:13Z,https://en.wikipedia.org/wiki/Dmytro_Kuleba
Dmytro Kushneruk,Category:Pro-Ukrainian people of the Russian invasion of Ukraine,4776,8,,,2026-05-12T16:30:18Z,https://en.wikipedia.org/wiki/Dmytro_Kushneruk
Dmytro Lunin,Category:Pro-Ukrainian people of the Russian invasion of Ukraine,2217,3,,,2026-08-30T07:20:47Z,https://en.wikipedia.org/wiki/Dmytro_Lunin
Dmytro Lytvyn,Category:Ukrainian sportspeople in Russia during the Russo-Ukrainian war,531,2,,,2026-08-29T13:08:59Z,https://en.wikipedia.org/wiki/Dmytro_Lytvyn
Dmytro Lytvyn (advisor),Category:Pro-Ukrainian people of the Russian invasion of Ukraine,2446,3,,,2026-09-27T07:49:00Z,https://en.wikipedia.org/wiki/Dmytro_Lytvyn_(advisor)
Dmytro Nazarenko (politician),Category:People of the Russian invasion of Ukraine,1352,1,,,2026-04-30T19:23:10Z,https://en.wikipedia.org/wiki/Dmytro_Nazarenko_(politician)
Dmytro Nyemchaninov,Category:Ukrainian sportspeople in Russia during the Russo-Ukrainian war,1055,4,,,2026-06-06T08:51:00Z,https://en.wikipedia.org/wiki/Dmytro_Nyemchaninov
Dmytro Parfyonov,Category:Ukrainian sportspeople in Russia during the Russo-Ukrainian war,1704,5,,,2026-04-14T23:49:11Z,https://en.wikipedia.org/wiki/Dmytro_Parfyonov
Dmytro Pashytskyy,Category:Ukrainian sportspeople in Russia during the Russo-Ukrainian war,3117,6,,,2026-07-17T02:21:27Z,https://en.wikipedia.org/wiki/Dmytro_Pashytskyy
Dmytro Semochko,Category:Ukrainian sportspeople in Russia during the Russo-Ukrainian war,1285,2,,,2026-04-14T23:50:47Z,https://en.wikipedia.org/wiki/Dmytro_Semochko
Dmytro Shcherbak,Category:Ukrainian sportspeople in Russia during the Russo-Ukrainian war,388,2,,,2025-11-04T01:15:07Z,https://en.wikipedia.org/wiki/Dmytro_Shcherbak
Dmytro Svyatash,Category:Ukrainian collaborators with Russia,2511,3,,,2026-08-12T22:52:49Z,https://en.wikipedia.org/wiki/Dmytro_Svyatash
Dmytro Teryomenko,Category:Ukrainian sportspeople in Russia during the Russo-Ukrainian war,1717,4,,,2025-11-04T01:15:25Z,https://en.wikipedia.org/wiki/Dmytro_Teryomenko
Dmytro Tyapushkin,Category:Ukrainian sportspeople in Russia during the Russo-Ukrainian war,2520,5,,,2025-11-04T01:15:31Z,https://en.wikipedia.org/wiki/Dmytro_Tyapushkin
Dmytro Tymchuk,Category:Russo-Ukrainian cyberwarfare,2498,5,,,2026-09-30T09:31:44Z,https://en.wikipedia.org/wiki/Dmytro_Tymchuk
Dmytro Yarosh,Category:People of the 2014 Russian annexation of Crimea,14374,13,,,2026-08-29T08:59:29Z,https://en.wikipedia.org/wiki/Dmytro_Yarosh
Dmytro Zhyvytskyi,Category:Pro-Ukrainian people of the Russian invasion of Ukraine,5476,2,,,2025-12-04T16:19:15Z,https://en.wikipedia.org/wiki/Dmytro_Zhyvytskyi
Dnieper,seed-file:recommended_forces_battles_places.txt,12690,22,46.5,32.33333333,2026-08-07T03:27:59Z,https://en.wikipedia.org/wiki/Dnieper
Dnieper campaign (2022–present),Category:Campaigns of the Russian invasion of Ukraine,21249,10,,,2026-09-06T19:36:49Z,https://en.wikipedia.org/wiki/Dnieper_campaign_(2022%E2%80%93present)
Dnipro,seed-file:team_DATA_json_titles.txt,75541,42,48.4675,35.04,2026-09-28T23:30:19Z,https://en.wikipedia.org/wiki/Dnipro
Dnipro International Airport,Category:Buildings and structures destroyed during the Russian invasion of Ukraine,2856,5,48.35722222,35.10055556,2026-08-26T03:43:35Z,https://en.wikipedia.org/wiki/Dnipro_International_Airport
Dnipro strikes (2022–present),Category:War crimes during the Russian invasion of Ukraine,36112,44,48.4675,35.04,2026-08-22T01:18:13Z,https://en.wikipedia.org/wiki/Dnipro_strikes_(2022%E2%80%93present)
Dnipro-1 Regiment,seed-file:recommended_forces_battles_places.txt,4619,4,,,2026-08-13T13:36:01Z,https://en.wikipedia.org/wiki/Dnipro-1_Regiment
Dnipropetrovsk Oblast,seed-file:team_DATA_json_titles.txt,26097,20,48.39,34.71,2026-09-10T11:27:10Z,https://en.wikipedia.org/wiki/Dnipropetrovsk_Oblast
Do not buy Russian goods!,Category:Sanctions and boycotts during the Russo-Ukrainian war,7043,9,,,2026-04-20T05:32:32Z,https://en.wikipedia.org/wiki/Do_not_buy_Russian_goods!
Don Bacon,Category:Pro-Ukrainian people of the Russian invasion of Ukraine,24604,31,,,2026-09-24T02:06:49Z,https://en.wikipedia.org/wiki/Don_Bacon
Donbas,seed-file:recommended_forces_battles_places.txt,40265,20,,,2026-09-20T03:20:29Z,https://en.wikipedia.org/wiki/Donbas
Donbas Battalion,Category:Military units and formations of Ukraine in the Russian invasion of Ukraine,21514,7,,,2026-08-04T19:37:48Z,https://en.wikipedia.org/wiki/Donbas_Battalion
Donbas Post,Category:War in Donbas,4731,5,,,2026-07-01T01:40:30Z,https://en.wikipedia.org/wiki/Donbas_Post
Donetsk,seed-file:recommended_forces_battles_places.txt,37294,33,48.0158,37.8028,2026-09-25T17:31:30Z,https://en.wikipedia.org/wiki/Donetsk
Donetsk Oblast,Category:Russian annexations during the Russo-Ukrainian war,10840,12,48.14,37.74,2026-09-07T07:58:33Z,https://en.wikipedia.org/wiki/Donetsk_Oblast
Donetsk People's Republic,Category:War in Donbas,67583,38,48.14,37.74,2026-09-25T21:40:45Z,https://en.wikipedia.org/wiki/Donetsk_People%27s_Republic
Donetsk Republic (movement),Category:2014 pro-Russian unrest in Ukraine,3973,4,,,2026-08-13T13:07:49Z,https://en.wikipedia.org/wiki/Donetsk_Republic_(movement)
Donetsk fortress belt,Category:War in Donbas,2418,3,,,2026-09-30T08:39:31Z,https://en.wikipedia.org/wiki/Donetsk_fortress_belt
Doppelganger (disinformation campaign),Category:Disinformation in the Russian invasion of Ukraine,4827,6,,,2026-08-26T01:19:59Z,https://en.wikipedia.org/wiki/Doppelganger_(disinformation_campaign)
Dovzhansky (border checkpoint),Category:War in Donbas,1710,4,47.85833333,39.75472222,2026-09-19T05:38:48Z,https://en.wikipedia.org/wiki/Dovzhansky_(border_checkpoint)
Dragon Dilatation,Category:Russo-Ukrainian war films,3630,6,,,2026-07-14T23:01:01Z,https://en.wikipedia.org/wiki/Dragon_Dilatation
Dragon drone,Category:Military equipment of the Russian invasion of Ukraine,5166,6,,,2026-07-21T19:21:16Z,https://en.wikipedia.org/wiki/Dragon_drone
Drobytsky Yar,Category:Buildings and structures destroyed during the Russian invasion of Ukraine,4396,4,49.93478611,36.44871111,2026-07-12T00:35:10Z,https://en.wikipedia.org/wiki/Drobytsky_Yar
Dyagilevo air base,seed-file:team_DATA_json_titles.txt,3002,3,54.64166667,39.57166667,2026-07-19T20:01:18Z,https://en.wikipedia.org/wiki/Dyagilevo_air_base
Dyagilevo and Engels air bases attacks,Category:Attacks in Russia during the Russo-Ukrainian war (2022–present),1020,1,,,2026-05-19T16:55:29Z,https://en.wikipedia.org/wiki/Dyagilevo_and_Engels_air_bases_attacks
Dzharylhach National Nature Park,Category:Impacts of the Russian invasion of Ukraine,4087,6,46.01667,32.9333,2026-07-05T20:40:08Z,https://en.wikipedia.org/wiki/Dzharylhach_National_Nature_Park
Dzianis Procharaŭ,Category:Belarusian involvement in the Russian invasion of Ukraine,1019,1,,,2026-06-30T14:32:46Z,https://en.wikipedia.org/wiki/Dzianis_Prochara%C5%AD
Dzmitry Shautsou,Category:People of the Russian invasion of Ukraine,5396,4,,,2026-08-17T21:31:32Z,https://en.wikipedia.org/wiki/Dzmitry_Shautsou
E.N.O.T. Corp.,Category:Military units and formations of Russia in the Russian invasion of Ukraine,3296,5,,,2026-06-22T22:43:49Z,https://en.wikipedia.org/wiki/E.N.O.T._Corp.
ENS Anwar El Sadat,Category:2014 pro-Russian unrest in Ukraine,4492,3,,,2026-08-26T18:54:32Z,https://en.wikipedia.org/wiki/ENS_Anwar_El_Sadat
ENS Gamal Abdel Nasser,Category:2014 pro-Russian unrest in Ukraine,5218,5,,,2026-08-26T18:47:30Z,https://en.wikipedia.org/wiki/ENS_Gamal_Abdel_Nasser
EU natural gas price cap,Category:Reactions to the Russian invasion of Ukraine,10124,13,,,2026-04-23T23:08:08Z,https://en.wikipedia.org/wiki/EU_natural_gas_price_cap
East Company (Ukraine),Category:Military units and formations of Ukraine in the Russian invasion of Ukraine,5761,4,,,2026-08-09T13:30:44Z,https://en.wikipedia.org/wiki/East_Company_(Ukraine)
East Shield,Category:Reactions to the Russian invasion of Ukraine,2604,5,,,2026-07-19T21:17:01Z,https://en.wikipedia.org/wiki/East_Shield
Eastern front of the Russo-Ukrainian war (2022–present),Category:Theatres of operation of the Russian invasion of Ukraine,67377,20,,,2026-08-29T19:53:49Z,https://en.wikipedia.org/wiki/Eastern_front_of_the_Russo-Ukrainian_war_(2022%E2%80%93present)
Economic Crime (Transparency and Enforcement) Act 2022,Category:Reactions to the Russian invasion of Ukraine,2184,8,,,2026-03-30T12:55:09Z,https://en.wikipedia.org/wiki/Economic_Crime_(Transparency_and_Enforcement)_Act_2022
Economic consequences of the Russo-Ukrainian war (2022–present),Category:Impacts of the Russian invasion of Ukraine,52893,30,,,2026-09-16T17:46:37Z,https://en.wikipedia.org/wiki/Economic_consequences_of_the_Russo-Ukrainian_war_(2022%E2%80%93present)
Eduard Basurin,Category:Ukrainian collaborators with Russia,2319,5,,,2026-09-30T06:52:04Z,https://en.wikipedia.org/wiki/Eduard_Basurin
Eduard Lobau,Category:Belarusian involvement in the Russian invasion of Ukraine,2254,5,,,2026-04-19T02:27:00Z,https://en.wikipedia.org/wiki/Eduard_Lobau
Education in Ukraine,seed-file:team_DATA_json_titles.txt,19012,14,,,2026-09-01T08:48:29Z,https://en.wikipedia.org/wiki/Education_in_Ukraine
Ekaterina Gubareva,Category:Ukrainian collaborators with Russia,5290,7,,,2026-07-10T16:30:53Z,https://en.wikipedia.org/wiki/Ekaterina_Gubareva
Elena Chernenko (journalist),Category:Russian activists against the Russian invasion of Ukraine,859,1,,,2026-05-08T07:42:15Z,https://en.wikipedia.org/wiki/Elena_Chernenko_(journalist)
Elena Kostioukovitch,Category:Russian activists against the Russian invasion of Ukraine,6913,7,,,2026-09-24T04:33:13Z,https://en.wikipedia.org/wiki/Elena_Kostioukovitch
Elena Kostyuchenko,Category:Russian activists against the Russian invasion of Ukraine,8934,5,,,2026-08-21T20:52:36Z,https://en.wikipedia.org/wiki/Elena_Kostyuchenko
Elena Yoncheva,Category:War correspondents of the Russo-Ukrainian war,3565,5,,,2026-07-11T21:32:58Z,https://en.wikipedia.org/wiki/Elena_Yoncheva
Eleventh emergency special session of the United Nations General Assembly,Category:Reactions to the Russian invasion of Ukraine,14469,14,,,2026-09-21T21:32:38Z,https://en.wikipedia.org/wiki/Eleventh_emergency_special_session_of_the_United_Nations_General_Assembly
Elizaveta Glinka,Category:Russian war crimes in Ukraine,7742,10,,,2026-07-14T14:58:57Z,https://en.wikipedia.org/wiki/Elizaveta_Glinka
Ellison Barber,Category:War correspondents of the Russo-Ukrainian war,3184,7,,,2026-09-13T13:35:37Z,https://en.wikipedia.org/wiki/Ellison_Barber
Embargo of Russian oil during the Russo-Ukrainian war,Category:Reactions to the Russian invasion of Ukraine,9896,19,,,2026-09-10T17:27:10Z,https://en.wikipedia.org/wiki/Embargo_of_Russian_oil_during_the_Russo-Ukrainian_war
Emma Best (journalist),Category:People of the Russian invasion of Ukraine,8358,9,,,2026-09-23T10:41:06Z,https://en.wikipedia.org/wiki/Emma_Best_(journalist)
Endling (2025 novel),Category:Works about the Russian invasion of Ukraine,4714,4,,,2026-05-07T21:20:46Z,https://en.wikipedia.org/wiki/Endling_(2025_novel)
Enei Battalion (Ukraine),Category:Military units and formations of Ukraine in the Russian invasion of Ukraine,2313,3,,,2025-12-13T19:20:56Z,https://en.wikipedia.org/wiki/Enei_Battalion_(Ukraine)
Enerhodar,seed-file:recommended_forces_battles_places.txt,3165,6,47.49888889,34.65583333,2026-09-20T15:11:15Z,https://en.wikipedia.org/wiki/Enerhodar
Enlargement of NATO,Category:Events affected by the Russian invasion of Ukraine,69697,26,,,2026-08-26T21:39:40Z,https://en.wikipedia.org/wiki/Enlargement_of_NATO
Environmental impact of the Russian occupation of Crimea,Category:Russo-Ukrainian war,6635,3,,,2026-06-25T01:34:08Z,https://en.wikipedia.org/wiki/Environmental_impact_of_the_Russian_occupation_of_Crimea
Environmental impact of the Russo-Ukrainian war,Category:Impacts of the Russian invasion of Ukraine,31710,17,,,2026-08-28T13:34:53Z,https://en.wikipedia.org/wiki/Environmental_impact_of_the_Russo-Ukrainian_war
Espaniola brigade,Category:Military units and formations of Russia in the Russian invasion of Ukraine,4603,3,,,2026-09-01T14:09:21Z,https://en.wikipedia.org/wiki/Espaniola_brigade
Estonian Christian Orthodox Church,Category:2018 Moscow–Constantinople schism,15322,9,,,2026-06-30T00:17:26Z,https://en.wikipedia.org/wiki/Estonian_Christian_Orthodox_Church
Eurasian Youth Union,Category:2014 pro-Russian unrest in Ukraine,3749,4,,,2026-08-25T13:39:27Z,https://en.wikipedia.org/wiki/Eurasian_Youth_Union
Euromaidan,seed-file:recommended_forces_battles_places.txt,63540,37,,,2026-09-01T09:35:43Z,https://en.wikipedia.org/wiki/Euromaidan
Euromaidan Press,seed-file:team_DATA_json_titles.txt,4438,5,,,2026-07-24T05:16:36Z,https://en.wikipedia.org/wiki/Euromaidan_Press
European Communist Action,Category:Reactions to the Russian invasion of Ukraine,1901,6,,,2026-09-14T18:17:51Z,https://en.wikipedia.org/wiki/European_Communist_Action
European Deterrence Initiative,Category:Russo-Ukrainian war,4521,4,,,2026-08-08T04:17:46Z,https://en.wikipedia.org/wiki/European_Deterrence_Initiative
European Political Community,Category:Reactions to the Russian invasion of Ukraine,11176,13,,,2026-09-02T15:07:09Z,https://en.wikipedia.org/wiki/European_Political_Community
European Union Military Assistance Mission in support of Ukraine,Category:Military operations of the Russian invasion of Ukraine,5154,6,,,2026-08-08T04:55:24Z,https://en.wikipedia.org/wiki/European_Union_Military_Assistance_Mission_in_support_of_Ukraine
Eurovision Song Contest 2022,Category:Events affected by the Russian invasion of Ukraine,37470,39,,,2026-09-03T18:11:27Z,https://en.wikipedia.org/wiki/Eurovision_Song_Contest_2022
Eurovision Song Contest 2023,Category:Events affected by the Russian invasion of Ukraine,33298,34,,,2026-09-19T02:45:44Z,https://en.wikipedia.org/wiki/Eurovision_Song_Contest_2023
Evgenia Berkovich,Category:Russian activists against the Russian invasion of Ukraine,9305,6,,,2026-09-20T15:51:18Z,https://en.wikipedia.org/wiki/Evgenia_Berkovich
Execution of Oleksandr Matsievskyi,Category:War crimes during the Russian invasion of Ukraine,6628,8,,,2026-08-08T09:19:59Z,https://en.wikipedia.org/wiki/Execution_of_Oleksandr_Matsievskyi
Executive Order 14071,seed-file:team_DATA_json_titles.txt,2136,3,,,2026-06-09T16:34:40Z,https://en.wikipedia.org/wiki/Executive_Order_14071
Expo 2020,Category:Events affected by the Russian invasion of Ukraine,26429,30,24.96083333,55.15083333,2026-09-21T19:16:15Z,https://en.wikipedia.org/wiki/Expo_2020
F-16 training coalition,Category:Reactions to the Russian invasion of Ukraine,9102,4,,,2026-05-14T12:33:50Z,https://en.wikipedia.org/wiki/F-16_training_coalition
FP-5 Flamingo,Category:Military equipment of the Russian invasion of Ukraine,16239,7,,,2026-09-24T14:56:29Z,https://en.wikipedia.org/wiki/FP-5_Flamingo
Fakel (company),Category:Military units and formations of Russia in the Russian invasion of Ukraine,2191,2,,,2026-09-05T18:40:01Z,https://en.wikipedia.org/wiki/Fakel_(company)
Famine in northern Ethiopia (2020–present),Category:Grain and the Russian invasion of Ukraine,22296,18,,,2026-08-20T08:19:20Z,https://en.wikipedia.org/wiki/Famine_in_northern_Ethiopia_(2020%E2%80%93present)
Fancy Bear,Category:Russo-Ukrainian cyberwarfare,32691,33,,,2026-09-24T22:20:59Z,https://en.wikipedia.org/wiki/Fancy_Bear
Fastiv I railway station,Category:Buildings and structures destroyed during the Russian invasion of Ukraine,2105,2,50.07856667,29.93106667,2026-08-24T00:22:54Z,https://en.wikipedia.org/wiki/Fastiv_I_railway_station
February 2015 Kramatorsk rocket attack,Category:Military operations of the war in Donbas,1589,4,,,2026-08-06T10:03:22Z,https://en.wikipedia.org/wiki/February_2015_Kramatorsk_rocket_attack
February 2022 Kharkiv cluster bombing,Category:War crimes during the Russian invasion of Ukraine,1914,4,,,2026-03-26T11:55:52Z,https://en.wikipedia.org/wiki/February_2022_Kharkiv_cluster_bombing
February 2024 Belgorod missile strike,Category:Attacks in Russia during the Russo-Ukrainian war (2022–present),1424,3,,,2026-05-12T20:51:24Z,https://en.wikipedia.org/wiki/February_2024_Belgorod_missile_strike
February 2025 Poltava strike,Category:War crimes during the Russian invasion of Ukraine,1795,3,,,2026-08-08T04:19:27Z,https://en.wikipedia.org/wiki/February_2025_Poltava_strike
February 2025 Putin–Trump phone call,Category:Russo-Ukrainian war peace process,7500,7,,,2026-06-28T09:35:20Z,https://en.wikipedia.org/wiki/February_2025_Putin%E2%80%93Trump_phone_call
February 2025 United States–Russia meeting in Saudi Arabia,Category:Russo-Ukrainian war peace process,10485,5,,,2026-06-08T16:10:34Z,https://en.wikipedia.org/wiki/February_2025_United_States%E2%80%93Russia_meeting_in_Saudi_Arabia
Federal Security Service,seed-file:recommended_forces_battles_places.txt,41451,29,55.76083333,37.62833333,2026-08-27T14:12:03Z,https://en.wikipedia.org/wiki/Federal_Security_Service
Feminist Anti-War Resistance,Category:Organizations of the Russo-Ukrainian war,7500,6,,,2026-09-02T03:59:45Z,https://en.wikipedia.org/wiki/Feminist_Anti-War_Resistance
Fiber optic drone,Category:Military equipment of the Russian invasion of Ukraine,4731,5,,,2026-07-25T02:46:16Z,https://en.wikipedia.org/wiki/Fiber_optic_drone
Fifth inauguration of Vladimir Putin,Category:Events affected by the Russian invasion of Ukraine,4891,6,,,2026-08-22T01:19:05Z,https://en.wikipedia.org/wiki/Fifth_inauguration_of_Vladimir_Putin
Fights on the Ukrainian–Russian border (2014),Category:Military operations of the war in Donbas,18427,8,,,2026-08-22T03:15:05Z,https://en.wikipedia.org/wiki/Fights_on_the_Ukrainian%E2%80%93Russian_border_(2014)
Figure skating responses to the Russian invasion of Ukraine,Category:Reactions to the Russian invasion of Ukraine,6804,5,,,2026-02-08T01:48:18Z,https://en.wikipedia.org/wiki/Figure_skating_responses_to_the_Russian_invasion_of_Ukraine
Finbar Cafferkey,Category:Ukrainian military personnel killed during the Battle of Bakhmut,7093,6,,,2026-09-01T04:11:19Z,https://en.wikipedia.org/wiki/Finbar_Cafferkey
Finland–NATO relations,Category:Reactions to the Russian invasion of Ukraine,35430,11,,,2026-06-26T09:34:58Z,https://en.wikipedia.org/wiki/Finland%E2%80%93NATO_relations
Finland–Russia border barrier,Category:Reactions to the Russian invasion of Ukraine,908,1,,,2026-09-13T17:23:52Z,https://en.wikipedia.org/wiki/Finland%E2%80%93Russia_border_barrier
Fire Point FP-1,Category:Military equipment of the Russian invasion of Ukraine,2464,4,,,2026-09-24T14:49:00Z,https://en.wikipedia.org/wiki/Fire_Point_FP-1
First Battle of Donetsk Airport,seed-file:recommended_forces_battles_places.txt,4762,6,48.075,37.7256,2026-09-25T22:14:02Z,https://en.wikipedia.org/wiki/First_Battle_of_Donetsk_Airport
Flag of the Ukrainian Insurgent Army,Category:Military symbols used during the Russo-Ukrainian war,8565,6,,,2026-09-30T04:17:29Z,https://en.wikipedia.org/wiki/Flag_of_the_Ukrainian_Insurgent_Army
Flags used in Russian-occupied Ukraine,Category:Russian occupation of Ukraine,6490,7,,,2026-08-21T11:00:43Z,https://en.wikipedia.org/wiki/Flags_used_in_Russian-occupied_Ukraine
Flower protests,seed-file:team_DATA_json_titles.txt,4588,5,,,2026-06-25T17:13:55Z,https://en.wikipedia.org/wiki/Flower_protests
Flowers of Minefields,seed-file:team_DATA_json_titles.txt,840,1,,,2026-07-16T08:53:11Z,https://en.wikipedia.org/wiki/Flowers_of_Minefields
Flying Skull Battalion (Ukraine),Category:Military units and formations of Ukraine in the Russian invasion of Ukraine,1502,3,,,2026-07-05T18:50:10Z,https://en.wikipedia.org/wiki/Flying_Skull_Battalion_(Ukraine)
Follow Me (2022 film),seed-file:team_DATA_json_titles.txt,1197,4,,,2025-12-25T06:20:05Z,https://en.wikipedia.org/wiki/Follow_Me_(2022_film)
For Courage and Bravery,seed-file:team_DATA_json_titles.txt,4709,3,,,2026-08-20T11:35:46Z,https://en.wikipedia.org/wiki/For_Courage_and_Bravery
Foreign fighters in the Russo-Ukrainian war,Category:Foreign volunteers in the Russian invasion of Ukraine,32768,34,,,2026-09-20T00:38:18Z,https://en.wikipedia.org/wiki/Foreign_fighters_in_the_Russo-Ukrainian_war
Foreign involvement in the Russo-Ukrainian war (2022–present),Category:Russo-Ukrainian war (2022–present),69561,24,,,2026-09-27T21:50:49Z,https://en.wikipedia.org/wiki/Foreign_involvement_in_the_Russo-Ukrainian_war_(2022%E2%80%93present)
Foreign relations of Russia since the Russian invasion of Ukraine,Category:Reactions to the Russian invasion of Ukraine,54353,88,,,2026-09-24T08:01:25Z,https://en.wikipedia.org/wiki/Foreign_relations_of_Russia_since_the_Russian_invasion_of_Ukraine
Forpost Brigade,Category:Military units and formations of Ukraine in the Russian invasion of Ukraine,3669,4,,,2026-08-19T14:34:12Z,https://en.wikipedia.org/wiki/Forpost_Brigade
Fortifications of the Russian invasion of Ukraine,Category:Military units and formations of the Russian invasion of Ukraine,15284,19,,,2025-11-27T11:56:46Z,https://en.wikipedia.org/wiki/Fortifications_of_the_Russian_invasion_of_Ukraine
Foundations of Geopolitics,Category:Russian invasion of Ukraine in popular culture,13175,11,,,2026-07-18T19:11:10Z,https://en.wikipedia.org/wiki/Foundations_of_Geopolitics
Fourth-wave Russian emigration,Category:Events affected by the Russian invasion of Ukraine,2028,4,,,2025-05-13T14:42:50Z,https://en.wikipedia.org/wiki/Fourth-wave_Russian_emigration
Frederick Kagan,seed-file:team_DATA_json_titles.txt,5094,8,,,2026-09-05T10:44:10Z,https://en.wikipedia.org/wiki/Frederick_Kagan
Free Buryatia Foundation,Category:Russo-Ukrainian war (2022–present),1867,4,,,2026-09-11T05:55:03Z,https://en.wikipedia.org/wiki/Free_Buryatia_Foundation
Free Donbas,Category:Organizations of the Russo-Ukrainian war,3051,4,,,2026-04-09T14:52:33Z,https://en.wikipedia.org/wiki/Free_Donbas
Free Ingria,Category:Organizations of the Russo-Ukrainian war,6860,5,,,2026-08-27T01:57:24Z,https://en.wikipedia.org/wiki/Free_Ingria
Free Nations League,Category:Russo-Ukrainian war (2022–present),2372,4,,,2026-08-07T05:48:12Z,https://en.wikipedia.org/wiki/Free_Nations_League
Free Nations of Post-Russia Forum,Category:Russo-Ukrainian war (2022–present),14736,22,,,2026-07-05T17:43:58Z,https://en.wikipedia.org/wiki/Free_Nations_of_Post-Russia_Forum
Free Russia Forum,Category:Organizations of the Russo-Ukrainian war,15361,12,,,2026-08-21T23:05:38Z,https://en.wikipedia.org/wiki/Free_Russia_Forum
Free Yakutia Foundation,Category:Reactions to the Russian invasion of Ukraine,2379,3,,,2026-09-19T18:49:51Z,https://en.wikipedia.org/wiki/Free_Yakutia_Foundation
Freedom of Russia Legion,Category:Belarusian and Russian partisan movement (2022–present),10745,9,,,2026-08-29T08:46:45Z,https://en.wikipedia.org/wiki/Freedom_of_Russia_Legion
Freedom on Fire: Ukraine's Fight for Freedom,seed-file:team_DATA_json_titles.txt,3276,6,,,2026-09-12T09:06:17Z,https://en.wikipedia.org/wiki/Freedom_on_Fire:_Ukraine%27s_Fight_for_Freedom
Freikorps (Ukraine),Category:Military units and formations of Ukraine in the Russian invasion of Ukraine,6933,3,,,2026-09-21T11:33:08Z,https://en.wikipedia.org/wiki/Freikorps_(Ukraine)
Fuentes de Andalucía,Category:Reactions to the Russian invasion of Ukraine,1941,4,37.46666667,-5.33333333,2026-09-06T23:55:44Z,https://en.wikipedia.org/wiki/Fuentes_de_Andaluc%C3%ADa
Future for Ukraine Charity Foundation,Category:Organizations of the Russo-Ukrainian war,7175,8,,,2026-07-16T06:23:15Z,https://en.wikipedia.org/wiki/Future_for_Ukraine_Charity_Foundation
Fyodor Berezin,Category:Ukrainian collaborators with Russia,3422,6,,,2026-09-30T06:53:38Z,https://en.wikipedia.org/wiki/Fyodor_Berezin
Fyodor Pavlov-Andreevich,Category:Russian activists against the Russian invasion of Ukraine,13295,40,,,2026-09-10T17:37:37Z,https://en.wikipedia.org/wiki/Fyodor_Pavlov-Andreevich
GIS Arta,Category:Military equipment of the Russian invasion of Ukraine,637,2,,,2025-04-03T03:58:38Z,https://en.wikipedia.org/wiki/GIS_Arta
Game4Ukraine,Category:Reactions to the Russian invasion of Ukraine,2174,4,,,2025-11-16T22:08:42Z,https://en.wikipedia.org/wiki/Game4Ukraine
Garry Kasparov,Category:Russian activists against the Russian invasion of Ukraine,52675,34,,,2026-09-21T08:05:28Z,https://en.wikipedia.org/wiki/Garry_Kasparov
Generation Cancellation,Category:Songs about the Russian invasion of Ukraine,2842,4,,,2026-09-16T02:30:24Z,https://en.wikipedia.org/wiki/Generation_Cancellation
Generation Z (song),Category:Songs about the Russian invasion of Ukraine,2358,4,,,2026-01-19T18:21:06Z,https://en.wikipedia.org/wiki/Generation_Z_(song)
Gennadiy Trukhanov,Category:Pro-Ukrainian people of the Russian invasion of Ukraine,8825,7,,,2026-08-21T09:38:38Z,https://en.wikipedia.org/wiki/Gennadiy_Trukhanov
Gennadiy Tsypkalov,Category:Ukrainian collaborators with Russia,626,2,,,2026-09-30T08:53:28Z,https://en.wikipedia.org/wiki/Gennadiy_Tsypkalov
Gennady Zhidko,seed-file:team_DATA_json_titles.txt,5364,5,,,2026-05-07T04:10:34Z,https://en.wikipedia.org/wiki/Gennady_Zhidko
George Yury Right,Category:Russian activists against the Russian invasion of Ukraine,10824,9,,,2026-08-27T04:01:53Z,https://en.wikipedia.org/wiki/George_Yury_Right
Georgia and the Russo-Ukrainian war,Category:Foreign involvement in the Russian invasion of Ukraine,10584,9,,,2026-05-17T15:07:08Z,https://en.wikipedia.org/wiki/Georgia_and_the_Russo-Ukrainian_war
Gerbera (drone),Category:Military equipment of the Russian invasion of Ukraine,8106,8,,,2026-05-23T19:38:40Z,https://en.wikipedia.org/wiki/Gerbera_(drone)
German Taurus controversy,Category:Events affected by the Russian invasion of Ukraine,12192,10,,,2026-07-15T03:27:39Z,https://en.wikipedia.org/wiki/German_Taurus_controversy
German Taurus leak,Category:Events affected by the Russian invasion of Ukraine,9920,8,,,2025-11-12T06:17:48Z,https://en.wikipedia.org/wiki/German_Taurus_leak
German Volunteer Corps,Category:Military units and formations of the Russian invasion of Ukraine,2984,6,,,2026-09-17T14:41:44Z,https://en.wikipedia.org/wiki/German_Volunteer_Corps
German economic crisis (2022–present),Category:Impacts of the Russian invasion of Ukraine,29683,20,,,2026-09-03T20:44:25Z,https://en.wikipedia.org/wiki/German_economic_crisis_(2022%E2%80%93present)
Get Lost (organisation),Category:Russo-Ukrainian war (2022–present),6999,4,,,2026-04-25T05:29:20Z,https://en.wikipedia.org/wiki/Get_Lost_(organisation)
Ghost of Kyiv,Category:Disinformation in the Russian invasion of Ukraine,8878,7,,,2026-09-25T23:13:50Z,https://en.wikipedia.org/wiki/Ghost_of_Kyiv
Global Fact-Checking Network,Category:Propaganda in Russia related to the Russian invasion of Ukraine,4015,3,,,2026-09-22T05:48:08Z,https://en.wikipedia.org/wiki/Global_Fact-Checking_Network
Global Tour for Peace,Category:Reactions to the Russian invasion of Ukraine,48994,32,,,2026-07-03T23:43:05Z,https://en.wikipedia.org/wiki/Global_Tour_for_Peace
Global War Party,Category:Reactions to the Russian invasion of Ukraine,9089,2,,,2026-09-29T03:09:05Z,https://en.wikipedia.org/wiki/Global_War_Party
Good Evening (Where Are You From?),Category:Propaganda in Ukraine related to the Russian invasion of Ukraine,1927,4,,,2026-01-19T18:26:23Z,https://en.wikipedia.org/wiki/Good_Evening_(Where_Are_You_From%3F)
Government and intergovernmental reactions to the Russian invasion of Ukraine,Category:Reactions to the Russian invasion of Ukraine,19189,10,,,2026-09-24T03:46:32Z,https://en.wikipedia.org/wiki/Government_and_intergovernmental_reactions_to_the_Russian_invasion_of_Ukraine
Graham Phillips (blogger),Category:War correspondents of the Russo-Ukrainian war,34295,8,,,2026-09-28T10:42:06Z,https://en.wikipedia.org/wiki/Graham_Phillips_(blogger)
Grain From Ukraine program,Category:Grain and the Russian invasion of Ukraine,6538,5,,,2025-08-31T09:33:04Z,https://en.wikipedia.org/wiki/Grain_From_Ukraine_program
Grand Duchess Maria Vladimirovna of Russia,Category:Russian activists against the Russian invasion of Ukraine,25951,15,,,2026-08-30T06:55:48Z,https://en.wikipedia.org/wiki/Grand_Duchess_Maria_Vladimirovna_of_Russia
Grandpa in his bunker,seed-file:team_DATA_json_titles.txt,3203,3,,,2026-08-22T01:20:00Z,https://en.wikipedia.org/wiki/Grandpa_in_his_bunker
Great Construction,Category:Russo-Ukrainian war (2022–present),5683,6,,,2026-09-24T00:45:45Z,https://en.wikipedia.org/wiki/Great_Construction
Great Translation Movement,Category:China and the Russian invasion of Ukraine,8294,9,,,2026-07-19T07:21:51Z,https://en.wikipedia.org/wiki/Great_Translation_Movement
Grigory Sverdlin,Category:Russian activists against the Russian invasion of Ukraine,5869,4,,,2026-03-03T03:02:25Z,https://en.wikipedia.org/wiki/Grigory_Sverdlin
Grigory Yavlinsky,Category:Russian activists against the Russian invasion of Ukraine,68392,19,,,2026-09-23T20:24:35Z,https://en.wikipedia.org/wiki/Grigory_Yavlinsky
Group 13 (Ukraine),Category:Military units and formations of Ukraine in the Russian invasion of Ukraine,3668,6,,,2026-07-05T18:50:12Z,https://en.wikipedia.org/wiki/Group_13_(Ukraine)
Grygorii Tsekhmistrenko,Category:Ukrainian military personnel killed during the Battle of Bakhmut,2021,3,,,2026-03-03T06:27:09Z,https://en.wikipedia.org/wiki/Grygorii_Tsekhmistrenko
Guide to the Free World,Category:Reactions to the Russian invasion of Ukraine,8721,5,,,2026-08-22T01:19:42Z,https://en.wikipedia.org/wiki/Guide_to_the_Free_World
HACKEN,Category:Russo-Ukrainian cyberwarfare,1953,3,,,2025-12-16T21:48:08Z,https://en.wikipedia.org/wiki/HACKEN
HESA Shahed 136,Category:Military equipment of the Russian invasion of Ukraine,35698,24,,,2026-09-20T22:29:01Z,https://en.wikipedia.org/wiki/HESA_Shahed_136
Hart Brigade,Category:Military units and formations of Ukraine in the Russian invasion of Ukraine,6471,8,,,2025-12-29T21:57:00Z,https://en.wikipedia.org/wiki/Hart_Brigade
Havryshivka Vinnytsia International Airport,Category:Buildings and structures destroyed during the Russian invasion of Ukraine,1286,5,49.23972222,28.61388889,2026-07-07T18:21:11Z,https://en.wikipedia.org/wiki/Havryshivka_Vinnytsia_International_Airport
Head of the Republic of Crimea,Category:2014 Russian annexation of Crimea,5814,8,,,2026-09-07T05:25:41Z,https://en.wikipedia.org/wiki/Head_of_the_Republic_of_Crimea
Headquarters of the Supreme Commander-in-Chief,seed-file:team_DATA_json_titles.txt,739,2,,,2026-06-26T16:43:14Z,https://en.wikipedia.org/wiki/Headquarters_of_the_Supreme_Commander-in-Chief
Heart of Steel (Tvorchi song),Category:Songs about the Russian invasion of Ukraine,10991,6,,,2026-09-15T08:10:41Z,https://en.wikipedia.org/wiki/Heart_of_Steel_(Tvorchi_song)
Heidi Levine,Category:War correspondents of the Russo-Ukrainian war,3707,5,,,2026-08-31T21:23:12Z,https://en.wikipedia.org/wiki/Heidi_Levine
Heil Zelensky,Category:Propaganda in Russia related to the Russian invasion of Ukraine,7538,5,,,2026-08-22T01:19:50Z,https://en.wikipedia.org/wiki/Heil_Zelensky
Hennadii Lahuta,Category:Pro-Ukrainian people of the Russian invasion of Ukraine,2292,3,,,2026-08-22T01:19:47Z,https://en.wikipedia.org/wiki/Hennadii_Lahuta
Hennadii Matuliak,Category:Ukrainian military personnel killed in the Kyiv offensive,2874,3,,,2026-08-09T00:00:37Z,https://en.wikipedia.org/wiki/Hennadii_Matuliak
Hennadiy Balashov,Category:People of the 2014 Russian annexation of Crimea,5354,10,,,2026-09-16T02:08:13Z,https://en.wikipedia.org/wiki/Hennadiy_Balashov
Hennadiy Kernes,Category:People of the 2014 pro-Russian unrest in Ukraine,10768,11,,,2026-09-16T01:17:15Z,https://en.wikipedia.org/wiki/Hennadiy_Kernes
Hennadiy Lytovchenko,Category:Ukrainian sportspeople in Russia during the Russo-Ukrainian war,1006,2,,,2026-08-09T19:40:18Z,https://en.wikipedia.org/wiki/Hennadiy_Lytovchenko
Hennadiy Zubov,Category:Ukrainian sportspeople in Russia during the Russo-Ukrainian war,1166,2,,,2026-09-14T03:02:15Z,https://en.wikipedia.org/wiki/Hennadiy_Zubov
Hero City of Ukraine,Category:Russian invasion of Ukraine by city,7319,12,,,2026-09-29T22:12:16Z,https://en.wikipedia.org/wiki/Hero_City_of_Ukraine
Herzen University,Category:Sanctions and boycotts during the Russo-Ukrainian war,5551,5,59.93388889,30.31944444,2026-08-23T01:33:23Z,https://en.wikipedia.org/wiki/Herzen_University
Hetman Petro Sahaidachnyi National Ground Forces Academy,seed-file:recommended_forces_battles_places.txt,9998,11,49.8243,24.01736,2026-07-22T21:46:49Z,https://en.wikipedia.org/wiki/Hetman_Petro_Sahaidachnyi_National_Ground_Forces_Academy
"Hey, Hey, Rise Up!",Category:Songs about the Russian invasion of Ukraine,6716,9,,,2026-09-20T10:21:09Z,"https://en.wikipedia.org/wiki/Hey,_Hey,_Rise_Up!"
History of Chelsea F.C. (2003–2022),Category:Impacts of the Russian invasion of Ukraine,33722,13,,,2026-07-13T20:04:17Z,https://en.wikipedia.org/wiki/History_of_Chelsea_F.C._(2003%E2%80%932022)
Hlib Hrachov,Category:Ukrainian sportspeople in Russia during the Russo-Ukrainian war,882,4,,,2026-04-10T00:48:32Z,https://en.wikipedia.org/wiki/Hlib_Hrachov
Hokuma Aliyeva,Category:Civilians killed in the Russo-Ukrainian war,1897,5,,,2026-05-07T18:32:00Z,https://en.wikipedia.org/wiki/Hokuma_Aliyeva
Holly Williams (journalist),Category:War correspondents of the Russo-Ukrainian war,3295,4,,,2026-04-29T05:23:17Z,https://en.wikipedia.org/wiki/Holly_Williams_(journalist)
Hombori massacre,Category:Massacres committed by the Wagner Group,2897,5,,,2025-12-11T17:35:15Z,https://en.wikipedia.org/wiki/Hombori_massacre
Homes for Ukraine,Category:Reactions to the Russian invasion of Ukraine,3296,5,,,2026-05-21T13:32:51Z,https://en.wikipedia.org/wiki/Homes_for_Ukraine
Homeward (film),Category:Works about the 2014 Russian annexation of Crimea,2143,5,,,2026-03-12T07:17:12Z,https://en.wikipedia.org/wiki/Homeward_(film)
Hong Kong and the Russian invasion of Ukraine,Category:Reactions to the Russian invasion of Ukraine,7096,9,,,2026-09-14T11:05:12Z,https://en.wikipedia.org/wiki/Hong_Kong_and_the_Russian_invasion_of_Ukraine
Hospitallers Medical Battalion,Category:Military units and formations of Ukraine in the Russian invasion of Ukraine,4322,4,,,2026-05-25T11:41:25Z,https://en.wikipedia.org/wiki/Hospitallers_Medical_Battalion
"Hotel Ukraine, Chernihiv",Category:Buildings and structures destroyed during the Russian invasion of Ukraine,825,4,50.49444444,31.295,2026-04-02T23:49:30Z,"https://en.wikipedia.org/wiki/Hotel_Ukraine,_Chernihiv"
Hotsunlight,Category:Russo-Ukrainian war films,2842,5,,,2026-08-28T08:28:57Z,https://en.wikipedia.org/wiki/Hotsunlight
How to Divorce During the War,Category:Russo-Ukrainian war films,2253,7,,,2026-09-28T23:32:57Z,https://en.wikipedia.org/wiki/How_to_Divorce_During_the_War
"Hrabove, Donetsk Oblast",Category:Malaysia Airlines Flight 17,2677,3,48.14583333,38.64833333,2026-09-22T03:33:25Z,"https://en.wikipedia.org/wiki/Hrabove,_Donetsk_Oblast"
Hroza missile attack,Category:War crimes during the Russian invasion of Ukraine,4381,5,49.67305556,37.20833333,2026-03-26T11:51:46Z,https://en.wikipedia.org/wiki/Hroza_missile_attack
Hryhorii Skovoroda Literary Memorial Museum,Category:Buildings and structures destroyed during the Russian invasion of Ukraine,9712,8,,,2026-09-30T19:19:45Z,https://en.wikipedia.org/wiki/Hryhorii_Skovoroda_Literary_Memorial_Museum
Huliaipole offensive,seed-file:team_DATA_json_titles.txt,11948,8,,,2026-09-14T00:29:31Z,https://en.wikipedia.org/wiki/Huliaipole_offensive
Human safari (terror campaign),Category:Genocide and the Russian invasion of Ukraine,15649,12,,,2026-09-16T17:33:13Z,https://en.wikipedia.org/wiki/Human_safari_(terror_campaign)
Humanitarian impact of the Russo-Ukrainian war (2022–present),Category:Russo-Ukrainian war,18458,7,,,2026-08-22T01:19:21Z,https://en.wikipedia.org/wiki/Humanitarian_impact_of_the_Russo-Ukrainian_war_(2022%E2%80%93present)
Humanitarian impact of the war in Donbas,Category:Russo-Ukrainian war,52322,15,,,2026-07-16T19:45:31Z,https://en.wikipedia.org/wiki/Humanitarian_impact_of_the_war_in_Donbas
Hungary and the Russo-Ukrainian war,Category:Foreign involvement in the Russian invasion of Ukraine,74720,13,,,2026-07-22T01:52:41Z,https://en.wikipedia.org/wiki/Hungary_and_the_Russo-Ukrainian_war
Hydraulic warfare,Category:Russo-Ukrainian war,6248,4,,,2025-11-04T00:34:12Z,https://en.wikipedia.org/wiki/Hydraulic_warfare
I Rarely Wake Up Dreaming,Category:Russo-Ukrainian war films,1001,4,,,2026-08-28T23:05:51Z,https://en.wikipedia.org/wiki/I_Rarely_Wake_Up_Dreaming
I Want to Live (hotline),Category:Russo-Ukrainian war (2022–present),3867,4,,,2026-08-23T22:27:37Z,https://en.wikipedia.org/wiki/I_Want_to_Live_(hotline)
I'm Fine (Burning Man installation),Category:Russo-Ukrainian war (2022–present),3387,7,,,2026-07-05T18:06:52Z,https://en.wikipedia.org/wiki/I%27m_Fine_(Burning_Man_installation)
ICC arrest warrants for Russian leaders,Category:Russian invasion of Ukraine legal issues,18218,12,,,2026-09-13T16:54:56Z,https://en.wikipedia.org/wiki/ICC_arrest_warrants_for_Russian_leaders
IT 8-bit,Category:Buildings and structures destroyed during the Russian invasion of Ukraine,483,1,47.09461,37.54542306,2026-01-19T00:19:06Z,https://en.wikipedia.org/wiki/IT_8-bit
IT Army of Ukraine,Category:Russo-Ukrainian cyberwarfare,5013,5,,,2026-06-05T02:18:34Z,https://en.wikipedia.org/wiki/IT_Army_of_Ukraine
Igor Baryshnikov,Category:Russian activists against the Russian invasion of Ukraine,1035,2,,,2026-07-08T13:22:12Z,https://en.wikipedia.org/wiki/Igor_Baryshnikov
Igor Bezler,Category:People of the 2014 Russian annexation of Crimea,5407,5,,,2026-09-30T06:55:51Z,https://en.wikipedia.org/wiki/Igor_Bezler
Igor Girkin,Category:Malaysia Airlines Flight 17,43198,20,,,2026-09-30T05:08:06Z,https://en.wikipedia.org/wiki/Igor_Girkin
Igor Kastyukevich,seed-file:team_DATA_json_titles.txt,4028,4,,,2026-08-18T16:36:42Z,https://en.wikipedia.org/wiki/Igor_Kastyukevich
Igor Khakimzyanov,Category:Ukrainian collaborators with Russia,612,1,,,2026-09-30T07:11:24Z,https://en.wikipedia.org/wiki/Igor_Khakimzyanov
Igor Kochetkov,Category:Russian activists against the Russian invasion of Ukraine,810,0,,,2026-02-14T15:12:16Z,https://en.wikipedia.org/wiki/Igor_Kochetkov
Igor Kshnyakin,Category:Civilians killed in the Russo-Ukrainian war,3002,4,,,2026-05-07T18:37:52Z,https://en.wikipedia.org/wiki/Igor_Kshnyakin
Igor Lebedev (politician),Category:People of the 2014 Russian annexation of Crimea,1594,2,,,2026-05-16T16:04:43Z,https://en.wikipedia.org/wiki/Igor_Lebedev_(politician)
Igor Mangushev,Category:Wagner Group activities in Ukraine,6928,4,,,2026-09-08T02:10:39Z,https://en.wikipedia.org/wiki/Igor_Mangushev
Igor Martynov (politician),Category:Ukrainian collaborators with Russia,1620,3,,,2026-09-30T07:27:32Z,https://en.wikipedia.org/wiki/Igor_Martynov_(politician)
Igor Plotnitsky,Category:Ukrainian collaborators with Russia,7598,8,,,2026-07-10T17:00:45Z,https://en.wikipedia.org/wiki/Igor_Plotnitsky
Igor Sergun,Category:People of the 2014 Russian annexation of Crimea,8806,9,,,2026-08-13T20:33:23Z,https://en.wikipedia.org/wiki/Igor_Sergun
Ihor Chaykovskyi,Category:Ukrainian sportspeople in Russia during the Russo-Ukrainian war,887,4,,,2026-08-19T14:35:04Z,https://en.wikipedia.org/wiki/Ihor_Chaykovskyi
"Ihor Khudobyak (footballer, born 1985)",Category:Ukrainian sportspeople in Russia during the Russo-Ukrainian war,1234,4,,,2025-12-03T05:36:24Z,"https://en.wikipedia.org/wiki/Ihor_Khudobyak_(footballer,_born_1985)"
Ihor Klymenko,seed-file:team_DATA_json_titles.txt,3914,3,,,2026-09-08T04:21:27Z,https://en.wikipedia.org/wiki/Ihor_Klymenko
Ihor Lachenkov,Category:Pro-Ukrainian people of the Russian invasion of Ukraine,3049,5,,,2026-06-10T00:41:51Z,https://en.wikipedia.org/wiki/Ihor_Lachenkov
Ihor Petrov,Category:Ukrainian collaborators with Russia,629,4,,,2026-05-09T23:55:31Z,https://en.wikipedia.org/wiki/Ihor_Petrov
Ihor Taburets,Category:Pro-Ukrainian people of the Russian invasion of Ukraine,853,1,,,2026-06-02T16:34:56Z,https://en.wikipedia.org/wiki/Ihor_Taburets
Ihor Tenyukh,Category:People of the 2014 Russian annexation of Crimea,3739,5,,,2026-08-30T15:50:26Z,https://en.wikipedia.org/wiki/Ihor_Tenyukh
Ihor Zhurakhovskyi,Category:Ukrainian sportspeople in Russia during the Russo-Ukrainian war,2600,4,,,2025-11-04T01:16:04Z,https://en.wikipedia.org/wiki/Ihor_Zhurakhovskyi
Illia Kyva,Category:Civilians killed in the Russian invasion of Ukraine,8938,6,,,2026-08-21T23:10:08Z,https://en.wikipedia.org/wiki/Illia_Kyva
Illia Ponomarenko,Category:War correspondents of the Russo-Ukrainian war,1641,3,,,2026-05-24T14:12:11Z,https://en.wikipedia.org/wiki/Illia_Ponomarenko
Illya Hlushytskyi,Category:Ukrainian sportspeople in Russia during the Russo-Ukrainian war,642,2,,,2025-11-04T01:12:22Z,https://en.wikipedia.org/wiki/Illya_Hlushytskyi
Ilmi Umierov,Category:People of the 2014 Russian annexation of Crimea,4596,4,,,2026-09-28T06:56:55Z,https://en.wikipedia.org/wiki/Ilmi_Umierov
Ilya Mikhalyov,Category:Ukrainian sportspeople in Russia during the Russo-Ukrainian war,164,1,,,2025-11-04T01:13:52Z,https://en.wikipedia.org/wiki/Ilya_Mikhalyov
Ilya Ponomarev,Category:People of the 2014 Russian annexation of Crimea,24296,13,,,2026-09-30T14:14:40Z,https://en.wikipedia.org/wiki/Ilya_Ponomarev
Ilya Varlamov,Category:Russian activists against the Russian invasion of Ukraine,5251,10,,,2026-05-09T17:57:00Z,https://en.wikipedia.org/wiki/Ilya_Varlamov
Ilya Yashin,Category:Russian activists against the Russian invasion of Ukraine,14217,9,,,2026-09-29T22:17:11Z,https://en.wikipedia.org/wiki/Ilya_Yashin
Immanuel Kant Baltic Federal University,Category:Sanctions and boycotts during the Russo-Ukrainian war,4761,7,54.72472222,20.52805556,2026-08-30T14:57:27Z,https://en.wikipedia.org/wiki/Immanuel_Kant_Baltic_Federal_University
Impact of the Russo-Ukrainian war on nuclear power plants,Category:Impacts of the Russian invasion of Ukraine,8098,6,,,2026-06-23T08:39:21Z,https://en.wikipedia.org/wiki/Impact_of_the_Russo-Ukrainian_war_on_nuclear_power_plants
In Isolation: Dispatches from Occupied Donbas,Category:Works about the war in Donbas,1070,4,,,2025-07-03T02:07:39Z,https://en.wikipedia.org/wiki/In_Isolation:_Dispatches_from_Occupied_Donbas
Independence Day of Ukraine,Category:Events affected by the Russian invasion of Ukraine,15920,16,,,2026-09-05T13:12:37Z,https://en.wikipedia.org/wiki/Independence_Day_of_Ukraine
Independent International Commission of Inquiry on Ukraine,Category:War crimes during the Russian invasion of Ukraine,6256,9,,,2026-06-26T14:49:24Z,https://en.wikipedia.org/wiki/Independent_International_Commission_of_Inquiry_on_Ukraine
India and Russo-Ukrainian war (2022–present),Category:Foreign involvement in the Russian invasion of Ukraine,17400,11,,,2026-09-25T19:13:14Z,https://en.wikipedia.org/wiki/India_and_Russo-Ukrainian_war_(2022%E2%80%93present)
InformNapalm,Category:Russo-Ukrainian cyberwarfare,5190,5,,,2026-09-22T05:56:24Z,https://en.wikipedia.org/wiki/InformNapalm
Informer (newspaper),Category:Disinformation in the Russian invasion of Ukraine,3720,3,,,2026-08-28T08:09:02Z,https://en.wikipedia.org/wiki/Informer_(newspaper)
Institute for the Study of War,seed-file:recommended_forces_battles_places.txt,8078,12,,,2026-07-03T17:26:16Z,https://en.wikipedia.org/wiki/Institute_for_the_Study_of_War
Intensive shelling of Ukraine on 13 December 2024,Category:Military operations of the Russian invasion of Ukraine in 2024,2476,11,,,2026-09-09T20:01:30Z,https://en.wikipedia.org/wiki/Intensive_shelling_of_Ukraine_on_13_December_2024
Intermarium,Category:Russo-Ukrainian war,16140,10,,,2026-09-27T21:30:36Z,https://en.wikipedia.org/wiki/Intermarium
International Criminal Court investigation in Ukraine,Category:Russian invasion of Ukraine legal issues,8909,9,,,2026-06-10T21:18:22Z,https://en.wikipedia.org/wiki/International_Criminal_Court_investigation_in_Ukraine
International Legion (Ukraine),Category:Military units and formations of Ukraine in the Russian invasion of Ukraine,73604,92,,,2026-09-18T18:50:32Z,https://en.wikipedia.org/wiki/International_Legion_(Ukraine)
International Legion of the Defence Intelligence of Ukraine,Category:Military units and formations of Ukraine in the Russian invasion of Ukraine,6424,6,,,2026-06-23T10:10:46Z,https://en.wikipedia.org/wiki/International_Legion_of_the_Defence_Intelligence_of_Ukraine
International Sponsors of War,Category:Foreign involvement in the Russian invasion of Ukraine,3815,4,,,2026-09-04T18:17:19Z,https://en.wikipedia.org/wiki/International_Sponsors_of_War
International reactions to the Malaysia Airlines Flight 17 shootdown,Category:Malaysia Airlines Flight 17,51446,3,,,2026-08-26T17:53:50Z,https://en.wikipedia.org/wiki/International_reactions_to_the_Malaysia_Airlines_Flight_17_shootdown
International reactions to the Russian annexation of Crimea,Category:2014 Russian annexation of Crimea,60380,8,,,2026-09-22T02:12:28Z,https://en.wikipedia.org/wiki/International_reactions_to_the_Russian_annexation_of_Crimea
International reactions to the war in Donbas,Category:War in Donbas,28298,9,,,2026-07-21T20:18:30Z,https://en.wikipedia.org/wiki/International_reactions_to_the_war_in_Donbas
International recognition of the Donetsk People's Republic and the Luhansk People's Republic,Category:Russo-Ukrainian war,5309,4,,,2026-09-06T17:06:28Z,https://en.wikipedia.org/wiki/International_recognition_of_the_Donetsk_People%27s_Republic_and_the_Luhansk_People%27s_Republic
International sanctions during the Russian invasion of Ukraine,Category:Russo-Ukrainian war,104136,30,,,2026-09-28T20:23:39Z,https://en.wikipedia.org/wiki/International_sanctions_during_the_Russian_invasion_of_Ukraine
International sanctions during the Russo-Ukrainian war,Category:Russo-Ukrainian war,99521,52,,,2026-09-10T17:28:47Z,https://en.wikipedia.org/wiki/International_sanctions_during_the_Russo-Ukrainian_war
International sporting sanctions during the Russian invasion of Ukraine,Category:Russo-Ukrainian war,33729,27,,,2026-09-10T17:29:56Z,https://en.wikipedia.org/wiki/International_sporting_sanctions_during_the_Russian_invasion_of_Ukraine
Internet Research Agency,Category:War in Donbas,56844,25,,,2026-09-11T00:26:28Z,https://en.wikipedia.org/wiki/Internet_Research_Agency
Ioffe Institute,Category:Sanctions and boycotts during the Russo-Ukrainian war,7268,6,60.00684167,30.36881111,2026-09-26T13:06:33Z,https://en.wikipedia.org/wiki/Ioffe_Institute
Iranian involvement in the Russo-Ukrainian war (2022–present),Category:Foreign involvement in the Russian invasion of Ukraine,12847,9,,,2026-07-28T19:54:49Z,https://en.wikipedia.org/wiki/Iranian_involvement_in_the_Russo-Ukrainian_war_(2022%E2%80%93present)
Iron diplomacy,seed-file:team_DATA_json_titles.txt,3266,4,,,2026-04-04T17:02:18Z,https://en.wikipedia.org/wiki/Iron_diplomacy
Irpin Declaration,Category:Organizations of the Russo-Ukrainian war,4779,5,,,2026-09-09T12:07:20Z,https://en.wikipedia.org/wiki/Irpin_Declaration
Irpin refugee column shelling,Category:War crimes during the Russian invasion of Ukraine,2582,2,,,2026-03-26T11:54:58Z,https://en.wikipedia.org/wiki/Irpin_refugee_column_shelling
Iryna Dovhan,Category:Torture in the Russo-Ukrainian war,3632,4,,,2026-09-30T09:04:26Z,https://en.wikipedia.org/wiki/Iryna_Dovhan
Iryna Stelmakh,Category:Ukrainian sportspeople in Russia during the Russo-Ukrainian war,179,0,,,2026-06-29T18:50:09Z,https://en.wikipedia.org/wiki/Iryna_Stelmakh
Iryna Tsvila,Category:Ukrainian military personnel killed in the Kyiv offensive,1640,4,,,2026-05-07T05:44:57Z,https://en.wikipedia.org/wiki/Iryna_Tsvila
Iryna Venediktova,Category:Pro-Ukrainian people of the Russian invasion of Ukraine,22768,20,,,2026-09-16T07:18:52Z,https://en.wikipedia.org/wiki/Iryna_Venediktova
Iryna Zvarych,Category:Ukrainian sportspeople in Russia during the Russo-Ukrainian war,1167,2,,,2026-08-17T21:00:46Z,https://en.wikipedia.org/wiki/Iryna_Zvarych
Ismail Abdullaiev,Category:Ukrainian collaborators with Russia,5107,5,,,2026-09-30T06:38:07Z,https://en.wikipedia.org/wiki/Ismail_Abdullaiev
Italmas,Category:Military equipment of the Russian invasion of Ukraine,598,2,,,2026-08-31T05:01:32Z,https://en.wikipedia.org/wiki/Italmas
Iva Sidash,Category:War correspondents of the Russo-Ukrainian war,1816,5,,,2026-03-16T16:32:39Z,https://en.wikipedia.org/wiki/Iva_Sidash
Ivan Fedorov (politician),Category:Pro-Ukrainian people of the Russian invasion of Ukraine,3621,6,,,2026-06-27T13:21:50Z,https://en.wikipedia.org/wiki/Ivan_Fedorov_(politician)
Ivan Fedyk,Category:Ukrainian sportspeople in Russia during the Russo-Ukrainian war,749,3,,,2026-07-05T14:35:34Z,https://en.wikipedia.org/wiki/Ivan_Fedyk
Ivan Ordets,Category:Ukrainian sportspeople in Russia during the Russo-Ukrainian war,3753,6,,,2026-07-11T16:21:51Z,https://en.wikipedia.org/wiki/Ivan_Ordets
Ivan Popov (major general),seed-file:team_DATA_json_titles.txt,4113,6,,,2026-08-25T16:37:21Z,https://en.wikipedia.org/wiki/Ivan_Popov_(major_general)
Ivan Spychka,Category:Ukrainian sportspeople in Russia during the Russo-Ukrainian war,731,2,,,2025-11-04T01:15:17Z,https://en.wikipedia.org/wiki/Ivan_Spychka
Ivan Yatskin,Category:People of the 2014 Russian annexation of Crimea,2715,3,,,2026-03-03T03:07:28Z,https://en.wikipedia.org/wiki/Ivan_Yatskin
Ivankiv Historical and Local History Museum,Category:Buildings and structures destroyed during the Russian invasion of Ukraine,2912,5,50.92944444,29.90461111,2026-06-30T20:54:48Z,https://en.wikipedia.org/wiki/Ivankiv_Historical_and_Local_History_Museum
Ivano-Frankivsk Company (Ukraine),Category:Military units and formations of Ukraine in the Russian invasion of Ukraine,2283,3,,,2025-09-22T01:52:33Z,https://en.wikipedia.org/wiki/Ivano-Frankivsk_Company_(Ukraine)
Ivano-Frankivsk International Airport,Category:Buildings and structures destroyed during the Russian invasion of Ukraine,2350,4,,,2026-08-31T16:32:13Z,https://en.wikipedia.org/wiki/Ivano-Frankivsk_International_Airport
Ivano-Frankivsk Oblast,Category:Oblasts of Ukraine,27406,26,48.65833333,24.505,2026-09-07T01:36:50Z,https://en.wikipedia.org/wiki/Ivano-Frankivsk_Oblast
Ivano-Frankivsk strikes (2022–present),Category:War crimes during the Russian invasion of Ukraine,2489,4,,,2026-08-22T04:00:47Z,https://en.wikipedia.org/wiki/Ivano-Frankivsk_strikes_(2022%E2%80%93present)
Ivanovo Severny air base,seed-file:team_DATA_json_titles.txt,3132,3,57.05833333,40.98166667,2026-09-29T01:13:43Z,https://en.wikipedia.org/wiki/Ivanovo_Severny_air_base
Iya Andrushchak,Category:Ukrainian sportspeople in Russia during the Russo-Ukrainian war,3148,3,,,2026-04-26T20:40:59Z,https://en.wikipedia.org/wiki/Iya_Andrushchak
Izium,Category:Populated places destroyed during the Russian invasion of Ukraine,16811,14,49.21277778,37.25694444,2026-08-09T01:39:00Z,https://en.wikipedia.org/wiki/Izium
Izium mass graves,Category:War crimes during the Russian invasion of Ukraine,6349,5,49.21277778,37.25694444,2026-06-02T06:50:17Z,https://en.wikipedia.org/wiki/Izium_mass_graves
Izmail Border Detachment,Category:Military units and formations of Ukraine in the Russian invasion of Ukraine,6631,5,,,2026-02-13T04:48:21Z,https://en.wikipedia.org/wiki/Izmail_Border_Detachment
Izmail Sea Guard Detachment,Category:Military units and formations of Ukraine in the Russian invasion of Ukraine,2544,2,,,2026-08-13T09:46:17Z,https://en.wikipedia.org/wiki/Izmail_Sea_Guard_Detachment
Izolyatsia prison,Category:War in Donbas,6403,8,47.96416667,37.83416667,2026-05-27T05:22:59Z,https://en.wikipedia.org/wiki/Izolyatsia_prison
Izvaryne-Donetsk,Category:War in Donbas,2661,4,48.2875,39.89305556,2025-11-12T07:02:57Z,https://en.wikipedia.org/wiki/Izvaryne-Donetsk
JATEC,seed-file:team_DATA_json_titles.txt,2211,6,,,2026-08-28T10:35:37Z,https://en.wikipedia.org/wiki/JATEC
Jackson Hinkle,Category:Disinformation in the Russian invasion of Ukraine,25511,10,,,2026-09-27T19:20:59Z,https://en.wikipedia.org/wiki/Jackson_Hinkle
January 2015 Mariupol rocket attack,Category:War crimes in the Russo-Ukrainian war,8281,6,47.1112,37.678,2026-08-06T09:59:12Z,https://en.wikipedia.org/wiki/January_2015_Mariupol_rocket_attack
Janus Putkonen,Category:Propaganda in the Russo-Ukrainian war,3186,2,,,2026-09-22T03:25:17Z,https://en.wikipedia.org/wiki/Janus_Putkonen
Jerome Randle,Category:Ukrainian sportspeople in Russia during the Russo-Ukrainian war,7718,6,,,2026-07-15T01:15:16Z,https://en.wikipedia.org/wiki/Jerome_Randle
Jixian Wang,Category:People of the Russian invasion of Ukraine,1583,1,,,2026-09-18T13:51:58Z,https://en.wikipedia.org/wiki/Jixian_Wang
Joel Bolomboy,Category:Ukrainian sportspeople in Russia during the Russo-Ukrainian war,4324,10,,,2026-09-23T06:59:30Z,https://en.wikipedia.org/wiki/Joel_Bolomboy
Johan Bäckman,Category:Propaganda in the Russo-Ukrainian war,21799,21,,,2026-09-01T09:54:00Z,https://en.wikipedia.org/wiki/Johan_B%C3%A4ckman
Joining of the Archdiocese of Russian Orthodox Churches in Western Europe to the Moscow Patriarchate,Category:2018 Moscow–Constantinople schism,68593,11,,,2026-08-09T06:06:21Z,https://en.wikipedia.org/wiki/Joining_of_the_Archdiocese_of_Russian_Orthodox_Churches_in_Western_Europe_to_the_Moscow_Patriarchate
Joint Centre of Control and Coordination,Category:War in Donbas,2925,4,,,2026-06-16T11:58:56Z,https://en.wikipedia.org/wiki/Joint_Centre_of_Control_and_Coordination
Joint Group of Forces in Ukraine,Category:Military units and formations of Russia in the Russian invasion of Ukraine,2447,2,,,2026-09-21T09:26:18Z,https://en.wikipedia.org/wiki/Joint_Group_of_Forces_in_Ukraine
Joint investigation team,Category:Malaysia Airlines Flight 17,1615,3,,,2025-11-13T19:10:03Z,https://en.wikipedia.org/wiki/Joint_investigation_team
Juha Korhonen,Category:Propaganda in the Russo-Ukrainian war,1134,0,,,2026-04-26T14:23:44Z,https://en.wikipedia.org/wiki/Juha_Korhonen
July 2022 Chasiv Yar missile strike,Category:War crimes during the Russian invasion of Ukraine,2537,4,48.55665,37.82323,2026-06-22T21:29:34Z,https://en.wikipedia.org/wiki/July_2022_Chasiv_Yar_missile_strike
July–August 2023 Moscow drone attack,Category:Attacks in Russia during the Russo-Ukrainian war (2022–present),1524,4,,,2026-08-22T01:11:35Z,https://en.wikipedia.org/wiki/July%E2%80%93August_2023_Moscow_drone_attack
June 2024 Sevastopol missile attack,Category:Crimea in the Russian invasion of Ukraine,3943,8,,,2026-02-23T12:35:24Z,https://en.wikipedia.org/wiki/June_2024_Sevastopol_missile_attack
June 2024 Ukraine peace summit,Category:Russo-Ukrainian war peace process,19076,16,46.99555556,8.37722222,2026-07-14T15:03:59Z,https://en.wikipedia.org/wiki/June_2024_Ukraine_peace_summit
Kabul 9,Category:Military units and formations of Ukraine in the Russian invasion of Ukraine,2872,2,,,2026-01-22T18:03:31Z,https://en.wikipedia.org/wiki/Kabul_9
Kadyrovites,Category:Military units and formations of Russia in the Russian invasion of Ukraine,26337,14,,,2026-09-18T14:01:06Z,https://en.wikipedia.org/wiki/Kadyrovites
Kakhovka Dam,Category:Buildings and structures destroyed during the Russian invasion of Ukraine,7545,7,46.77611111,33.37166667,2026-09-27T21:47:23Z,https://en.wikipedia.org/wiki/Kakhovka_Dam
Kakhovka Reservoir,seed-file:recommended_forces_battles_places.txt,4937,6,47.5,34.25,2026-09-17T18:57:56Z,https://en.wikipedia.org/wiki/Kakhovka_Reservoir
Kalibr (missile family),Category:Military equipment of the Russian invasion of Ukraine,10937,8,,,2026-09-27T13:41:19Z,https://en.wikipedia.org/wiki/Kalibr_(missile_family)
"Kamensky District, Rostov Oblast",Category:Ukrainian airstrikes during the Russian invasion of Ukraine,3371,2,48.52361111,40.32083333,2026-09-12T03:06:29Z,"https://en.wikipedia.org/wiki/Kamensky_District,_Rostov_Oblast"
Kamianka Sich,Category:Buildings and structures destroyed during the Russian invasion of Ukraine,26876,13,47.00055556,33.65333333,2026-09-23T17:25:27Z,https://en.wikipedia.org/wiki/Kamianka_Sich
Kanamat Botashev,Category:People of the Wagner Group,1671,2,,,2026-06-02T06:54:10Z,https://en.wikipedia.org/wiki/Kanamat_Botashev
Karelian Group,seed-file:team_DATA_json_titles.txt,10651,13,,,2026-09-06T17:45:14Z,https://en.wikipedia.org/wiki/Karelian_Group
Karèn Shainyan,Category:Russian activists against the Russian invasion of Ukraine,1889,1,,,2026-09-01T12:51:51Z,https://en.wikipedia.org/wiki/Kar%C3%A8n_Shainyan
Kasta,Category:Russian activists against the Russian invasion of Ukraine,8680,9,,,2026-05-26T22:46:31Z,https://en.wikipedia.org/wiki/Kasta
Kastuś Kalinoŭski Regiment,Category:Belarus in the Russo-Ukrainian war,11156,9,,,2026-07-03T19:25:25Z,https://en.wikipedia.org/wiki/Kastu%C5%9B_Kalino%C5%ADski_Regiment
Katerina Gordeeva,Category:Russian activists against the Russian invasion of Ukraine,3607,6,,,2026-08-31T11:18:02Z,https://en.wikipedia.org/wiki/Katerina_Gordeeva
Kateryna Polishchuk,Category:Siege of Mariupol,2709,1,,,2026-09-10T14:51:31Z,https://en.wikipedia.org/wiki/Kateryna_Polishchuk
Kateryna Samson,Category:Ukrainian sportspeople in Russia during the Russo-Ukrainian war,729,1,,,2026-08-13T01:00:27Z,https://en.wikipedia.org/wiki/Kateryna_Samson
Kateryna Stupnytska,Category:Ukrainian military personnel killed in the Kyiv offensive,1448,2,,,2026-07-11T00:46:40Z,https://en.wikipedia.org/wiki/Kateryna_Stupnytska
Kazan Federal University,Category:Sanctions and boycotts during the Russo-Ukrainian war,25014,18,55.7907,49.1219,2026-09-18T10:56:45Z,https://en.wikipedia.org/wiki/Kazan_Federal_University
Kensington Treaty,Category:United Kingdom and the Russian invasion of Ukraine,13252,7,,,2026-07-17T21:14:48Z,https://en.wikipedia.org/wiki/Kensington_Treaty
Kerch Strait,seed-file:recommended_forces_battles_places.txt,11670,18,45.25,36.5,2026-09-29T15:36:29Z,https://en.wikipedia.org/wiki/Kerch_Strait
Kerch Strait incident,Category:Crimea in the Russo-Ukrainian war,24727,12,44.85,36.38444444,2026-08-22T04:10:13Z,https://en.wikipedia.org/wiki/Kerch_Strait_incident
Kh-47M2 Kinzhal,Category:Military equipment of the Russian invasion of Ukraine,8970,7,,,2026-08-03T09:02:57Z,https://en.wikipedia.org/wiki/Kh-47M2_Kinzhal
Khamzat Gelayev Detachment,Category:Military units and formations of Ukraine in the Russian invasion of Ukraine,2343,2,,,2026-03-31T13:27:08Z,https://en.wikipedia.org/wiki/Khamzat_Gelayev_Detachment
Kharakternyky Battalion,Category:Military units and formations of Ukraine in the Russian invasion of Ukraine,1413,1,,,2026-02-06T18:08:16Z,https://en.wikipedia.org/wiki/Kharakternyky_Battalion
Kharkiv,seed-file:recommended_forces_battles_places.txt,67169,58,49.9925,36.23111111,2026-09-30T08:44:33Z,https://en.wikipedia.org/wiki/Kharkiv
Kharkiv Border Aviation Squadron,Category:Military units and formations of Ukraine in the Russian invasion of Ukraine,2081,3,,,2026-06-14T12:26:25Z,https://en.wikipedia.org/wiki/Kharkiv_Border_Aviation_Squadron
Kharkiv Border Detachment,Category:Military units and formations of Ukraine in the Russian invasion of Ukraine,3498,4,,,2026-08-20T12:45:31Z,https://en.wikipedia.org/wiki/Kharkiv_Border_Detachment
Kharkiv Korolenko State Scientific Library,Category:Buildings and structures destroyed during the Russian invasion of Ukraine,19271,5,49.99073611,36.23465,2026-09-24T18:59:45Z,https://en.wikipedia.org/wiki/Kharkiv_Korolenko_State_Scientific_Library
Kharkiv Land Bank Building,Category:Buildings and structures destroyed during the Russian invasion of Ukraine,2751,3,49.99289167,36.232425,2026-09-17T17:08:42Z,https://en.wikipedia.org/wiki/Kharkiv_Land_Bank_Building
Kharkiv Municipal Gallery,Category:Buildings and structures destroyed during the Russian invasion of Ukraine,1530,3,,,2026-09-17T17:10:30Z,https://en.wikipedia.org/wiki/Kharkiv_Municipal_Gallery
Kharkiv National Kotlyarevsky University of Arts,Category:Buildings and structures destroyed during the Russian invasion of Ukraine,12387,15,49.991139,36.232028,2026-07-08T11:47:04Z,https://en.wikipedia.org/wiki/Kharkiv_National_Kotlyarevsky_University_of_Arts
Kharkiv Oblast,seed-file:team_DATA_json_titles.txt,11640,17,49.59,36.43,2026-09-07T02:15:04Z,https://en.wikipedia.org/wiki/Kharkiv_Oblast
Kharkiv Oblast campaign (2024–present),Category:Campaigns of the Russian invasion of Ukraine,18645,12,,,2026-09-25T13:17:35Z,https://en.wikipedia.org/wiki/Kharkiv_Oblast_campaign_(2024%E2%80%93present)
Kharkiv Oblast campaign (2024–present) order of battle,Category:Russian invasion of Ukraine orders of battle,401,1,,,2026-09-18T21:08:48Z,https://en.wikipedia.org/wiki/Kharkiv_Oblast_campaign_(2024%E2%80%93present)_order_of_battle
Kharkiv Pact,Category:Events affected by the 2014 Russian annexation of Crimea,8448,9,,,2026-09-23T14:14:38Z,https://en.wikipedia.org/wiki/Kharkiv_Pact
Kharkiv Philharmonic Society,Category:Buildings and structures destroyed during the Russian invasion of Ukraine,9000,7,,,2026-09-17T17:11:25Z,https://en.wikipedia.org/wiki/Kharkiv_Philharmonic_Society
Kharkiv Public Library,Category:Buildings and structures destroyed during the Russian invasion of Ukraine,6600,7,49.99083611,36.23466111,2026-05-18T13:31:39Z,https://en.wikipedia.org/wiki/Kharkiv_Public_Library
Kharkiv State Academic Opera and Ballet Theatre named after Mykola Lysenko,Category:Buildings and structures destroyed during the Russian invasion of Ukraine,1171,3,49.9991,36.2323,2024-08-11T11:04:58Z,https://en.wikipedia.org/wiki/Kharkiv_State_Academic_Opera_and_Ballet_Theatre_named_after_Mykola_Lysenko
Kharkiv State Academy of Culture,Category:Buildings and structures destroyed during the Russian invasion of Ukraine,5787,7,48.3042,38.0181,2026-06-24T16:16:56Z,https://en.wikipedia.org/wiki/Kharkiv_State_Academy_of_Culture
Kharkiv TEC-5,Category:Buildings and structures destroyed during the Russian invasion of Ukraine,1836,2,49.97138889,36.10055556,2026-07-31T04:04:03Z,https://en.wikipedia.org/wiki/Kharkiv_TEC-5
Kharkiv TV Tower,Category:Buildings and structures destroyed during the Russian invasion of Ukraine,2076,4,50.04361111,36.23527778,2026-07-17T22:56:51Z,https://en.wikipedia.org/wiki/Kharkiv_TV_Tower
Kharkiv dormitories missile strike,Category:War crimes during the Russian invasion of Ukraine,3137,7,,,2026-03-26T12:52:28Z,https://en.wikipedia.org/wiki/Kharkiv_dormitories_missile_strike
Kharkiv government building airstrike,Category:War crimes during the Russian invasion of Ukraine,1668,5,50.00421,36.23631,2026-08-28T13:51:44Z,https://en.wikipedia.org/wiki/Kharkiv_government_building_airstrike
Kharkiv strikes (2022–present),Category:War crimes during the Russian invasion of Ukraine,5669,20,,,2026-08-25T06:33:51Z,https://en.wikipedia.org/wiki/Kharkiv_strikes_(2022%E2%80%93present)
Khazarian Mafia,Category:Propaganda in Russia related to the Russian invasion of Ukraine,12618,13,,,2026-09-15T13:35:51Z,https://en.wikipedia.org/wiki/Khazarian_Mafia
Kherson,seed-file:team_DATA_json_titles.txt,22384,19,46.6425,32.625,2026-09-24T01:02:58Z,https://en.wikipedia.org/wiki/Kherson
Kherson Border Detachment,Category:Military units and formations of Ukraine in the Russian invasion of Ukraine,5220,5,,,2026-04-19T02:54:02Z,https://en.wikipedia.org/wiki/Kherson_Border_Detachment
Kherson International Airport,seed-file:team_DATA_json_titles.txt,1979,4,,,2026-08-19T07:57:19Z,https://en.wikipedia.org/wiki/Kherson_International_Airport
Kherson Oblast,Category:Russian annexations during the Russo-Ukrainian war,8423,8,46.5,34,2026-09-09T19:53:08Z,https://en.wikipedia.org/wiki/Kherson_Oblast
Kherson Rifle Battalion (Ukraine),Category:Military units and formations of Ukraine in the Russian invasion of Ukraine,2235,1,,,2026-08-09T13:33:20Z,https://en.wikipedia.org/wiki/Kherson_Rifle_Battalion_(Ukraine)
Kherson TV Tower,Category:Buildings and structures destroyed during the Russian invasion of Ukraine,1362,3,46.64,32.6266,2026-07-17T22:56:54Z,https://en.wikipedia.org/wiki/Kherson_TV_Tower
Kherson strikes (2022–present),Category:War crimes during the Russian invasion of Ukraine,2266,2,,,2026-03-26T15:02:51Z,https://en.wikipedia.org/wiki/Kherson_strikes_(2022%E2%80%93present)
Kherson watermelon,Category:Russian invasion of Ukraine in popular culture,1901,4,,,2026-07-13T19:53:05Z,https://en.wikipedia.org/wiki/Kherson_watermelon
Khmelnytskyi Oblast,Category:Oblasts of Ukraine,10314,15,49.53,26.87,2026-09-12T03:32:43Z,https://en.wikipedia.org/wiki/Khmelnytskyi_Oblast
Khmelnytskyi strikes (2022–present),Category:War crimes during the Russian invasion of Ukraine,7555,3,,,2026-08-22T04:11:12Z,https://en.wikipedia.org/wiki/Khmelnytskyi_strikes_(2022%E2%80%93present)
Khuy voyne!,seed-file:team_DATA_json_titles.txt,2929,3,,,2026-07-19T19:55:48Z,https://en.wikipedia.org/wiki/Khuy_voyne!
Khyzhak Brigade (Ukraine),Category:Military units and formations of Ukraine in the Russian invasion of Ukraine,2860,2,,,2026-04-20T12:35:02Z,https://en.wikipedia.org/wiki/Khyzhak_Brigade_(Ukraine)
KibOrg News,Category:Russo-Ukrainian cyberwarfare,5628,7,,,2025-12-16T21:48:20Z,https://en.wikipedia.org/wiki/KibOrg_News
Kidal offensive,Category:Massacres committed by the Wagner Group,18321,13,,,2026-08-22T04:11:33Z,https://en.wikipedia.org/wiki/Kidal_offensive
Killing of Iryna Zarutska,Category:Impacts of the Russian invasion of Ukraine,24747,13,35.211944,-80.859167,2026-09-27T20:04:53Z,https://en.wikipedia.org/wiki/Killing_of_Iryna_Zarutska
Killnet,Category:Russo-Ukrainian war (2022–present),5580,15,,,2026-04-16T03:52:56Z,https://en.wikipedia.org/wiki/Killnet
Kilo-class submarine,Category:Military equipment of the Russian invasion of Ukraine,19338,18,,,2026-09-14T21:45:58Z,https://en.wikipedia.org/wiki/Kilo-class_submarine
Kim Yong Bok,Category:North Korean involvement in the Russian invasion of Ukraine,9878,3,,,2026-09-28T10:24:38Z,https://en.wikipedia.org/wiki/Kim_Yong_Bok
Kira Yarmysh,Category:Russian activists against the Russian invasion of Ukraine,3880,5,,,2026-09-28T17:28:37Z,https://en.wikipedia.org/wiki/Kira_Yarmysh
Kirill Stremousov,Category:Civilians killed in the Russian invasion of Ukraine,14217,10,,,2026-07-16T17:05:45Z,https://en.wikipedia.org/wiki/Kirill_Stremousov
Kirill Vyshinsky,Category:Ukrainian collaborators with Russia,3542,6,,,2026-09-28T05:00:56Z,https://en.wikipedia.org/wiki/Kirill_Vyshinsky
Kirovohrad Oblast,Category:Oblasts of Ukraine,9388,11,48.46,32.27,2026-09-07T00:58:32Z,https://en.wikipedia.org/wiki/Kirovohrad_Oblast
Klintsy,Category:Russo-Ukrainian war (2022–present),5863,8,52.75,32.23333333,2026-09-15T14:23:08Z,https://en.wikipedia.org/wiki/Klintsy
Klivazh,Category:Russo-Ukrainian war,2691,4,48.21336,38.28162,2026-08-25T19:23:08Z,https://en.wikipedia.org/wiki/Klivazh
Konstantin Bakharev,Category:Ukrainian collaborators with Russia,6230,5,,,2026-08-01T12:13:49Z,https://en.wikipedia.org/wiki/Konstantin_Bakharev
Konstantin Bakun,Category:Ukrainian sportspeople in Russia during the Russo-Ukrainian war,803,3,,,2025-11-04T01:11:08Z,https://en.wikipedia.org/wiki/Konstantin_Bakun
Konstantin Flemig,Category:War correspondents of the Russo-Ukrainian war,2079,4,,,2026-06-30T18:33:26Z,https://en.wikipedia.org/wiki/Konstantin_Flemig
Konstantin Kotov,Category:Russian activists against the Russian invasion of Ukraine,2249,3,,,2026-06-12T19:39:25Z,https://en.wikipedia.org/wiki/Konstantin_Kotov
Konstantin Pikalov,Category:People of the Wagner Group,948,1,,,2025-12-25T12:15:36Z,https://en.wikipedia.org/wiki/Konstantin_Pikalov
Konstantin Timerman,Category:People of the Wagner Group,2975,3,,,2026-09-15T12:58:10Z,https://en.wikipedia.org/wiki/Konstantin_Timerman
Konstantin Zatulin,Category:People of the 2014 Russian annexation of Crimea,4247,2,,,2026-04-16T03:02:10Z,https://en.wikipedia.org/wiki/Konstantin_Zatulin
Kostroma café fire,Category:Events affected by the Russian invasion of Ukraine,2472,4,57.76388889,40.97388889,2026-08-22T01:11:57Z,https://en.wikipedia.org/wiki/Kostroma_caf%C3%A9_fire
Kostyantyn Dudchenko,Category:Ukrainian sportspeople in Russia during the Russo-Ukrainian war,592,3,,,2025-11-04T01:12:00Z,https://en.wikipedia.org/wiki/Kostyantyn_Dudchenko
Kostyantyn Parkhomenko,Category:Ukrainian sportspeople in Russia during the Russo-Ukrainian war,512,1,,,2025-11-04T01:14:19Z,https://en.wikipedia.org/wiki/Kostyantyn_Parkhomenko
Kostyantyn Yaroshenko,Category:Ukrainian sportspeople in Russia during the Russo-Ukrainian war,565,2,,,2026-02-09T06:32:56Z,https://en.wikipedia.org/wiki/Kostyantyn_Yaroshenko
Kotelnich,Category:Russo-Ukrainian war (2022–present),12420,9,58.30777778,48.31805556,2026-09-24T04:57:04Z,https://en.wikipedia.org/wiki/Kotelnich
Kraken Regiment,Category:Military units and formations of Ukraine in the Russian invasion of Ukraine,7114,10,,,2026-08-04T15:08:34Z,https://en.wikipedia.org/wiki/Kraken_Regiment
Kramatorsk,seed-file:recommended_forces_battles_places.txt,17629,16,48.73916667,37.58388889,2026-09-24T05:21:31Z,https://en.wikipedia.org/wiki/Kramatorsk
Kramatorsk railway station attack,Category:Use of cluster munition during the Russian invasion of Ukraine,7150,7,48.72611111,37.54277778,2026-08-22T01:12:02Z,https://en.wikipedia.org/wiki/Kramatorsk_railway_station_attack
Krasovsky case,Category:Incitement to genocide of Ukrainians,3532,5,,,2026-08-22T01:12:05Z,https://en.wikipedia.org/wiki/Krasovsky_case
Kremenchuk Company (Ukraine),Category:Military units and formations of Ukraine in the Russian invasion of Ukraine,3704,2,,,2025-11-04T00:43:23Z,https://en.wikipedia.org/wiki/Kremenchuk_Company_(Ukraine)
Kremenchuk Oil Refinery,Category:Buildings and structures destroyed during the Russian invasion of Ukraine,3408,3,,,2026-07-17T02:48:20Z,https://en.wikipedia.org/wiki/Kremenchuk_Oil_Refinery
Kremenchuk shopping mall attack,Category:War crimes during the Russian invasion of Ukraine,8286,9,49.07,33.425,2026-08-22T01:12:11Z,https://en.wikipedia.org/wiki/Kremenchuk_shopping_mall_attack
Kremlin drone attack,Category:Attacks in Russia during the Russo-Ukrainian war (2022–present),5855,7,,,2026-05-13T12:12:34Z,https://en.wikipedia.org/wiki/Kremlin_drone_attack
Krym Battalion,Category:Crimea in the Russo-Ukrainian war,3610,3,,,2025-11-04T00:41:24Z,https://en.wikipedia.org/wiki/Krym_Battalion
Krymnash,Category:2014 Russian annexation of Crimea,2099,3,,,2026-09-10T09:33:48Z,https://en.wikipedia.org/wiki/Krymnash
Krynky,Category:Populated places destroyed during the Russian invasion of Ukraine,2457,3,46.7375,33.0925,2026-06-23T19:44:33Z,https://en.wikipedia.org/wiki/Krynky
Kryvyi Rih strikes (2022–present),Category:War crimes during the Russian invasion of Ukraine,6848,17,,,2026-08-22T10:07:45Z,https://en.wikipedia.org/wiki/Kryvyi_Rih_strikes_(2022%E2%80%93present)
Královec Region,Category:Internet memes related to the Russian invasion of Ukraine,2852,3,,,2026-04-21T12:42:37Z,https://en.wikipedia.org/wiki/Kr%C3%A1lovec_Region
Kuban Partisan Movement,Category:Russo-Ukrainian war,3626,4,,,2026-06-22T23:15:37Z,https://en.wikipedia.org/wiki/Kuban_Partisan_Movement
Kuban State Agrarian University,Category:Sanctions and boycotts during the Russo-Ukrainian war,2480,7,45.0467,38.9285,2026-06-15T22:07:06Z,https://en.wikipedia.org/wiki/Kuban_State_Agrarian_University
Kuindzhi Art Museum,Category:Buildings and structures destroyed during the Russian invasion of Ukraine,3744,4,47.0935,37.5508,2026-06-30T20:58:52Z,https://en.wikipedia.org/wiki/Kuindzhi_Art_Museum
Kuna (cryptocurrency exchange),Category:Russo-Ukrainian war (2022–present),916,3,,,2026-09-30T10:59:14Z,https://en.wikipedia.org/wiki/Kuna_(cryptocurrency_exchange)
Kupiansk,seed-file:recommended_forces_battles_places.txt,8927,6,49.71666667,37.58333333,2026-09-25T01:53:32Z,https://en.wikipedia.org/wiki/Kupiansk
Kupiansk civilian convoy shelling,Category:War crimes during the Russian invasion of Ukraine,1839,1,49.65677778,37.74755556,2025-12-14T11:06:54Z,https://en.wikipedia.org/wiki/Kupiansk_civilian_convoy_shelling
Kupiansk offensive,seed-file:team_DATA_json_titles.txt,15788,9,,,2026-08-22T04:17:05Z,https://en.wikipedia.org/wiki/Kupiansk_offensive
Kursk,seed-file:recommended_forces_battles_places.txt,27436,19,51.71666667,36.18333333,2026-09-28T22:27:57Z,https://en.wikipedia.org/wiki/Kursk
Kursk Oblast,seed-file:team_DATA_json_titles.txt,13674,15,51.75,36.01666667,2026-09-25T02:00:28Z,https://en.wikipedia.org/wiki/Kursk_Oblast
Kursk campaign,Category:Attacks in Russia during the Russo-Ukrainian war (2022–present),86398,53,,,2026-09-28T21:35:40Z,https://en.wikipedia.org/wiki/Kursk_campaign
Kursk campaign order of battle,Category:Russian invasion of Ukraine orders of battle,189,1,,,2026-09-28T15:05:09Z,https://en.wikipedia.org/wiki/Kursk_campaign_order_of_battle
Kyiv,seed-file:team_DATA_json_titles.txt,65218,55,50.45,30.52333333,2026-09-21T00:44:36Z,https://en.wikipedia.org/wiki/Kyiv
Kyiv Oblast,seed-file:team_DATA_json_titles.txt,16190,23,50.25,30.5,2026-09-07T02:15:50Z,https://en.wikipedia.org/wiki/Kyiv_Oblast
Kyiv Regiment (Ukraine),Category:Military units and formations of Ukraine in the Russian invasion of Ukraine,4462,7,,,2026-08-23T14:59:18Z,https://en.wikipedia.org/wiki/Kyiv_Regiment_(Ukraine)
Kyiv TV Tower,Category:Northern front of the Russian invasion of Ukraine,3850,6,50.47111111,30.45333333,2026-09-09T13:47:08Z,https://en.wikipedia.org/wiki/Kyiv_TV_Tower
Kyiv strikes (2022–present),seed-file:team_DATA_json_titles.txt,2973,2,,,2026-09-27T23:11:37Z,https://en.wikipedia.org/wiki/Kyiv_strikes_(2022%E2%80%93present)
Kyrylo Budanov,seed-file:team_DATA_json_titles.txt,6200,7,,,2026-09-05T13:13:34Z,https://en.wikipedia.org/wiki/Kyrylo_Budanov
Kyrylo Fesenko,Category:Ukrainian sportspeople in Russia during the Russo-Ukrainian war,3069,8,,,2026-07-14T21:52:10Z,https://en.wikipedia.org/wiki/Kyrylo_Fesenko
Kyrylo Kovalchuk,Category:Ukrainian sportspeople in Russia during the Russo-Ukrainian war,721,2,,,2025-11-04T01:13:14Z,https://en.wikipedia.org/wiki/Kyrylo_Kovalchuk
LGBTQ people in the Russo-Ukrainian war,Category:Impacts of the Russo-Ukrainian war,8477,7,,,2026-09-23T12:48:31Z,https://en.wikipedia.org/wiki/LGBTQ_people_in_the_Russo-Ukrainian_war
Lady R incident,Category:United States and the Russian invasion of Ukraine,12493,8,,,2026-08-24T05:03:41Z,https://en.wikipedia.org/wiki/Lady_R_incident
Landmines in Ukraine,Category:Military equipment of the Russian invasion of Ukraine,4752,5,,,2026-07-16T22:45:41Z,https://en.wikipedia.org/wiki/Landmines_in_Ukraine
Larisa Opanasyuk,Category:Ukrainian collaborators with Russia,1843,2,,,2026-04-10T08:53:46Z,https://en.wikipedia.org/wiki/Larisa_Opanasyuk
"Law of Ukraine ""On the Protection of the Constitutional Order in the Field of Activities of Religious Organizations""",Category:2018 Moscow–Constantinople schism,19868,9,,,2026-06-08T17:32:49Z,https://en.wikipedia.org/wiki/Law_of_Ukraine_%22On_the_Protection_of_the_Constitutional_Order_in_the_Field_of_Activities_of_Religious_Organizations%22
Legality of the 2022 Russian invasion of Ukraine,Category:Russian invasion of Ukraine legal issues,22698,21,,,2026-09-21T21:30:12Z,https://en.wikipedia.org/wiki/Legality_of_the_2022_Russian_invasion_of_Ukraine
Legislative Assembly of Sevastopol,Category:2014 Russian annexation of Crimea,557,1,,,2026-05-26T02:52:48Z,https://en.wikipedia.org/wiki/Legislative_Assembly_of_Sevastopol
Leonid Babashov,Category:Ukrainian collaborators with Russia,792,1,,,2026-09-04T07:41:03Z,https://en.wikipedia.org/wiki/Leonid_Babashov
Leonid Gozman,Category:Russian activists against the Russian invasion of Ukraine,6052,5,,,2026-09-27T15:24:01Z,https://en.wikipedia.org/wiki/Leonid_Gozman
Leonid Hrach,Category:Ukrainian collaborators with Russia,1333,3,,,2026-04-07T22:40:18Z,https://en.wikipedia.org/wiki/Leonid_Hrach
Leonid Ivashov,Category:Russian activists against the Russian invasion of Ukraine,3300,2,,,2026-03-03T03:12:44Z,https://en.wikipedia.org/wiki/Leonid_Ivashov
Leonid Pasechnik,Category:Ukrainian collaborators with Russia,4840,6,,,2026-07-28T00:19:15Z,https://en.wikipedia.org/wiki/Leonid_Pasechnik
Leonid Pilunsky,Category:People of the 2014 Russian annexation of Crimea,2425,3,,,2026-04-10T09:06:26Z,https://en.wikipedia.org/wiki/Leonid_Pilunsky
Leonid Slutsky (politician),Category:People of the 2014 Russian annexation of Crimea,11273,10,,,2026-09-23T05:20:07Z,https://en.wikipedia.org/wiki/Leonid_Slutsky_(politician)
Lev Ponomaryov,Category:Russian activists against the Russian invasion of Ukraine,6642,9,,,2026-09-01T07:32:42Z,https://en.wikipedia.org/wiki/Lev_Ponomaryov
Lev Rubinstein,Category:Russian activists against the Russian invasion of Ukraine,4139,5,,,2026-09-01T10:40:03Z,https://en.wikipedia.org/wiki/Lev_Rubinstein
Lev Shlosberg,Category:Russian activists against the Russian invasion of Ukraine,3715,3,,,2026-08-18T15:09:55Z,https://en.wikipedia.org/wiki/Lev_Shlosberg
Liberation of Kherson,seed-file:team_DATA_json_titles.txt,14942,13,,,2026-06-21T21:55:57Z,https://en.wikipedia.org/wiki/Liberation_of_Kherson
Lida Moniava,Category:Russian activists against the Russian invasion of Ukraine,14188,12,,,2026-09-05T16:10:43Z,https://en.wikipedia.org/wiki/Lida_Moniava
Life.ru,Category:Propaganda in the Russo-Ukrainian war,7739,8,,,2026-09-22T04:57:40Z,https://en.wikipedia.org/wiki/Life.ru
List of Russian generals killed during the Russo-Ukrainian war (2022–present),Category:Russo-Ukrainian war related lists,5371,5,,,2026-09-25T05:03:03Z,https://en.wikipedia.org/wiki/List_of_Russian_generals_killed_during_the_Russo-Ukrainian_war_(2022%E2%80%93present)
List of Russian units which invaded the territory of Ukraine (2014–2022),Category:Russo-Ukrainian war related lists,5033,7,,,2025-11-04T01:01:32Z,https://en.wikipedia.org/wiki/List_of_Russian_units_which_invaded_the_territory_of_Ukraine_(2014%E2%80%932022)
List of Russians killed fighting for the Ukrainian side during the Russian invasion of Ukraine,Category:Russo-Ukrainian war related lists,1066,2,,,2026-09-29T02:02:26Z,https://en.wikipedia.org/wiki/List_of_Russians_killed_fighting_for_the_Ukrainian_side_during_the_Russian_invasion_of_Ukraine
List of Russo-Ukrainian war military equipment,Category:Russo-Ukrainian war related lists,18436,110,,,2026-09-21T14:50:20Z,https://en.wikipedia.org/wiki/List_of_Russo-Ukrainian_war_military_equipment
List of Ukrainian flag officers losses during the Russo-Ukrainian war,Category:Russo-Ukrainian war related lists,544,2,,,2026-06-30T12:43:02Z,https://en.wikipedia.org/wiki/List_of_Ukrainian_flag_officers_losses_during_the_Russo-Ukrainian_war
List of Ukrainian sports figures killed during the Russo-Ukrainian war,Category:Russo-Ukrainian war related lists,218,1,,,2026-09-05T16:53:43Z,https://en.wikipedia.org/wiki/List_of_Ukrainian_sports_figures_killed_during_the_Russo-Ukrainian_war
List of aviation shootdowns and accidents during the Russo-Ukrainian war,Category:Military equipment of the Russian invasion of Ukraine,1547,3,,,2026-09-23T15:22:09Z,https://en.wikipedia.org/wiki/List_of_aviation_shootdowns_and_accidents_during_the_Russo-Ukrainian_war
List of companies that applied sanctions during the Russo-Ukrainian war,Category:2014 Russian annexation of Crimea,774,2,,,2026-07-27T11:27:22Z,https://en.wikipedia.org/wiki/List_of_companies_that_applied_sanctions_during_the_Russo-Ukrainian_war
List of cultural sites damaged during the Russo-Ukrainian war (2022–present),Category:Russo-Ukrainian war (2022–present),1672,2,,,2026-08-04T11:25:39Z,https://en.wikipedia.org/wiki/List_of_cultural_sites_damaged_during_the_Russo-Ukrainian_war_(2022%E2%80%93present)
List of deaths during the Russo-Ukrainian war (2022–present),Category:Russo-Ukrainian war related lists,27742,17,,,2026-09-27T18:47:56Z,https://en.wikipedia.org/wiki/List_of_deaths_during_the_Russo-Ukrainian_war_(2022%E2%80%93present)
List of dignitaries at the state funeral of Elizabeth II,Category:Events affected by the Russian invasion of Ukraine,49211,65,,,2026-09-24T16:30:43Z,https://en.wikipedia.org/wiki/List_of_dignitaries_at_the_state_funeral_of_Elizabeth_II
List of equipment used by Russian separatist forces in Ukraine,Category:War in Donbas,1190,3,,,2026-09-16T22:03:23Z,https://en.wikipedia.org/wiki/List_of_equipment_used_by_Russian_separatist_forces_in_Ukraine
List of films about the Russo-Ukrainian war,Category:Russian invasion of Ukraine in popular culture,2351,2,,,2026-06-25T18:19:18Z,https://en.wikipedia.org/wiki/List_of_films_about_the_Russo-Ukrainian_war
List of guests at the coronation of Charles III and Camilla,Category:Events affected by the Russian invasion of Ukraine,63881,74,,,2026-09-24T16:30:53Z,https://en.wikipedia.org/wiki/List_of_guests_at_the_coronation_of_Charles_III_and_Camilla
List of heads of state and government who have visited Russia during the Russo-Ukrainian war (2022–present),Category:Reactions to the Russian invasion of Ukraine,303,1,,,2026-09-11T19:24:02Z,https://en.wikipedia.org/wiki/List_of_heads_of_state_and_government_who_have_visited_Russia_during_the_Russo-Ukrainian_war_(2022%E2%80%93present)
List of heads of state and government who have visited Ukraine during the Russo-Ukrainian war (2022–present),Category:Russo-Ukrainian war related lists,832,1,,,2026-09-24T20:48:22Z,https://en.wikipedia.org/wiki/List_of_heads_of_state_and_government_who_have_visited_Ukraine_during_the_Russo-Ukrainian_war_(2022%E2%80%93present)
List of humanitarian aid to Ukraine during the Russo-Ukrainian war,Category:Russo-Ukrainian war related lists,24651,13,,,2026-09-29T19:24:13Z,https://en.wikipedia.org/wiki/List_of_humanitarian_aid_to_Ukraine_during_the_Russo-Ukrainian_war
List of journalists killed during the Russo-Ukrainian war,Category:War crimes during the Russian invasion of Ukraine,24508,53,,,2026-05-29T19:35:54Z,https://en.wikipedia.org/wiki/List_of_journalists_killed_during_the_Russo-Ukrainian_war
List of military aid to Ukraine during the Russo-Ukrainian war,Category:Russo-Ukrainian war related lists,18613,8,,,2026-09-29T01:28:08Z,https://en.wikipedia.org/wiki/List_of_military_aid_to_Ukraine_during_the_Russo-Ukrainian_war
List of military engagements during the Russo-Ukrainian war (2022–present),Category:Military operations of the Russian invasion of Ukraine,1000,2,,,2026-08-21T23:11:15Z,https://en.wikipedia.org/wiki/List_of_military_engagements_during_the_Russo-Ukrainian_war_(2022%E2%80%93present)
List of military units in the 2014 Russian annexation of Crimea,Category:2014 Russian annexation of Crimea,4101,12,,,2025-12-18T15:28:42Z,https://en.wikipedia.org/wiki/List_of_military_units_in_the_2014_Russian_annexation_of_Crimea
List of monuments and memorials removed following the Russian invasion of Ukraine,Category:Reactions to the Russian invasion of Ukraine,2271,3,,,2026-07-13T18:50:45Z,https://en.wikipedia.org/wiki/List_of_monuments_and_memorials_removed_following_the_Russian_invasion_of_Ukraine
List of people and organizations sanctioned during the Russo-Ukrainian war,Category:Russo-Ukrainian war related lists,29839,16,,,2026-09-29T01:02:10Z,https://en.wikipedia.org/wiki/List_of_people_and_organizations_sanctioned_during_the_Russo-Ukrainian_war
List of people banned from entering Ukraine,Category:Sanctions and boycotts during the Russo-Ukrainian war,2929,6,,,2026-09-24T11:07:44Z,https://en.wikipedia.org/wiki/List_of_people_banned_from_entering_Ukraine
List of residential strikes during the Russian invasion (May 2022),Category:War crimes during the Russian invasion of Ukraine,1739,4,,,2026-05-24T14:02:04Z,https://en.wikipedia.org/wiki/List_of_residential_strikes_during_the_Russian_invasion_(May_2022)
List of self-proclaimed republics in Ukraine,Category:Russo-Ukrainian war,784,2,,,2026-09-12T08:00:35Z,https://en.wikipedia.org/wiki/List_of_self-proclaimed_republics_in_Ukraine
List of ship losses during the Russo-Ukrainian war,Category:Military equipment of the Russian invasion of Ukraine,26671,17,,,2026-06-27T08:19:09Z,https://en.wikipedia.org/wiki/List_of_ship_losses_during_the_Russo-Ukrainian_war
List of signees of the 2022 open letter from Nobel laureates in support of Ukraine,seed-file:team_DATA_json_titles.txt,2197,3,,,2026-05-15T11:24:24Z,https://en.wikipedia.org/wiki/List_of_signees_of_the_2022_open_letter_from_Nobel_laureates_in_support_of_Ukraine
List of streets renamed due to the Russian invasion of Ukraine,Category:Reactions to the Russian invasion of Ukraine,4526,3,,,2026-04-25T14:56:29Z,https://en.wikipedia.org/wiki/List_of_streets_renamed_due_to_the_Russian_invasion_of_Ukraine
Lithuania and the Russo-Ukrainian war,Category:Foreign involvement in the Russian invasion of Ukraine,6590,4,,,2026-05-17T15:07:59Z,https://en.wikipedia.org/wiki/Lithuania_and_the_Russo-Ukrainian_war
Lithuanian–Polish–Ukrainian Brigade,seed-file:recommended_forces_battles_places.txt,7032,6,,,2026-07-24T16:11:26Z,https://en.wikipedia.org/wiki/Lithuanian%E2%80%93Polish%E2%80%93Ukrainian_Brigade
Little green men (Russo-Ukrainian war),Category:Russo-Ukrainian war,5615,4,,,2026-06-24T07:09:18Z,https://en.wikipedia.org/wiki/Little_green_men_(Russo-Ukrainian_war)
Liut Brigade,Category:Military units and formations of Ukraine in the Russian invasion of Ukraine,5546,8,,,2026-04-16T19:43:49Z,https://en.wikipedia.org/wiki/Liut_Brigade
Liveuamap,Category:Russo-Ukrainian war,2384,5,,,2026-06-01T18:36:09Z,https://en.wikipedia.org/wiki/Liveuamap
Look for Your Own,seed-file:team_DATA_json_titles.txt,4259,5,,,2026-09-22T06:05:13Z,https://en.wikipedia.org/wiki/Look_for_Your_Own
Looting by Russian forces during the Russian invasion of Ukraine,Category:War crimes during the Russian invasion of Ukraine,8752,5,,,2026-08-22T01:12:46Z,https://en.wikipedia.org/wiki/Looting_by_Russian_forces_during_the_Russian_invasion_of_Ukraine
Lubart Brigade,Category:Military units and formations of Ukraine in the Russian invasion of Ukraine,14168,14,,,2026-09-10T02:10:34Z,https://en.wikipedia.org/wiki/Lubart_Brigade
Lublin Voivodeship,seed-file:team_DATA_json_titles.txt,11885,17,51.22277778,22.90277778,2026-08-15T03:57:26Z,https://en.wikipedia.org/wiki/Lublin_Voivodeship
Lucy Shtein,Category:Russian activists against the Russian invasion of Ukraine,1980,2,,,2026-07-18T04:31:46Z,https://en.wikipedia.org/wiki/Lucy_Shtein
Luhansk,seed-file:recommended_forces_battles_places.txt,15500,17,48.56777778,39.30305556,2026-09-26T02:43:57Z,https://en.wikipedia.org/wiki/Luhansk
Luhansk Assault Regiment,Category:Military units and formations of Ukraine in the Russian invasion of Ukraine,3285,3,,,2026-02-26T23:38:52Z,https://en.wikipedia.org/wiki/Luhansk_Assault_Regiment
Luhansk Economic Union,Category:Organizations of the Russo-Ukrainian war,4842,4,,,2026-05-20T11:24:22Z,https://en.wikipedia.org/wiki/Luhansk_Economic_Union
Luhansk Oblast,Category:Russian annexations during the Russo-Ukrainian war,13676,14,48.92,39.02,2026-09-07T00:58:58Z,https://en.wikipedia.org/wiki/Luhansk_Oblast
Luhansk Oblast campaign,Category:Campaigns of the Russian invasion of Ukraine,28393,8,,,2026-09-18T18:32:15Z,https://en.wikipedia.org/wiki/Luhansk_Oblast_campaign
Luhansk Oblast campaign order of battle,Category:Military units and formations of the Russian invasion of Ukraine,190,1,,,2026-02-09T12:42:18Z,https://en.wikipedia.org/wiki/Luhansk_Oblast_campaign_order_of_battle
Luhansk People's Republic,Category:War in Donbas,35449,26,48.92,39.02,2026-09-06T23:08:30Z,https://en.wikipedia.org/wiki/Luhansk_People%27s_Republic
Lukashisms,seed-file:team_DATA_json_titles.txt,3193,2,,,2026-09-07T02:34:29Z,https://en.wikipedia.org/wiki/Lukashisms
Lukianivska (Kyiv Metro),Category:Buildings and structures destroyed during the Russian invasion of Ukraine,3213,2,50.4625,30.48194444,2026-08-25T16:10:10Z,https://en.wikipedia.org/wiki/Lukianivska_(Kyiv_Metro)
Lutsk Air Base,Category:Buildings and structures destroyed during the Russian invasion of Ukraine,1396,2,50.78611111,25.35,2026-07-19T20:09:11Z,https://en.wikipedia.org/wiki/Lutsk_Air_Base
Lutsk Border Detachment,Category:Military units and formations of Ukraine in the Russian invasion of Ukraine,4504,3,,,2026-04-13T17:54:42Z,https://en.wikipedia.org/wiki/Lutsk_Border_Detachment
Lviv Battalion (Ukraine),Category:Military units and formations of Ukraine in the Russian invasion of Ukraine,4529,3,,,2026-06-06T23:10:52Z,https://en.wikipedia.org/wiki/Lviv_Battalion_(Ukraine)
Lviv Border Detachment,Category:Military units and formations of Ukraine in the Russian invasion of Ukraine,4100,3,,,2026-04-06T22:33:38Z,https://en.wikipedia.org/wiki/Lviv_Border_Detachment
Lviv Oblast,seed-file:team_DATA_json_titles.txt,14934,18,49.7175,23.95027778,2026-09-06T14:49:02Z,https://en.wikipedia.org/wiki/Lviv_Oblast
Lviv strikes (2022–present),Category:War crimes during the Russian invasion of Ukraine,10400,22,,,2026-08-22T04:25:51Z,https://en.wikipedia.org/wiki/Lviv_strikes_(2022%E2%80%93present)
Lyman cluster bombing,Category:War crimes during the Russian invasion of Ukraine,935,1,,,2026-03-26T12:59:46Z,https://en.wikipedia.org/wiki/Lyman_cluster_bombing
Lyman front of the 2022 Kharkiv counteroffensive,seed-file:team_DATA_json_titles.txt,11405,16,48.99,37.81,2026-08-22T04:25:59Z,https://en.wikipedia.org/wiki/Lyman_front_of_the_2022_Kharkiv_counteroffensive
Lysychansk,seed-file:recommended_forces_battles_places.txt,63426,49,48.91666667,38.4,2026-09-26T02:58:42Z,https://en.wikipedia.org/wiki/Lysychansk
Lyubov Panchenko,Category:Civilians killed in the Russian invasion of Ukraine,3814,6,,,2026-09-01T05:51:44Z,https://en.wikipedia.org/wiki/Lyubov_Panchenko
Lyubov Sobol,Category:Russian activists against the Russian invasion of Ukraine,5562,5,,,2026-06-23T22:51:27Z,https://en.wikipedia.org/wiki/Lyubov_Sobol
Lyudmyla Pekur,Category:Ukrainian sportspeople in Russia during the Russo-Ukrainian war,1317,1,,,2026-09-30T05:53:28Z,https://en.wikipedia.org/wiki/Lyudmyla_Pekur
M142 HIMARS,Category:Military equipment of the Russian invasion of Ukraine,33470,22,,,2026-09-20T19:23:13Z,https://en.wikipedia.org/wiki/M142_HIMARS
MCR Horizon's Lord,Category:Military equipment of the Russo-Ukrainian war,2774,3,,,2026-07-29T18:42:22Z,https://en.wikipedia.org/wiki/MCR_Horizon%27s_Lord
MHP Standing Together,Category:Organizations of the Russo-Ukrainian war,3562,4,,,2025-11-04T01:10:37Z,https://en.wikipedia.org/wiki/MHP_Standing_Together
MT Kairos,Category:Ships involved in the Russian invasion of Ukraine,733,1,,,2025-12-15T18:28:34Z,https://en.wikipedia.org/wiki/MT_Kairos
MT Orinda,Category:Ships involved in the Russian invasion of Ukraine,6859,3,,,2025-12-29T12:40:50Z,https://en.wikipedia.org/wiki/MT_Orinda
MV Azburg,Category:Ships involved in the Russian invasion of Ukraine,1811,3,,,2026-03-05T05:28:50Z,https://en.wikipedia.org/wiki/MV_Azburg
MV Banglar Samriddhi,Category:Ships involved in the Russian invasion of Ukraine,2356,3,,,2026-04-18T09:25:58Z,https://en.wikipedia.org/wiki/MV_Banglar_Samriddhi
MV Helt,Category:Shipwrecks of the Russian invasion of Ukraine,1773,2,,,2025-12-16T17:55:50Z,https://en.wikipedia.org/wiki/MV_Helt
MV Millennial Spirit,Category:Ships involved in the Russian invasion of Ukraine,2629,5,,,2026-05-23T18:59:22Z,https://en.wikipedia.org/wiki/MV_Millennial_Spirit
MV Namura Queen,Category:Ships involved in the Russian invasion of Ukraine,1471,3,,,2025-12-15T17:45:15Z,https://en.wikipedia.org/wiki/MV_Namura_Queen
MV Omskiy-205,Category:Ships involved in the Russian invasion of Ukraine,2371,3,,,2025-12-15T17:39:02Z,https://en.wikipedia.org/wiki/MV_Omskiy-205
MV Yasa Jupiter,Category:Ships involved in the Russian invasion of Ukraine,792,2,,,2026-05-29T16:23:55Z,https://en.wikipedia.org/wiki/MV_Yasa_Jupiter
MV Zhibek Zholy,Category:Ships involved in the Russian invasion of Ukraine,2163,1,,,2025-12-16T15:49:23Z,https://en.wikipedia.org/wiki/MV_Zhibek_Zholy
MV-media,Category:Propaganda in the Russo-Ukrainian war,1943,1,,,2026-09-22T06:10:34Z,https://en.wikipedia.org/wiki/MV-media
Machulishchy (air base),Category:Belarusian involvement in the Russian invasion of Ukraine,1476,0,53.77361111,27.57722222,2026-07-19T20:09:13Z,https://en.wikipedia.org/wiki/Machulishchy_(air_base)
Machulishchy air base attack,Category:Spillover of the Russian invasion of Ukraine,5823,4,53.78,27.578,2026-08-22T04:26:50Z,https://en.wikipedia.org/wiki/Machulishchy_air_base_attack
Madonna of Kyiv,Category:Russian invasion of Ukraine in popular culture,2835,3,,,2026-05-07T14:11:41Z,https://en.wikipedia.org/wiki/Madonna_of_Kyiv
Main Directorate of Intelligence (Ukraine),seed-file:recommended_forces_battles_places.txt,11266,9,,,2026-09-28T01:17:32Z,https://en.wikipedia.org/wiki/Main_Directorate_of_Intelligence_(Ukraine)
Main Missile and Artillery Directorate,Category:Attacks in Russia during the Russo-Ukrainian war (2022–present),23089,26,,,2026-09-28T21:49:39Z,https://en.wikipedia.org/wiki/Main_Missile_and_Artillery_Directorate
Maisky Market attack,Category:War crimes during the Russian invasion of Ukraine,684,1,,,2026-03-26T11:57:49Z,https://en.wikipedia.org/wiki/Maisky_Market_attack
Makiivka,seed-file:team_DATA_json_titles.txt,13666,16,48.05555556,37.96111111,2026-09-24T05:01:09Z,https://en.wikipedia.org/wiki/Makiivka
Makiivka military quarters shelling,seed-file:team_DATA_json_titles.txt,3948,4,48.05532,37.91499,2026-08-08T04:24:39Z,https://en.wikipedia.org/wiki/Makiivka_military_quarters_shelling
Makiivka surrender incident,Category:War crimes during the Russian invasion of Ukraine,4304,5,,,2026-04-13T05:31:30Z,https://en.wikipedia.org/wiki/Makiivka_surrender_incident
Maks Levin,Category:Civilians killed in the Russian invasion of Ukraine,4435,6,,,2026-07-25T09:07:18Z,https://en.wikipedia.org/wiki/Maks_Levin
Maksym Ahapov,Category:Ukrainian sportspeople in Russia during the Russo-Ukrainian war,627,1,,,2026-09-10T14:35:15Z,https://en.wikipedia.org/wiki/Maksym_Ahapov
Maksym Biletskyi,Category:Ukrainian sportspeople in Russia during the Russo-Ukrainian war,210,1,,,2025-11-04T01:11:20Z,https://en.wikipedia.org/wiki/Maksym_Biletskyi
"Maksym Bilyi (footballer, born 1990)",Category:Ukrainian sportspeople in Russia during the Russo-Ukrainian war,1404,5,,,2026-09-10T13:55:29Z,"https://en.wikipedia.org/wiki/Maksym_Bilyi_(footballer,_born_1990)"
Maksym Kalynychenko,Category:Ukrainian sportspeople in Russia during the Russo-Ukrainian war,6248,8,,,2026-07-06T06:46:22Z,https://en.wikipedia.org/wiki/Maksym_Kalynychenko
Maksym Kozytskyi,Category:Pro-Ukrainian people of the Russian invasion of Ukraine,20054,10,,,2026-04-13T16:03:47Z,https://en.wikipedia.org/wiki/Maksym_Kozytskyi
Maksym Marchenko,Category:Pro-Ukrainian people of the Russian invasion of Ukraine,1323,3,,,2026-04-10T15:09:27Z,https://en.wikipedia.org/wiki/Maksym_Marchenko
Maksym Trusevych,Category:Ukrainian sportspeople in Russia during the Russo-Ukrainian war,603,2,,,2025-11-04T01:15:27Z,https://en.wikipedia.org/wiki/Maksym_Trusevych
Malaysia Airlines Flight 17,Category:War in Donbas,79050,38,48.13836111,38.63925,2026-09-26T23:03:04Z,https://en.wikipedia.org/wiki/Malaysia_Airlines_Flight_17
Malaysia's Negotiation Team for MH17 in Donetsk,Category:2014 pro-Russian unrest in Ukraine,17610,20,,,2026-08-02T01:34:22Z,https://en.wikipedia.org/wiki/Malaysia%27s_Negotiation_Team_for_MH17_in_Donetsk
Mama ŠČ!,Category:Songs about the Russian invasion of Ukraine,4575,5,,,2026-07-16T04:21:19Z,https://en.wikipedia.org/wiki/Mama_%C5%A0%C4%8C!
Man of War (2026 film),Category:Russian invasion of Ukraine films,3580,5,,,2026-09-20T22:53:30Z,https://en.wikipedia.org/wiki/Man_of_War_(2026_film)
Manifest für Frieden,Category:Reactions to the Russian invasion of Ukraine,944,2,,,2026-02-03T13:18:39Z,https://en.wikipedia.org/wiki/Manifest_f%C3%BCr_Frieden
Manifesto of the South Russian People's Council,Category:Reactions to the Russian invasion of Ukraine,3578,1,,,2024-07-15T20:23:13Z,https://en.wikipedia.org/wiki/Manifesto_of_the_South_Russian_People%27s_Council
Manizha,Category:Russian activists against the Russian invasion of Ukraine,7699,7,,,2026-08-24T02:51:33Z,https://en.wikipedia.org/wiki/Manizha
Manolis Pilavov,Category:Ukrainian collaborators with Russia,3347,3,,,2026-09-10T09:28:12Z,https://en.wikipedia.org/wiki/Manolis_Pilavov
Mantas Kvedaravičius,Category:Civilians killed in the Russian invasion of Ukraine,2987,6,,,2026-04-23T12:32:14Z,https://en.wikipedia.org/wiki/Mantas_Kvedaravi%C4%8Dius
Marat Gelman,Category:Russian activists against the Russian invasion of Ukraine,15509,5,,,2026-08-21T13:15:19Z,https://en.wikipedia.org/wiki/Marat_Gelman
March 2022 Donetsk attack,Category:War crimes during the Russian invasion of Ukraine,1827,2,,,2026-05-14T12:02:14Z,https://en.wikipedia.org/wiki/March_2022_Donetsk_attack
March 2022 Kharkiv cluster bombing,Category:War crimes during the Russian invasion of Ukraine,1550,3,,,2026-05-17T18:23:59Z,https://en.wikipedia.org/wiki/March_2022_Kharkiv_cluster_bombing
March 2022 attacks in the Central African Republic,Category:Massacres committed by the Wagner Group,5061,2,,,2026-08-22T04:30:05Z,https://en.wikipedia.org/wiki/March_2022_attacks_in_the_Central_African_Republic
March 2024 western Russia incursion,Category:Attacks in Russia during the Russo-Ukrainian war (2022–present),17169,19,,,2026-08-22T04:30:09Z,https://en.wikipedia.org/wiki/March_2024_western_Russia_incursion
Maria Alyokhina,Category:Russian activists against the Russian invasion of Ukraine,6910,11,,,2026-06-17T10:09:43Z,https://en.wikipedia.org/wiki/Maria_Alyokhina
Maria Lvova-Belova,seed-file:team_DATA_json_titles.txt,4684,7,,,2026-07-24T23:18:11Z,https://en.wikipedia.org/wiki/Maria_Lvova-Belova
Maria Motuznaya,Category:Russian activists against the Russian invasion of Ukraine,1168,2,,,2026-08-21T22:54:44Z,https://en.wikipedia.org/wiki/Maria_Motuznaya
Maria Pevchikh,Category:Russian activists against the Russian invasion of Ukraine,2716,2,,,2026-08-21T23:08:14Z,https://en.wikipedia.org/wiki/Maria_Pevchikh
Maria Ponomarenko,Category:Russian activists against the Russian invasion of Ukraine,2935,2,,,2026-08-27T01:56:15Z,https://en.wikipedia.org/wiki/Maria_Ponomarenko
Maria Zaitseva,Category:Belarusian involvement in the Russian invasion of Ukraine,2569,2,,,2026-09-24T12:55:45Z,https://en.wikipedia.org/wiki/Maria_Zaitseva
Marina Litvinovich,Category:Russian activists against the Russian invasion of Ukraine,2980,2,,,2026-08-31T21:59:06Z,https://en.wikipedia.org/wiki/Marina_Litvinovich
Marina Ovsyannikova,Category:Russian activists against the Russian invasion of Ukraine,12836,10,,,2026-09-01T05:33:14Z,https://en.wikipedia.org/wiki/Marina_Ovsyannikova
"Marinka, Ukraine",Category:Populated places destroyed during the Russian invasion of Ukraine,5147,6,47.94194444,37.50361111,2026-09-24T01:10:25Z,"https://en.wikipedia.org/wiki/Marinka,_Ukraine"
Mariupol,Category:Russian occupation of Ukraine,55487,42,47.09583333,37.54944444,2026-09-30T09:38:50Z,https://en.wikipedia.org/wiki/Mariupol
Mariupol Bull Figurine,Category:Siege of Mariupol,3609,2,,,2026-08-11T08:35:40Z,https://en.wikipedia.org/wiki/Mariupol_Bull_Figurine
Mariupol Museum of Local Lore,Category:Siege of Mariupol,7030,7,,,2026-09-15T21:20:09Z,https://en.wikipedia.org/wiki/Mariupol_Museum_of_Local_Lore
Mariupol Sea Guard Detachment,Category:Military units and formations of Ukraine in the Russian invasion of Ukraine,5451,2,,,2026-08-20T20:29:02Z,https://en.wikipedia.org/wiki/Mariupol_Sea_Guard_Detachment
Mariupol theatre,Category:Buildings and structures destroyed during the Russian invasion of Ukraine,5655,5,47.09611111,37.54861111,2026-09-29T21:59:40Z,https://en.wikipedia.org/wiki/Mariupol_theatre
Mariupol theatre airstrike,Category:War crimes during the Russian invasion of Ukraine,7490,8,,,2026-09-29T21:55:47Z,https://en.wikipedia.org/wiki/Mariupol_theatre_airstrike
Mark Feygin,Category:Russian activists against the Russian invasion of Ukraine,5064,2,,,2026-09-02T04:50:02Z,https://en.wikipedia.org/wiki/Mark_Feygin
Mark Mampassi,Category:Ukrainian sportspeople in Russia during the Russo-Ukrainian war,1750,4,,,2026-09-16T19:26:27Z,https://en.wikipedia.org/wiki/Mark_Mampassi
Marko Dević,Category:Ukrainian sportspeople in Russia during the Russo-Ukrainian war,8098,12,,,2026-08-31T21:51:46Z,https://en.wikipedia.org/wiki/Marko_Devi%C4%87
Martial law in Ukraine,Category:Events affected by the Russian invasion of Ukraine,7119,9,,,2026-08-02T14:36:24Z,https://en.wikipedia.org/wiki/Martial_law_in_Ukraine
Maryana Bezuhla,Category:Russian invasion of Ukraine legal issues,7007,5,,,2026-05-06T18:34:10Z,https://en.wikipedia.org/wiki/Maryana_Bezuhla
Maryna Mirzaieva,Category:Women in the Russo-Ukrainian war,4550,5,,,2026-05-08T14:08:56Z,https://en.wikipedia.org/wiki/Maryna_Mirzaieva
Masha Mashkova,Category:Russian activists against the Russian invasion of Ukraine,4551,4,,,2026-05-31T14:33:45Z,https://en.wikipedia.org/wiki/Masha_Mashkova
Masha Moskalyova case,Category:Russian activists against the Russian invasion of Ukraine,7325,5,,,2026-09-03T16:08:49Z,https://en.wikipedia.org/wiki/Masha_Moskalyova_case
Masyanya,Category:Russian invasion of Ukraine in popular culture,4837,7,,,2026-09-09T22:54:51Z,https://en.wikipedia.org/wiki/Masyanya
Maxim Galkin,Category:Russian activists against the Russian invasion of Ukraine,3421,6,,,2026-08-31T09:48:05Z,https://en.wikipedia.org/wiki/Maxim_Galkin
Maxim Katz,Category:Russian activists against the Russian invasion of Ukraine,8256,6,,,2026-09-25T19:54:56Z,https://en.wikipedia.org/wiki/Maxim_Katz
May 2023 European visits by Volodymyr Zelenskyy,Category:United Kingdom and the Russian invasion of Ukraine,9428,13,,,2026-08-03T16:53:31Z,https://en.wikipedia.org/wiki/May_2023_European_visits_by_Volodymyr_Zelenskyy
May 2024 Belgorod bombing,Category:Attacks in Russia during the Russo-Ukrainian war (2022–present),1040,2,,,2026-08-17T04:35:15Z,https://en.wikipedia.org/wiki/May_2024_Belgorod_bombing
May 2026 Russo-Ukrainian truce,Category:Russo-Ukrainian war truces,1047,2,,,2026-05-19T13:23:52Z,https://en.wikipedia.org/wiki/May_2026_Russo-Ukrainian_truce
McDonald's Ukraine,Category:Reactions to the Russian invasion of Ukraine,6430,6,,,2026-06-16T02:18:49Z,https://en.wikipedia.org/wiki/McDonald%27s_Ukraine
McDonald's in Russia,Category:Reactions to the Russian invasion of Ukraine,6434,5,,,2026-09-22T16:26:07Z,https://en.wikipedia.org/wiki/McDonald%27s_in_Russia
"Medal ""For the Return of Crimea""",Category:2014 Russian annexation of Crimea,3192,2,,,2025-12-18T15:28:38Z,https://en.wikipedia.org/wiki/Medal_%22For_the_Return_of_Crimea%22
Media Center Ukraine,seed-file:team_DATA_json_titles.txt,8280,13,,,2026-04-25T20:48:49Z,https://en.wikipedia.org/wiki/Media_Center_Ukraine
Media portrayal of the Russo-Ukrainian war,Category:Media and the Russo-Ukrainian war,106746,32,,,2026-09-07T17:02:35Z,https://en.wikipedia.org/wiki/Media_portrayal_of_the_Russo-Ukrainian_war
Meduza,seed-file:team_DATA_json_titles.txt,373,1,,,2026-08-22T01:28:04Z,https://en.wikipedia.org/wiki/Meduza
Mejlis of the Crimean Tatar People,Category:2014 Russian annexation of Crimea,9476,8,,,2026-05-14T06:21:59Z,https://en.wikipedia.org/wiki/Mejlis_of_the_Crimean_Tatar_People
Melitopol,seed-file:recommended_forces_battles_places.txt,17845,19,46.84888889,35.3675,2026-09-24T02:14:36Z,https://en.wikipedia.org/wiki/Melitopol
Member states of NATO,Category:Events affected by the Russian invasion of Ukraine,7802,9,,,2026-09-10T23:20:01Z,https://en.wikipedia.org/wiki/Member_states_of_NATO
Memorial Museum of Combat Feats at the Overseas Military Operations,Category:Russo-Ukrainian war memorials,1591,1,39.0679554,125.802708,2026-09-22T01:49:08Z,https://en.wikipedia.org/wiki/Memorial_Museum_of_Combat_Feats_at_the_Overseas_Military_Operations
Meotyda National Nature Park,Category:War in Donbas,2707,5,47.11472222,38.08,2026-07-06T17:05:44Z,https://en.wikipedia.org/wiki/Meotyda_National_Nature_Park
Mercenaries in Africa after 1960,Category:Wagner Group,9303,6,,,2026-09-05T17:38:41Z,https://en.wikipedia.org/wiki/Mercenaries_in_Africa_after_1960
MiG-17 aircraft monument (Bakhmut),Category:Battle of Bakhmut,903,2,,,2024-11-04T20:29:13Z,https://en.wikipedia.org/wiki/MiG-17_aircraft_monument_(Bakhmut)
Midas Ressources,Category:Sanctions and boycotts during the Russo-Ukrainian war,723,3,,,2025-11-04T01:04:24Z,https://en.wikipedia.org/wiki/Midas_Ressources
Middle strike campaign,Category:Campaigns of the Russian invasion of Ukraine,38646,17,,,2026-09-29T18:49:13Z,https://en.wikipedia.org/wiki/Middle_strike_campaign
Mikhail Bakharev,Category:Ukrainian collaborators with Russia,390,0,,,2026-05-02T02:48:13Z,https://en.wikipedia.org/wiki/Mikhail_Bakharev
Mikhail Baryshnikov,Category:Russian activists against the Russian invasion of Ukraine,20512,17,,,2026-09-29T23:02:29Z,https://en.wikipedia.org/wiki/Mikhail_Baryshnikov
Mikhail Fedoruk,Category:Sanctions and boycotts during the Russo-Ukrainian war,901,1,,,2026-08-31T08:14:56Z,https://en.wikipedia.org/wiki/Mikhail_Fedoruk
Mikhail Lobanov,Category:Russian activists against the Russian invasion of Ukraine,5923,5,,,2026-08-21T23:08:29Z,https://en.wikipedia.org/wiki/Mikhail_Lobanov
Mikhail Mishustin,seed-file:team_DATA_json_titles.txt,25742,28,,,2026-09-15T14:05:10Z,https://en.wikipedia.org/wiki/Mikhail_Mishustin
Mikhail Mizintsev,Category:People of the Wagner Group,3221,4,,,2026-08-29T19:54:36Z,https://en.wikipedia.org/wiki/Mikhail_Mizintsev
Mikhail Shats,Category:Russian activists against the Russian invasion of Ukraine,3170,4,,,2026-09-01T13:03:00Z,https://en.wikipedia.org/wiki/Mikhail_Shats
Mikhail Sheremet,Category:Ukrainian collaborators with Russia,3321,3,,,2026-07-09T21:41:36Z,https://en.wikipedia.org/wiki/Mikhail_Sheremet
Mikhail Simonov case,Category:Russian activists against the Russian invasion of Ukraine,3465,3,,,2026-09-04T04:22:53Z,https://en.wikipedia.org/wiki/Mikhail_Simonov_case
Mikhail Svetov,Category:Russian activists against the Russian invasion of Ukraine,10892,8,,,2026-08-21T23:00:43Z,https://en.wikipedia.org/wiki/Mikhail_Svetov
Mikhail Tolstykh,Category:Ukrainian collaborators with Russia,3364,5,,,2026-09-30T08:51:58Z,https://en.wikipedia.org/wiki/Mikhail_Tolstykh
Mikhail Voskresensky,Category:Russian activists against the Russian invasion of Ukraine,5944,7,,,2026-09-13T03:43:28Z,https://en.wikipedia.org/wiki/Mikhail_Voskresensky
Mikhail Zvinchuk,Category:Propaganda in Russia related to the Russian invasion of Ukraine,3724,5,,,2025-10-05T18:47:42Z,https://en.wikipedia.org/wiki/Mikhail_Zvinchuk
Military Institute of Telecommunications and Information Technologies,seed-file:team_DATA_json_titles.txt,4733,9,50.421667,30.556944,2025-02-17T13:27:59Z,https://en.wikipedia.org/wiki/Military_Institute_of_Telecommunications_and_Information_Technologies
Military aid to Ukraine during the Russo-Ukrainian war,Category:Russo-Ukrainian war,12130,5,,,2026-09-10T23:10:53Z,https://en.wikipedia.org/wiki/Military_aid_to_Ukraine_during_the_Russo-Ukrainian_war
Millerovo air base,seed-file:team_DATA_json_titles.txt,1763,3,48.95222222,40.30222222,2026-07-19T20:11:27Z,https://en.wikipedia.org/wiki/Millerovo_air_base
Millerovo air base attack,Category:Attacks in Russia during the Russo-Ukrainian war (2022–present),1736,5,48.95222222,40.30222222,2026-08-22T04:35:21Z,https://en.wikipedia.org/wiki/Millerovo_air_base_attack
Ministry of Defence (Russia),seed-file:recommended_forces_battles_places.txt,13097,8,55.72777778,37.58944444,2026-08-08T22:23:05Z,https://en.wikipedia.org/wiki/Ministry_of_Defence_(Russia)
Ministry of Defence (Ukraine),seed-file:recommended_forces_battles_places.txt,11261,5,,,2026-08-24T18:59:58Z,https://en.wikipedia.org/wiki/Ministry_of_Defence_(Ukraine)
Ministry of National Unity of Ukraine,Category:War in Donbas,5312,4,,,2026-08-09T04:19:03Z,https://en.wikipedia.org/wiki/Ministry_of_National_Unity_of_Ukraine
Minotaur (2026 film),Category:Russo-Ukrainian war films,4454,9,,,2026-09-26T09:19:33Z,https://en.wikipedia.org/wiki/Minotaur_(2026_film)
Minsk agreements,Category:War in Donbas,42498,21,,,2026-08-14T14:41:55Z,https://en.wikipedia.org/wiki/Minsk_agreements
Mints Radiotechnical Institute,Category:Sanctions and boycotts during the Russo-Ukrainian war,5515,3,55.80361111,37.55277778,2026-04-13T22:46:39Z,https://en.wikipedia.org/wiki/Mints_Radiotechnical_Institute
Missile strike on Dnipro on 15 July 2022,Category:War crimes during the Russian invasion of Ukraine,1185,3,,,2026-07-24T00:39:05Z,https://en.wikipedia.org/wiki/Missile_strike_on_Dnipro_on_15_July_2022
Missile strike on the Black Sea Fleet headquarters,Category:Crimea in the Russian invasion of Ukraine,4185,5,44.61277778,33.52388889,2026-09-23T13:52:40Z,https://en.wikipedia.org/wiki/Missile_strike_on_the_Black_Sea_Fleet_headquarters
Missile strike on the award ceremony of the 128th Mountain Assault Brigade,seed-file:team_DATA_json_titles.txt,3623,3,,,2026-08-22T01:15:25Z,https://en.wikipedia.org/wiki/Missile_strike_on_the_award_ceremony_of_the_128th_Mountain_Assault_Brigade
Mission Aigle,Category:Reactions to the Russian invasion of Ukraine,5102,8,,,2026-05-28T14:37:17Z,https://en.wikipedia.org/wiki/Mission_Aigle
Mitzi Perdue,Category:Pro-Ukrainian people of the Russian invasion of Ukraine,6099,5,,,2026-08-09T15:03:00Z,https://en.wikipedia.org/wiki/Mitzi_Perdue
Mobilization in Ukraine,Category:Russo-Ukrainian war,7975,7,,,2026-08-14T10:58:32Z,https://en.wikipedia.org/wiki/Mobilization_in_Ukraine
Mohyliv-Podilskyi Border Detachment,Category:Military units and formations of Ukraine in the Russian invasion of Ukraine,4249,4,,,2025-12-08T02:02:49Z,https://en.wikipedia.org/wiki/Mohyliv-Podilskyi_Border_Detachment
Moldova and the Russo-Ukrainian war,Category:Foreign involvement in the Russo-Ukrainian war,16553,9,,,2026-09-13T21:42:34Z,https://en.wikipedia.org/wiki/Moldova_and_the_Russo-Ukrainian_war
Moldovan protests (2022–2023),seed-file:team_DATA_json_titles.txt,15714,16,,,2026-09-06T17:59:46Z,https://en.wikipedia.org/wiki/Moldovan_protests_(2022%E2%80%932023)
Molniya (drone),Category:Military equipment of the Russian invasion of Ukraine,2093,6,,,2026-09-19T04:47:16Z,https://en.wikipedia.org/wiki/Molniya_(drone)
Monetochka,Category:Russian activists against the Russian invasion of Ukraine,11554,11,,,2026-09-09T10:49:40Z,https://en.wikipedia.org/wiki/Monetochka
Monokov,Category:Russian activists against the Russian invasion of Ukraine,2568,2,,,2026-01-30T12:28:37Z,https://en.wikipedia.org/wiki/Monokov
Morgenshtern,Category:Russian activists against the Russian invasion of Ukraine,12188,17,,,2026-09-27T10:38:03Z,https://en.wikipedia.org/wiki/Morgenshtern
Moscow,seed-file:recommended_forces_battles_places.txt,100407,54,55.75583333,37.61777778,2026-09-26T15:33:59Z,https://en.wikipedia.org/wiki/Moscow
Moscow State Institute of International Relations,Category:Sanctions and boycotts during the Russo-Ukrainian war,13748,11,55.67222222,37.48694444,2026-05-27T22:20:33Z,https://en.wikipedia.org/wiki/Moscow_State_Institute_of_International_Relations
Moscow refinery,Category:Buildings and structures destroyed during the Russian invasion of Ukraine,4302,4,55.65,37.81,2026-09-22T13:51:57Z,https://en.wikipedia.org/wiki/Moscow_refinery
Mount Shchekavytsia orgy,Category:Nuclear technology and the Russian invasion of Ukraine,4592,4,,,2026-04-23T16:04:35Z,https://en.wikipedia.org/wiki/Mount_Shchekavytsia_orgy
Moura massacre,Category:Massacres committed by the Wagner Group,6409,5,14.32777778,-4.6,2026-08-22T04:39:55Z,https://en.wikipedia.org/wiki/Moura_massacre
Mozart Group,seed-file:team_DATA_json_titles.txt,9640,8,,,2026-03-22T10:06:02Z,https://en.wikipedia.org/wiki/Mozart_Group
Mr Nobody Against Putin,Category:Propaganda in Russia related to the Russian invasion of Ukraine,8525,7,,,2026-09-09T12:03:08Z,https://en.wikipedia.org/wiki/Mr_Nobody_Against_Putin
Mugin UAV Mugin,Category:Military equipment of the Russian invasion of Ukraine,4855,6,,,2026-07-07T11:07:48Z,https://en.wikipedia.org/wiki/Mugin_UAV_Mugin
Mukachevo Border Detachment,Category:Military units and formations of Ukraine in the Russian invasion of Ukraine,4910,3,,,2026-08-14T18:40:10Z,https://en.wikipedia.org/wiki/Mukachevo_Border_Detachment
Multinational Engineer Battalion Tisa,seed-file:recommended_forces_battles_places.txt,2042,4,,,2025-11-29T09:19:35Z,https://en.wikipedia.org/wiki/Multinational_Engineer_Battalion_Tisa
Municipal initiative for charging Vladimir Putin of high treason,Category:Events affected by the Russian invasion of Ukraine,4819,7,,,2026-04-19T03:16:01Z,https://en.wikipedia.org/wiki/Municipal_initiative_for_charging_Vladimir_Putin_of_high_treason
Murder of Pentecostals in Sloviansk,Category:War in Donbas,7313,8,,,2026-07-03T20:56:20Z,https://en.wikipedia.org/wiki/Murder_of_Pentecostals_in_Sloviansk
Murder of Yevgeny Nuzhin,Category:Wagner Group activities in Ukraine,4754,4,,,2026-09-06T02:23:29Z,https://en.wikipedia.org/wiki/Murder_of_Yevgeny_Nuzhin
"Muslim Corps ""Caucasus""",Category:Foreign involvement in the Russian invasion of Ukraine,2712,4,,,2026-07-22T02:56:54Z,https://en.wikipedia.org/wiki/Muslim_Corps_%22Caucasus%22
My Sister's Crown,Category:Songs about the Russian invasion of Ukraine,3162,4,,,2026-07-16T08:53:27Z,https://en.wikipedia.org/wiki/My_Sister%27s_Crown
My Undesirable Friends: Part I — Last Air in Moscow,seed-file:team_DATA_json_titles.txt,4103,7,,,2026-09-30T14:00:04Z,https://en.wikipedia.org/wiki/My_Undesirable_Friends:_Part_I_%E2%80%94_Last_Air_in_Moscow
Mykhailo Dobkin,Category:People of the 2014 pro-Russian unrest in Ukraine,11064,15,,,2026-07-17T14:08:41Z,https://en.wikipedia.org/wiki/Mykhailo_Dobkin
Mykhailo Drapatyi,seed-file:team_DATA_json_titles.txt,10249,9,,,2026-09-27T05:08:47Z,https://en.wikipedia.org/wiki/Mykhailo_Drapatyi
Mykhailo Fedorov,Category:Pro-Ukrainian people of the Russian invasion of Ukraine,20455,14,,,2026-09-30T14:54:17Z,https://en.wikipedia.org/wiki/Mykhailo_Fedorov
Mykhailo Koval,Category:People of the 2014 Russian annexation of Crimea,3621,7,,,2026-08-30T15:49:42Z,https://en.wikipedia.org/wiki/Mykhailo_Koval
Mykhailo Kutsyn,Category:People of the 2014 Russian annexation of Crimea,2860,2,,,2026-08-29T17:23:22Z,https://en.wikipedia.org/wiki/Mykhailo_Kutsyn
Mykhailo Podolyak,Category:Pro-Ukrainian people of the Russian invasion of Ukraine,11262,9,,,2026-09-13T04:20:59Z,https://en.wikipedia.org/wiki/Mykhailo_Podolyak
Mykhailo Shpir,Category:Ukrainian collaborators with Russia,2502,3,,,2026-09-01T13:27:36Z,https://en.wikipedia.org/wiki/Mykhailo_Shpir
Mykola Azarov,Category:Ukrainian collaborators with Russia,12403,13,,,2026-09-11T08:49:35Z,https://en.wikipedia.org/wiki/Mykola_Azarov
Mykola Kalashnyk,Category:Pro-Ukrainian people of the Russian invasion of Ukraine,3416,5,,,2026-09-27T19:58:31Z,https://en.wikipedia.org/wiki/Mykola_Kalashnyk
Mykola Kravchenko,Category:Ukrainian military personnel killed in the Kyiv offensive,4248,4,,,2026-09-30T09:15:08Z,https://en.wikipedia.org/wiki/Mykola_Kravchenko
Mykola Oleshchuk,seed-file:team_DATA_json_titles.txt,2434,2,,,2026-08-30T18:26:55Z,https://en.wikipedia.org/wiki/Mykola_Oleshchuk
Mykolaiv,seed-file:recommended_forces_battles_places.txt,33124,34,46.975,31.995,2026-09-28T00:41:04Z,https://en.wikipedia.org/wiki/Mykolaiv
Mykolaiv Oblast,seed-file:team_DATA_json_titles.txt,14883,17,47.43,31.8,2026-09-07T02:17:09Z,https://en.wikipedia.org/wiki/Mykolaiv_Oblast
Mykolaiv cluster bombing,Category:War crimes during the Russian invasion of Ukraine,771,3,,,2026-08-29T19:54:22Z,https://en.wikipedia.org/wiki/Mykolaiv_cluster_bombing
Mykolaiv government building missile strike,Category:War crimes during the Russian invasion of Ukraine,1065,3,46.97487,31.99763,2026-08-06T19:50:23Z,https://en.wikipedia.org/wiki/Mykolaiv_government_building_missile_strike
Mykolaiv strikes (2022–present),Category:War crimes during the Russian invasion of Ukraine,4353,12,,,2025-12-14T11:11:12Z,https://en.wikipedia.org/wiki/Mykolaiv_strikes_(2022%E2%80%93present)
Mykyta Teplyakov,Category:Ukrainian sportspeople in Russia during the Russo-Ukrainian war,2177,10,,,2026-07-01T19:36:01Z,https://en.wikipedia.org/wiki/Mykyta_Teplyakov
Myrotvorets,Category:2014 Russian annexation of Crimea,12502,5,,,2026-09-22T06:11:12Z,https://en.wikipedia.org/wiki/Myrotvorets
Myrotvorets Battalion (Ukraine),Category:Military units and formations of Ukraine in the Russian invasion of Ukraine,9958,4,,,2026-09-21T13:44:31Z,https://en.wikipedia.org/wiki/Myrotvorets_Battalion_(Ukraine)
NAFO (group),Category:Internet memes related to the Russian invasion of Ukraine,11131,5,,,2026-09-23T17:09:50Z,https://en.wikipedia.org/wiki/NAFO_(group)
NATO Security Assistance and Training for Ukraine,Category:Reactions to the Russian invasion of Ukraine,15648,11,,,2026-08-08T04:25:47Z,https://en.wikipedia.org/wiki/NATO_Security_Assistance_and_Training_for_Ukraine
NATO Washington Summit Declaration,Category:Reactions to the Russian invasion of Ukraine,9783,7,,,2026-07-14T19:22:17Z,https://en.wikipedia.org/wiki/NATO_Washington_Summit_Declaration
NATO open door policy,Category:Events affected by the Russian invasion of Ukraine,6997,3,,,2026-06-28T08:57:59Z,https://en.wikipedia.org/wiki/NATO_open_door_policy
NFKRZ,Category:Russian activists against the Russian invasion of Ukraine,1035,0,,,2026-09-12T09:44:05Z,https://en.wikipedia.org/wiki/NFKRZ
NOBODY Battalion,Category:Military units and formations of Ukraine in the Russian invasion of Ukraine,3124,2,,,2026-03-21T23:28:49Z,https://en.wikipedia.org/wiki/NOBODY_Battalion
NSDC sanctions against Ukrainian citizens,Category:Sanctions and boycotts during the Russo-Ukrainian war,9464,7,,,2026-09-21T13:21:07Z,https://en.wikipedia.org/wiki/NSDC_sanctions_against_Ukrainian_citizens
Nadiia Khavanska,Category:Ukrainian sportspeople in Russia during the Russo-Ukrainian war,2397,6,,,2026-04-26T20:29:44Z,https://en.wikipedia.org/wiki/Nadiia_Khavanska
Nadya Tolokonnikova,Category:Russian activists against the Russian invasion of Ukraine,15548,19,,,2026-09-29T14:50:08Z,https://en.wikipedia.org/wiki/Nadya_Tolokonnikova
Natalia Parhomenko,Category:Ukrainian sportspeople in Russia during the Russo-Ukrainian war,162,0,,,2026-01-06T03:28:27Z,https://en.wikipedia.org/wiki/Natalia_Parhomenko
Natalia Poklonskaya,Category:Russian activists against the Russian invasion of Ukraine,24475,18,,,2026-09-16T09:19:49Z,https://en.wikipedia.org/wiki/Natalia_Poklonskaya
Natalia Popovych,Category:People of the 2014 Russian annexation of Crimea,664,2,,,2026-04-18T14:47:39Z,https://en.wikipedia.org/wiki/Natalia_Popovych
Nataliya Vitrenko,Category:Ukrainian collaborators with Russia,2843,5,,,2026-04-11T10:28:29Z,https://en.wikipedia.org/wiki/Nataliya_Vitrenko
Natalya Malenko,Category:Ukrainian collaborators with Russia,2694,2,,,2026-04-11T10:28:37Z,https://en.wikipedia.org/wiki/Natalya_Malenko
Natasha Bertrand,Category:War correspondents of the Russo-Ukrainian war,2267,3,,,2026-08-30T22:14:34Z,https://en.wikipedia.org/wiki/Natasha_Bertrand
National Council of Bessarabia,Category:2014 pro-Russian unrest in Ukraine,1306,2,,,2025-07-22T10:56:53Z,https://en.wikipedia.org/wiki/National_Council_of_Bessarabia
National Gene Bank of Plants of Ukraine,Category:Buildings and structures destroyed during the Russian invasion of Ukraine,1050,0,,,2026-04-01T16:34:41Z,https://en.wikipedia.org/wiki/National_Gene_Bank_of_Plants_of_Ukraine
National Guard Headquarters Protection & Support Battalion (Ukraine),Category:Military units and formations of Ukraine in the Russian invasion of Ukraine,1780,4,,,2025-02-14T14:00:14Z,https://en.wikipedia.org/wiki/National_Guard_Headquarters_Protection_%26_Support_Battalion_(Ukraine)
National Guard of Ukraine,Category:War in Donbas,20126,17,,,2026-09-14T21:27:40Z,https://en.wikipedia.org/wiki/National_Guard_of_Ukraine
National Idea (symbol),Category:Military symbols used during the Russo-Ukrainian war,3603,3,,,2026-06-01T00:31:21Z,https://en.wikipedia.org/wiki/National_Idea_(symbol)
National Museum-Reserve of Ukrainian Military Achievements,Category:Buildings and structures destroyed during the Russian invasion of Ukraine,3117,3,50.62474,30.41992,2026-07-09T03:56:32Z,https://en.wikipedia.org/wiki/National_Museum-Reserve_of_Ukrainian_Military_Achievements
National Post,seed-file:team_DATA_json_titles.txt,12363,11,,,2026-09-30T19:53:44Z,https://en.wikipedia.org/wiki/National_Post
National Republican Army (Russia),Category:Belarusian and Russian partisan movement (2022–present),13051,9,,,2026-09-09T12:09:19Z,https://en.wikipedia.org/wiki/National_Republican_Army_(Russia)
National Socialism / White Power,Category:Belarusian and Russian partisan movement (2022–present),3166,4,,,2026-09-10T21:15:38Z,https://en.wikipedia.org/wiki/National_Socialism_/_White_Power
Naval warfare in the Russo-Ukrainian war (2022–present),Category:Naval warfare in the Russian invasion of Ukraine,13939,6,,,2026-08-03T03:38:36Z,https://en.wikipedia.org/wiki/Naval_warfare_in_the_Russo-Ukrainian_war_(2022%E2%80%93present)
Nelya Shtepa,Category:People of the 2014 pro-Russian unrest in Ukraine,5871,5,,,2026-05-22T04:16:48Z,https://en.wikipedia.org/wiki/Nelya_Shtepa
Nestor Shufrych,Category:People of the 2014 pro-Russian unrest in Ukraine,6140,5,,,2026-09-04T19:38:02Z,https://en.wikipedia.org/wiki/Nestor_Shufrych
Never Ever Can We Be Brothers,Category:Works about the 2014 Russian annexation of Crimea,1081,1,,,2026-09-12T05:34:39Z,https://en.wikipedia.org/wiki/Never_Ever_Can_We_Be_Brothers
New Eastern Outlook,Category:Disinformation in the Russian invasion of Ukraine,6980,8,,,2026-07-27T15:02:39Z,https://en.wikipedia.org/wiki/New_Eastern_Outlook
New Russia Party,Category:War in Donbas,3502,4,,,2026-08-10T17:35:52Z,https://en.wikipedia.org/wiki/New_Russia_Party
New START,Category:Events affected by the Russian invasion of Ukraine,26471,19,,,2026-08-05T08:21:19Z,https://en.wikipedia.org/wiki/New_START
New generation warfare,Category:War in Donbas,39628,22,,,2026-09-28T08:16:20Z,https://en.wikipedia.org/wiki/New_generation_warfare
NewsFront (website),Category:Disinformation in the Russian invasion of Ukraine,5697,4,,,2026-09-22T03:47:20Z,https://en.wikipedia.org/wiki/NewsFront_(website)
Newspeak in Russia,Category:Propaganda in Russia related to the Russian invasion of Ukraine,2732,7,,,2025-06-23T16:53:47Z,https://en.wikipedia.org/wiki/Newspeak_in_Russia
Next Ukrainian census,Category:Events affected by the Russian invasion of Ukraine,1982,3,,,2026-07-21T13:44:23Z,https://en.wikipedia.org/wiki/Next_Ukrainian_census
Next Ukrainian local elections,Category:Events affected by the Russian invasion of Ukraine,1832,2,,,2026-09-17T14:42:06Z,https://en.wikipedia.org/wiki/Next_Ukrainian_local_elections
Next Ukrainian parliamentary election,Category:Events affected by the Russian invasion of Ukraine,5574,7,,,2026-07-18T06:01:08Z,https://en.wikipedia.org/wiki/Next_Ukrainian_parliamentary_election
Next Ukrainian presidential election,Category:Events affected by the Russian invasion of Ukraine,6148,3,,,2026-09-30T08:14:44Z,https://en.wikipedia.org/wiki/Next_Ukrainian_presidential_election
Nicolai Lilin,Category:Disinformation in the Russian invasion of Ukraine,37756,23,,,2026-08-14T00:29:27Z,https://en.wikipedia.org/wiki/Nicolai_Lilin
Nikita Haikin,Category:Russian activists against the Russian invasion of Ukraine,4731,8,,,2026-09-28T19:54:49Z,https://en.wikipedia.org/wiki/Nikita_Haikin
Nikolai Patrushev,seed-file:team_DATA_json_titles.txt,20608,13,,,2026-09-19T04:51:52Z,https://en.wikipedia.org/wiki/Nikolai_Patrushev
Nikolai Ryzhkov,Category:People of the 2014 Russian annexation of Crimea,23498,11,,,2026-09-10T04:01:02Z,https://en.wikipedia.org/wiki/Nikolai_Ryzhkov
Nikolay Kavkazsky,Category:Russian activists against the Russian invasion of Ukraine,8387,9,,,2026-04-11T11:15:25Z,https://en.wikipedia.org/wiki/Nikolay_Kavkazsky
Nikolay Pavlov (volleyball),Category:Ukrainian sportspeople in Russia during the Russo-Ukrainian war,811,3,,,2026-06-03T17:06:08Z,https://en.wikipedia.org/wiki/Nikolay_Pavlov_(volleyball)
Nikolay Peskov,Category:People of the Wagner Group,3447,3,,,2026-03-18T07:00:43Z,https://en.wikipedia.org/wiki/Nikolay_Peskov
Nikolay Rybakov,Category:Russian activists against the Russian invasion of Ukraine,17168,8,,,2026-09-18T23:00:34Z,https://en.wikipedia.org/wiki/Nikolay_Rybakov
Nina Khrushcheva (professor),Category:Russian activists against the Russian invasion of Ukraine,3758,5,,,2026-08-31T18:29:05Z,https://en.wikipedia.org/wiki/Nina_Khrushcheva_(professor)
No to capitulation!,Category:War in Donbas,1837,4,,,2026-06-25T21:21:39Z,https://en.wikipedia.org/wiki/No_to_capitulation!
Non-government reactions to the Russian invasion of Ukraine,Category:Reactions to the Russian invasion of Ukraine,88050,24,,,2026-07-24T02:47:27Z,https://en.wikipedia.org/wiki/Non-government_reactions_to_the_Russian_invasion_of_Ukraine
Nord Stream 2,Category:Prelude to the Russian invasion of Ukraine,42391,24,,,2026-09-09T21:42:56Z,https://en.wikipedia.org/wiki/Nord_Stream_2
Nord Stream pipelines sabotage,Category:Spillover of the Russian invasion of Ukraine,55677,32,,,2026-09-25T08:15:39Z,https://en.wikipedia.org/wiki/Nord_Stream_pipelines_sabotage
Norinco,Category:China and the Russian invasion of Ukraine,3428,7,,,2026-06-16T08:15:47Z,https://en.wikipedia.org/wiki/Norinco
Norman Brigade,seed-file:team_DATA_json_titles.txt,12698,11,,,2026-07-15T17:30:05Z,https://en.wikipedia.org/wiki/Norman_Brigade
Normandy Format,Category:Russo-Ukrainian war,7606,11,,,2026-08-21T09:40:02Z,https://en.wikipedia.org/wiki/Normandy_Format
North Korean involvement in the Russo-Ukrainian war (2022–present),Category:Foreign involvement in the Russian invasion of Ukraine,21451,19,,,2026-09-22T01:52:59Z,https://en.wikipedia.org/wiki/North_Korean_involvement_in_the_Russo-Ukrainian_war_(2022%E2%80%93present)
North Korean–Russian Treaty on Comprehensive Strategic Partnership,Category:North Korean involvement in the Russian invasion of Ukraine,4569,7,,,2026-09-23T20:40:00Z,https://en.wikipedia.org/wiki/North_Korean%E2%80%93Russian_Treaty_on_Comprehensive_Strategic_Partnership
North Korea–Ukraine relations,seed-file:team_DATA_json_titles.txt,4366,6,,,2026-09-21T14:31:29Z,https://en.wikipedia.org/wiki/North_Korea%E2%80%93Ukraine_relations
Northern Ukraine border skirmishes,Category:Spillover of the Russian invasion of Ukraine,11285,15,,,2026-08-22T04:50:45Z,https://en.wikipedia.org/wiki/Northern_Ukraine_border_skirmishes
Northern front of the Russian invasion of Ukraine,Category:Theatres of operation of the Russian invasion of Ukraine,50370,15,,,2026-08-22T04:51:03Z,https://en.wikipedia.org/wiki/Northern_front_of_the_Russian_invasion_of_Ukraine
Nova Kakhovka,seed-file:team_DATA_json_titles.txt,18430,13,46.755,33.375,2026-09-27T02:13:58Z,https://en.wikipedia.org/wiki/Nova_Kakhovka
Novator 9M729,Category:Military equipment of the Russian invasion of Ukraine,3910,3,,,2026-03-29T20:12:54Z,https://en.wikipedia.org/wiki/Novator_9M729
November 2024 Moscow drone attack,Category:Attacks in Russia during the Russo-Ukrainian war (2022–present),1324,4,,,2026-06-22T01:21:26Z,https://en.wikipedia.org/wiki/November_2024_Moscow_drone_attack
November Chuvash Rebellion,Category:Russo-Ukrainian war,1676,4,,,2026-08-22T04:52:23Z,https://en.wikipedia.org/wiki/November_Chuvash_Rebellion
"Novomykhailivka, Donetsk Oblast",Category:Populated places destroyed during the Russian invasion of Ukraine,3870,6,47.85333333,37.48305556,2026-09-06T22:51:58Z,"https://en.wikipedia.org/wiki/Novomykhailivka,_Donetsk_Oblast"
Novopavlivka offensive,seed-file:team_DATA_json_titles.txt,12224,8,,,2026-09-26T09:01:01Z,https://en.wikipedia.org/wiki/Novopavlivka_offensive
Novorossiya,seed-file:team_DATA_json_titles.txt,11959,12,47.5,34.5,2026-08-16T16:47:14Z,https://en.wikipedia.org/wiki/Novorossiya
Novorossiya (confederation),Category:Russo-Ukrainian war,9852,9,48.0028,37.8053,2026-08-10T21:32:54Z,https://en.wikipedia.org/wiki/Novorossiya_(confederation)
Novosibirsk State University,Category:Sanctions and boycotts during the Russo-Ukrainian war,13385,23,54.846,83.094,2026-06-17T16:41:05Z,https://en.wikipedia.org/wiki/Novosibirsk_State_University
Nuclear risk during the Russo-Ukrainian war (2022–present),Category:Russo-Ukrainian war,28441,16,,,2026-07-11T12:52:15Z,https://en.wikipedia.org/wiki/Nuclear_risk_during_the_Russo-Ukrainian_war_(2022%E2%80%93present)
OSCE Special Monitoring Mission to Ukraine,Category:2014 Russian annexation of Crimea,7791,6,,,2026-04-27T02:29:27Z,https://en.wikipedia.org/wiki/OSCE_Special_Monitoring_Mission_to_Ukraine
Oblasts of Ukraine,Category:Oblasts of Ukraine,10016,11,,,2026-07-20T19:48:13Z,https://en.wikipedia.org/wiki/Oblasts_of_Ukraine
Odesa,seed-file:team_DATA_json_titles.txt,67549,36,,,2026-09-27T03:16:53Z,https://en.wikipedia.org/wiki/Odesa
Odesa Border Aviation Squadron,Category:Military units and formations of Ukraine in the Russian invasion of Ukraine,3111,2,,,2025-09-28T02:02:58Z,https://en.wikipedia.org/wiki/Odesa_Border_Aviation_Squadron
Odesa Border Detachment,Category:Military units and formations of Ukraine in the Russian invasion of Ukraine,4289,3,,,2025-06-05T11:57:04Z,https://en.wikipedia.org/wiki/Odesa_Border_Detachment
Odesa Military Academy,seed-file:recommended_forces_battles_places.txt,4791,8,46.441,30.742,2026-06-17T16:43:53Z,https://en.wikipedia.org/wiki/Odesa_Military_Academy
Odesa Oblast,seed-file:team_DATA_json_titles.txt,15030,15,47,30,2026-09-14T03:48:27Z,https://en.wikipedia.org/wiki/Odesa_Oblast
Odesa Sea Guard Detachment,Category:Military units and formations of Ukraine in the Russian invasion of Ukraine,3054,3,,,2026-08-20T20:24:29Z,https://en.wikipedia.org/wiki/Odesa_Sea_Guard_Detachment
Odesa strikes (2022–present),Category:War crimes during the Russian invasion of Ukraine,23405,7,46.50055556,30.72888889,2026-09-23T15:27:29Z,https://en.wikipedia.org/wiki/Odesa_strikes_(2022%E2%80%93present)
Odessa Brigade,seed-file:recommended_forces_battles_places.txt,6214,5,,,2026-08-22T01:17:00Z,https://en.wikipedia.org/wiki/Odessa_Brigade
Oi u luzi chervona kalyna,Category:Songs about the Russian invasion of Ukraine,6439,5,,,2026-08-08T13:30:34Z,https://en.wikipedia.org/wiki/Oi_u_luzi_chervona_kalyna
Okhmatdyt,Category:Buildings and structures destroyed during the Russian invasion of Ukraine,5660,6,,,2026-08-09T20:01:28Z,https://en.wikipedia.org/wiki/Okhmatdyt
Oksana Shvets,Category:Civilians killed in the Russian invasion of Ukraine,3352,5,,,2026-05-11T02:58:46Z,https://en.wikipedia.org/wiki/Oksana_Shvets
Oksana Yakovyshyn,Category:Ukrainian sportspeople in Russia during the Russo-Ukrainian war,351,0,,,2026-08-12T16:16:19Z,https://en.wikipedia.org/wiki/Oksana_Yakovyshyn
Oleg Belaventsev,Category:People of the 2014 Russian annexation of Crimea,2911,4,,,2026-09-04T08:45:11Z,https://en.wikipedia.org/wiki/Oleg_Belaventsev
Oleg Mityaev (general),Category:Siege of Mariupol,1341,2,,,2026-08-29T17:38:44Z,https://en.wikipedia.org/wiki/Oleg_Mityaev_(general)
Oleg Orlov,Category:Russian activists against the Russian invasion of Ukraine,16564,9,,,2026-09-01T05:19:26Z,https://en.wikipedia.org/wiki/Oleg_Orlov
Oleg Salyukov,seed-file:team_DATA_json_titles.txt,4447,4,,,2026-05-04T19:23:44Z,https://en.wikipedia.org/wiki/Oleg_Salyukov
Oleg Tsaryov,Category:Ukrainian collaborators with Russia,11465,11,,,2026-08-13T05:16:30Z,https://en.wikipedia.org/wiki/Oleg_Tsaryov
Oleg Tsokov,seed-file:team_DATA_json_titles.txt,4930,3,,,2026-09-15T13:08:29Z,https://en.wikipedia.org/wiki/Oleg_Tsokov
Oleh Bobalo,Category:Ukrainian military personnel killed during the Battle of Bakhmut,702,2,,,2026-05-10T15:39:26Z,https://en.wikipedia.org/wiki/Oleh_Bobalo
Oleh Chuvayev,Category:Ukrainian sportspeople in Russia during the Russo-Ukrainian war,494,2,,,2026-02-01T16:21:47Z,https://en.wikipedia.org/wiki/Oleh_Chuvayev
Oleh Danchenko,Category:Ukrainian sportspeople in Russia during the Russo-Ukrainian war,1253,3,,,2025-11-04T01:11:50Z,https://en.wikipedia.org/wiki/Oleh_Danchenko
Oleh Liashko,Category:People of the 2014 Russian annexation of Crimea,10642,8,,,2026-08-19T05:06:10Z,https://en.wikipedia.org/wiki/Oleh_Liashko
Oleh Mishchenko,Category:Ukrainian sportspeople in Russia during the Russo-Ukrainian war,562,2,,,2025-11-04T01:13:58Z,https://en.wikipedia.org/wiki/Oleh_Mishchenko
Oleh Sentsov,Category:People of the 2014 Russian annexation of Crimea,13618,13,,,2026-09-01T12:38:49Z,https://en.wikipedia.org/wiki/Oleh_Sentsov
Oleh Syniehubov,Category:Pro-Ukrainian people of the Russian invasion of Ukraine,3542,7,,,2026-04-06T20:26:07Z,https://en.wikipedia.org/wiki/Oleh_Syniehubov
Oleh Voloshyn,Category:Ukrainian collaborators with Russia,7533,4,,,2026-04-21T00:39:49Z,https://en.wikipedia.org/wiki/Oleh_Voloshyn
Oleksandr Aliyev,Category:Ukrainian sportspeople in Russia during the Russo-Ukrainian war,5726,12,,,2025-11-04T01:10:58Z,https://en.wikipedia.org/wiki/Oleksandr_Aliyev
Oleksandr Demenko,Category:Siege of Mariupol,4119,5,,,2026-09-27T07:41:12Z,https://en.wikipedia.org/wiki/Oleksandr_Demenko
Oleksandr Kamyshin,Category:Pro-Ukrainian people of the Russian invasion of Ukraine,9433,6,,,2026-04-17T18:23:15Z,https://en.wikipedia.org/wiki/Oleksandr_Kamyshin
Oleksandr Kapliyenko,Category:Ukrainian sportspeople in Russia during the Russo-Ukrainian war,1146,3,,,2026-06-24T12:02:30Z,https://en.wikipedia.org/wiki/Oleksandr_Kapliyenko
Oleksandr Kasyan,Category:Ukrainian sportspeople in Russia during the Russo-Ukrainian war,823,3,,,2026-09-02T17:16:13Z,https://en.wikipedia.org/wiki/Oleksandr_Kasyan
Oleksandr Kolchenko,Category:Ukrainian sportspeople in Russia during the Russo-Ukrainian war,237,0,,,2025-11-04T01:13:04Z,https://en.wikipedia.org/wiki/Oleksandr_Kolchenko
Oleksandr Koval (politician),Category:Pro-Ukrainian people of the Russian invasion of Ukraine,919,1,,,2026-04-11T05:35:18Z,https://en.wikipedia.org/wiki/Oleksandr_Koval_(politician)
Oleksandr Lukyanchenko,Category:People of the 2014 pro-Russian unrest in Ukraine,1773,3,,,2026-04-16T12:37:37Z,https://en.wikipedia.org/wiki/Oleksandr_Lukyanchenko
Oleksandr Marchenko (politician),Category:Ukrainian military personnel killed in the Kyiv offensive,2603,3,,,2026-04-11T12:03:12Z,https://en.wikipedia.org/wiki/Oleksandr_Marchenko_(politician)
Oleksandr Masalov,Category:Ukrainian sportspeople in Russia during the Russo-Ukrainian war,2085,9,,,2026-08-28T19:26:11Z,https://en.wikipedia.org/wiki/Oleksandr_Masalov
Oleksandr Mihunov,Category:Ukrainian sportspeople in Russia during the Russo-Ukrainian war,1071,2,,,2026-04-26T15:03:28Z,https://en.wikipedia.org/wiki/Oleksandr_Mihunov
Oleksandr Noyok,Category:Ukrainian sportspeople in Russia during the Russo-Ukrainian war,814,3,,,2026-07-02T17:22:55Z,https://en.wikipedia.org/wiki/Oleksandr_Noyok
Oleksandr Oksanchenko,Category:Ukrainian military personnel killed in the Kyiv offensive,3163,7,,,2026-08-08T17:24:16Z,https://en.wikipedia.org/wiki/Oleksandr_Oksanchenko
Oleksandr Pavliuk,Category:Pro-Ukrainian people of the Russian invasion of Ukraine,2086,2,,,2026-07-11T00:44:18Z,https://en.wikipedia.org/wiki/Oleksandr_Pavliuk
Oleksandr Pomazun,Category:Ukrainian sportspeople in Russia during the Russo-Ukrainian war,1127,5,,,2026-01-07T09:53:34Z,https://en.wikipedia.org/wiki/Oleksandr_Pomazun
Oleksandr Prokudin,Category:Pro-Ukrainian people of the Russian invasion of Ukraine,6932,6,,,2026-08-12T16:19:18Z,https://en.wikipedia.org/wiki/Oleksandr_Prokudin
Oleksandr Rzhavskyy,Category:Civilians killed in the Russian invasion of Ukraine,1835,0,,,2025-07-06T05:12:52Z,https://en.wikipedia.org/wiki/Oleksandr_Rzhavskyy
Oleksandr Starukh,Category:Pro-Ukrainian people of the Russian invasion of Ukraine,1831,2,,,2026-02-23T04:58:31Z,https://en.wikipedia.org/wiki/Oleksandr_Starukh
Oleksandr Sukhenko,Category:Civilians killed in the Russian invasion of Ukraine,2373,6,,,2026-05-29T19:38:46Z,https://en.wikipedia.org/wiki/Oleksandr_Sukhenko
Oleksandr Syrskyi,seed-file:team_DATA_json_titles.txt,7700,7,,,2026-08-04T12:09:47Z,https://en.wikipedia.org/wiki/Oleksandr_Syrskyi
Oleksandr Tolokonnikov,Category:War correspondents of the Russo-Ukrainian war,3571,3,,,2026-08-12T18:39:19Z,https://en.wikipedia.org/wiki/Oleksandr_Tolokonnikov
Oleksandr Turchynov,Category:People of the 2014 Russian annexation of Crimea,24560,9,,,2026-08-19T02:31:52Z,https://en.wikipedia.org/wiki/Oleksandr_Turchynov
Oleksandr Usyk,Category:Ukrainian sportspeople in Russia during the Russo-Ukrainian war,66423,46,,,2026-09-27T19:18:48Z,https://en.wikipedia.org/wiki/Oleksandr_Usyk
Oleksandr Yefremov,Category:People of the 2014 pro-Russian unrest in Ukraine,6150,3,,,2026-04-03T23:29:23Z,https://en.wikipedia.org/wiki/Oleksandr_Yefremov
Oleksandr Zinchenko (footballer),Category:Ukrainian sportspeople in Russia during the Russo-Ukrainian war,9557,12,,,2026-09-05T22:16:01Z,https://en.wikipedia.org/wiki/Oleksandr_Zinchenko_(footballer)
Oleksii Arestovych,Category:Pro-Ukrainian people of the Russian invasion of Ukraine,9633,12,,,2026-08-21T23:12:01Z,https://en.wikipedia.org/wiki/Oleksii_Arestovych
Oleksii Kovalov,Category:Civilians killed in the Russian invasion of Ukraine,3171,2,,,2026-04-06T20:23:04Z,https://en.wikipedia.org/wiki/Oleksii_Kovalov
Oleksii Reznikov,Category:Pro-Ukrainian people of the Russian invasion of Ukraine,23435,10,,,2026-09-16T07:18:31Z,https://en.wikipedia.org/wiki/Oleksii_Reznikov
Oleksii Yukov,Category:Civilians killed in the Russian invasion of Ukraine,3152,4,,,2026-09-27T14:38:51Z,https://en.wikipedia.org/wiki/Oleksii_Yukov
Oleksiy Babyr,Category:Ukrainian sportspeople in Russia during the Russo-Ukrainian war,546,2,,,2025-11-04T01:11:06Z,https://en.wikipedia.org/wiki/Oleksiy_Babyr
Oleksiy Bessarabov,Category:Torture in the Russo-Ukrainian war,4060,3,,,2026-08-30T22:15:18Z,https://en.wikipedia.org/wiki/Oleksiy_Bessarabov
Oleksiy Boyko,Category:Ukrainian sportspeople in Russia during the Russo-Ukrainian war,2534,6,,,2026-09-10T14:25:06Z,https://en.wikipedia.org/wiki/Oleksiy_Boyko
Oleksiy Danilov,Category:Pro-Ukrainian people of the Russian invasion of Ukraine,5371,6,,,2026-04-16T05:43:52Z,https://en.wikipedia.org/wiki/Oleksiy_Danilov
Oleksiy Hai,Category:Ukrainian sportspeople in Russia during the Russo-Ukrainian war,1108,4,,,2025-12-20T00:04:42Z,https://en.wikipedia.org/wiki/Oleksiy_Hai
Oleksiy Kuleba,Category:Pro-Ukrainian people of the Russian invasion of Ukraine,3379,4,,,2026-08-23T06:11:47Z,https://en.wikipedia.org/wiki/Oleksiy_Kuleba
Oleksiy Kurilov,Category:Ukrainian sportspeople in Russia during the Russo-Ukrainian war,1196,3,,,2025-11-04T01:13:30Z,https://en.wikipedia.org/wiki/Oleksiy_Kurilov
Oleksiy Neizhpapa,Category:Pro-Ukrainian people of the Russian invasion of Ukraine,998,1,,,2025-06-04T23:46:45Z,https://en.wikipedia.org/wiki/Oleksiy_Neizhpapa
Oleksiy Pecherov,Category:Ukrainian sportspeople in Russia during the Russo-Ukrainian war,1556,2,,,2025-11-04T01:14:27Z,https://en.wikipedia.org/wiki/Oleksiy_Pecherov
Oleksiy Popov,Category:Ukrainian sportspeople in Russia during the Russo-Ukrainian war,2238,4,,,2026-01-22T01:51:31Z,https://en.wikipedia.org/wiki/Oleksiy_Popov
Oleksiy Sydorov,Category:Ukrainian sportspeople in Russia during the Russo-Ukrainian war,1145,2,,,2026-09-16T14:29:11Z,https://en.wikipedia.org/wiki/Oleksiy_Sydorov
Oleksiy Vadaturskyy,Category:Civilians killed in the Russian invasion of Ukraine,3734,8,,,2026-05-11T03:34:45Z,https://en.wikipedia.org/wiki/Oleksiy_Vadaturskyy
Oleksiy Zhuravko,Category:Civilians killed in the Russian invasion of Ukraine,4109,4,,,2026-08-02T14:08:57Z,https://en.wikipedia.org/wiki/Oleksiy_Zhuravko
Olena Bilozerska,Category:War correspondents of the Russo-Ukrainian war,1699,2,,,2026-08-30T22:31:30Z,https://en.wikipedia.org/wiki/Olena_Bilozerska
Olena Zelenska,Category:Pro-Ukrainian people of the Russian invasion of Ukraine,13017,9,,,2026-08-28T06:25:26Z,https://en.wikipedia.org/wiki/Olena_Zelenska
Olena Zelenska Foundation,Category:Russo-Ukrainian war (2022–present),2205,4,,,2026-07-29T02:20:10Z,https://en.wikipedia.org/wiki/Olena_Zelenska_Foundation
Olenivka prison massacre,Category:Torture in the Russian invasion of Ukraine,10473,7,47.82846,37.71093,2026-08-30T13:30:26Z,https://en.wikipedia.org/wiki/Olenivka_prison_massacre
Olenya airbase,seed-file:team_DATA_json_titles.txt,4172,6,68.15166667,33.465,2026-08-17T15:21:57Z,https://en.wikipedia.org/wiki/Olenya_airbase
Olesya Vadimovna Sokur,Category:Civilians killed in the Russo-Ukrainian war,2022,3,,,2026-09-06T14:03:56Z,https://en.wikipedia.org/wiki/Olesya_Vadimovna_Sokur
Olexandr Kolchenko,Category:People of the 2014 Russian annexation of Crimea,8655,9,,,2026-08-31T19:15:02Z,https://en.wikipedia.org/wiki/Olexandr_Kolchenko
Olga Kachura,Category:Women in the Russian invasion of Ukraine,3038,8,,,2026-09-30T07:10:01Z,https://en.wikipedia.org/wiki/Olga_Kachura
Olga Li,Category:Russian activists against the Russian invasion of Ukraine,907,0,,,2026-06-25T11:38:31Z,https://en.wikipedia.org/wiki/Olga_Li
Olga Makeeva,Category:Ukrainian collaborators with Russia,1292,1,,,2026-09-30T05:15:45Z,https://en.wikipedia.org/wiki/Olga_Makeeva
Olga Peredery,Category:Ukrainian sportspeople in Russia during the Russo-Ukrainian war,124,0,,,2026-01-06T03:28:29Z,https://en.wikipedia.org/wiki/Olga_Peredery
Olga Sukhenko,Category:Civilians killed in the Russian invasion of Ukraine,2791,4,,,2026-09-10T15:46:14Z,https://en.wikipedia.org/wiki/Olga_Sukhenko
Olha Basanska,Category:Ukrainian sportspeople in Russia during the Russo-Ukrainian war,913,2,,,2026-07-11T17:45:30Z,https://en.wikipedia.org/wiki/Olha_Basanska
Olha Boychenko,Category:Ukrainian sportspeople in Russia during the Russo-Ukrainian war,617,3,,,2026-08-12T16:16:16Z,https://en.wikipedia.org/wiki/Olha_Boychenko
Omega group,Category:Military units and formations of Ukraine in the Russian invasion of Ukraine,3485,3,,,2026-07-21T11:50:42Z,https://en.wikipedia.org/wiki/Omega_group
Omsk refinery,Category:Russo-Ukrainian war (2022–present),3888,4,55.07111111,73.23444444,2026-07-14T12:13:19Z,https://en.wikipedia.org/wiki/Omsk_refinery
On the Condemnation and Prohibition of Propaganda of Russian Imperial Policy in Ukraine and the Decolonization of Toponymy,seed-file:team_DATA_json_titles.txt,4839,4,,,2026-05-16T15:04:44Z,https://en.wikipedia.org/wiki/On_the_Condemnation_and_Prohibition_of_Propaganda_of_Russian_Imperial_Policy_in_Ukraine_and_the_Decolonization_of_Toponymy
On the Historical Unity of Russians and Ukrainians,Category:Prelude to the Russian invasion of Ukraine,9904,6,,,2026-07-14T17:56:06Z,https://en.wikipedia.org/wiki/On_the_Historical_Unity_of_Russians_and_Ukrainians
Onufriy Berezovsky,Category:Pro-Ukrainian people of the Russian invasion of Ukraine,8411,3,,,2026-06-26T19:44:29Z,https://en.wikipedia.org/wiki/Onufriy_Berezovsky
Open-source intelligence in the Russian invasion of Ukraine,Category:Russo-Ukrainian war (2022–present),2990,4,,,2026-04-25T00:44:08Z,https://en.wikipedia.org/wiki/Open-source_intelligence_in_the_Russian_invasion_of_Ukraine
Operation Atlantic Resolve,Category:War in Donbas,10060,10,,,2026-09-26T21:07:28Z,https://en.wikipedia.org/wiki/Operation_Atlantic_Resolve
Operation Dragoon Ride,Category:War in Donbas,3531,3,,,2026-04-19T03:21:29Z,https://en.wikipedia.org/wiki/Operation_Dragoon_Ride
Operation Eastern Sentry,Category:Spillover of the Russian invasion of Ukraine,2547,2,,,2026-09-04T10:51:14Z,https://en.wikipedia.org/wiki/Operation_Eastern_Sentry
Operation Ganga,Category:Reactions to the Russian invasion of Ukraine,12863,10,,,2026-09-08T08:42:14Z,https://en.wikipedia.org/wiki/Operation_Ganga
Operation Interflex,Category:Russo-Ukrainian war,8803,8,,,2026-08-08T04:34:27Z,https://en.wikipedia.org/wiki/Operation_Interflex
Operation Israel Guarantees,Category:Reactions to the Russian invasion of Ukraine,6035,2,,,2026-02-28T18:09:19Z,https://en.wikipedia.org/wiki/Operation_Israel_Guarantees
Operation MoLoChKa,Category:Campaigns of the Russian invasion of Ukraine,8921,7,,,2026-09-25T00:01:32Z,https://en.wikipedia.org/wiki/Operation_MoLoChKa
Operation Orbital,Category:Military operations of the war in Donbas,7274,6,,,2026-08-08T04:38:57Z,https://en.wikipedia.org/wiki/Operation_Orbital
Operation Oscar,Category:Reactions to the Russian invasion of Ukraine,790,1,,,2026-08-25T04:57:52Z,https://en.wikipedia.org/wiki/Operation_Oscar
Operation Spiderweb,Category:Spillover of the Russian invasion of Ukraine,15519,12,,,2026-09-17T16:29:48Z,https://en.wikipedia.org/wiki/Operation_Spiderweb
Operation Stream,Category:Military operations of the Russian invasion of Ukraine in 2025,7794,5,,,2026-08-22T01:17:08Z,https://en.wikipedia.org/wiki/Operation_Stream
Operation Synytsia,Category:People of the Russian invasion of Ukraine,7603,6,49.55783,37.25581,2026-08-19T09:25:46Z,https://en.wikipedia.org/wiki/Operation_Synytsia
Operation Unifier,Category:Military operations of the Russo-Ukrainian war,5689,5,,,2026-08-08T04:44:21Z,https://en.wikipedia.org/wiki/Operation_Unifier
Operational Group of Russian Forces,seed-file:team_DATA_json_titles.txt,12593,8,,,2026-06-29T14:32:48Z,https://en.wikipedia.org/wiki/Operational_Group_of_Russian_Forces
Orange Revolution,seed-file:recommended_forces_battles_places.txt,30650,17,,,2026-09-11T18:38:21Z,https://en.wikipedia.org/wiki/Orange_Revolution
Orc (slang),Category:Propaganda in Ukraine related to the Russian invasion of Ukraine,2478,5,,,2026-04-04T00:36:05Z,https://en.wikipedia.org/wiki/Orc_(slang)
Oreshnik (missile),Category:Military equipment of the Russian invasion of Ukraine,12127,9,,,2026-08-22T01:17:11Z,https://en.wikipedia.org/wiki/Oreshnik_(missile)
Oriental Review,Category:Sanctions and boycotts during the Russo-Ukrainian war,2696,5,,,2026-09-22T05:08:15Z,https://en.wikipedia.org/wiki/Oriental_Review
Oskil Dam,Category:Buildings and structures destroyed during the Russian invasion of Ukraine,1780,3,49.175,37.47194444,2026-07-01T17:54:56Z,https://en.wikipedia.org/wiki/Oskil_Dam
Out of This World (2026 film),Category:Russo-Ukrainian war films,1272,5,,,2026-06-02T21:19:27Z,https://en.wikipedia.org/wiki/Out_of_This_World_(2026_film)
Outline of the Russo-Ukrainian war,Category:Russo-Ukrainian war,17819,76,,,2026-09-25T13:48:03Z,https://en.wikipedia.org/wiki/Outline_of_the_Russo-Ukrainian_war
Outside the Wire,Category:Russo-Ukrainian war in fiction,5320,5,,,2026-09-19T09:25:00Z,https://en.wikipedia.org/wiki/Outside_the_Wire
Oyda (song),Category:Songs about the Russian invasion of Ukraine,2864,6,,,2026-08-27T01:52:56Z,https://en.wikipedia.org/wiki/Oyda_(song)
Ozon,Category:Sanctions and boycotts during the Russo-Ukrainian war,10929,10,,,2026-09-27T09:59:29Z,https://en.wikipedia.org/wiki/Ozon
PACE Platform for Dialogue with Russian Democratic Forces,Category:Russian activists against the Russian invasion of Ukraine,16188,14,,,2026-08-22T01:17:14Z,https://en.wikipedia.org/wiki/PACE_Platform_for_Dialogue_with_Russian_Democratic_Forces
PMC Patriot,Category:Military units and formations of Russia in the Russian invasion of Ukraine,2165,3,,,2026-07-03T21:11:04Z,https://en.wikipedia.org/wiki/PMC_Patriot
PMC Wagner Centre,Category:Wagner Group,7679,8,59.91861111,30.4275,2026-01-31T03:57:39Z,https://en.wikipedia.org/wiki/PMC_Wagner_Centre
Pahonia Detachment,Category:Belarus in the Russo-Ukrainian war,3067,5,,,2026-08-01T22:43:14Z,https://en.wikipedia.org/wiki/Pahonia_Detachment
Pahonia Regiment,Category:Belarusian involvement in the Russian invasion of Ukraine,2352,3,,,2025-11-26T21:49:10Z,https://en.wikipedia.org/wiki/Pahonia_Regiment
"Palace ""Ukraine""",Category:Buildings and structures destroyed during the Russian invasion of Ukraine,2916,4,50.42230833,30.52130556,2026-08-30T21:27:07Z,https://en.wikipedia.org/wiki/Palace_%22Ukraine%22
Palianytsia,Category:Russian invasion of Ukraine in popular culture,2217,6,,,2026-08-07T19:44:10Z,https://en.wikipedia.org/wiki/Palianytsia
Palianytsia (missile),Category:Military equipment of the Russian invasion of Ukraine,4650,7,,,2026-09-26T15:13:50Z,https://en.wikipedia.org/wiki/Palianytsia_(missile)
Paragon Company (Ukraine),Category:Military units and formations of Ukraine in the Russian invasion of Ukraine,2477,2,,,2026-07-17T16:42:06Z,https://en.wikipedia.org/wiki/Paragon_Company_(Ukraine)
Partition Treaty on the Status and Conditions of the Black Sea Fleet,Category:Events affected by the 2014 Russian annexation of Crimea,4049,4,,,2026-09-23T13:27:28Z,https://en.wikipedia.org/wiki/Partition_Treaty_on_the_Status_and_Conditions_of_the_Black_Sea_Fleet
Patriarchal Exarchate in South-East Asia,Category:2018 Moscow–Constantinople schism,8963,7,,,2026-07-27T09:57:06Z,https://en.wikipedia.org/wiki/Patriarchal_Exarchate_in_South-East_Asia
Patriarchal Exarchate in Western Europe,Category:2018 Moscow–Constantinople schism,10014,9,,,2026-08-09T09:20:45Z,https://en.wikipedia.org/wiki/Patriarchal_Exarchate_in_Western_Europe
Patriarchal Exarchate of Africa,Category:2018 Moscow–Constantinople schism,9453,3,,,2026-06-21T05:50:46Z,https://en.wikipedia.org/wiki/Patriarchal_Exarchate_of_Africa
Patrice Lumumba Peoples' Friendship University of Russia,Category:Sanctions and boycotts during the Russo-Ukrainian war,17908,13,55.651,37.505,2026-09-30T19:38:52Z,https://en.wikipedia.org/wiki/Patrice_Lumumba_Peoples%27_Friendship_University_of_Russia
Patrick Lancaster,Category:People of the Russian invasion of Ukraine,2746,6,,,2026-07-31T04:32:41Z,https://en.wikipedia.org/wiki/Patrick_Lancaster
Patron (dog),Category:Russian invasion of Ukraine in popular culture,5482,5,,,2026-09-23T17:12:51Z,https://en.wikipedia.org/wiki/Patron_(dog)
Paul Ronzheimer,Category:War correspondents of the Russo-Ukrainian war,3614,4,,,2026-04-30T01:28:13Z,https://en.wikipedia.org/wiki/Paul_Ronzheimer
Pavel Chikov,Category:Russian activists against the Russian invasion of Ukraine,3428,5,,,2026-09-08T11:00:48Z,https://en.wikipedia.org/wiki/Pavel_Chikov
Pavel Filatyev,seed-file:team_DATA_json_titles.txt,13453,7,,,2026-05-09T20:12:46Z,https://en.wikipedia.org/wiki/Pavel_Filatyev
Pavel Gubarev,Category:Ukrainian collaborators with Russia,8416,5,,,2026-08-31T12:03:34Z,https://en.wikipedia.org/wiki/Pavel_Gubarev
Pavel Kanygin,Category:Malaysia Airlines Flight 17,3093,2,,,2026-08-31T17:28:44Z,https://en.wikipedia.org/wiki/Pavel_Kanygin
Pavel Litvinov,Category:Russian activists against the Russian invasion of Ukraine,7794,6,,,2026-08-25T13:40:41Z,https://en.wikipedia.org/wiki/Pavel_Litvinov
Pavel Prigozhin,Category:People of the Wagner Group,3381,6,,,2026-06-11T14:59:38Z,https://en.wikipedia.org/wiki/Pavel_Prigozhin
Pavel Shperov,Category:Ukrainian collaborators with Russia,3252,3,,,2026-04-11T15:44:05Z,https://en.wikipedia.org/wiki/Pavel_Shperov
Pavel Shurmei,Category:Belarusian involvement in the Russian invasion of Ukraine,2658,6,,,2026-06-30T11:50:34Z,https://en.wikipedia.org/wiki/Pavel_Shurmei
Pavel Sudoplatov Battalion,Category:Ukrainian collaboration with Russia,1878,4,,,2026-03-05T10:17:27Z,https://en.wikipedia.org/wiki/Pavel_Sudoplatov_Battalion
Pavel Talankin,Category:Russian activists against the Russian invasion of Ukraine,4170,7,,,2026-09-29T23:26:32Z,https://en.wikipedia.org/wiki/Pavel_Talankin
Pavlo Hryshchenko,Category:Ukrainian sportspeople in Russia during the Russo-Ukrainian war,453,2,,,2025-11-04T01:12:32Z,https://en.wikipedia.org/wiki/Pavlo_Hryshchenko
Pavlo Kyrylenko,Category:Pro-Ukrainian people of the Russian invasion of Ukraine,2467,4,,,2026-06-10T14:50:45Z,https://en.wikipedia.org/wiki/Pavlo_Kyrylenko
Pavlo Lee,Category:Ukrainian military personnel killed in the Kyiv offensive,1849,4,,,2026-03-03T05:25:31Z,https://en.wikipedia.org/wiki/Pavlo_Lee
Peace negotiations in the Russo-Ukrainian war,Category:Russo-Ukrainian war,799,1,,,2026-05-09T12:36:31Z,https://en.wikipedia.org/wiki/Peace_negotiations_in_the_Russo-Ukrainian_war
Peace negotiations in the Russo-Ukrainian war (2022–present),Category:Russo-Ukrainian war (2022–present),100650,45,,,2026-09-29T23:03:25Z,https://en.wikipedia.org/wiki/Peace_negotiations_in_the_Russo-Ukrainian_war_(2022%E2%80%93present)
Peacenotwar,Category:Reactions to the Russian invasion of Ukraine,1516,3,,,2026-08-23T16:16:28Z,https://en.wikipedia.org/wiki/Peacenotwar
Peklo,Category:Military equipment of the Russian invasion of Ukraine,2171,3,,,2026-07-30T21:37:24Z,https://en.wikipedia.org/wiki/Peklo
People's Bayraktar,Category:Aerial warfare in the Russian invasion of Ukraine,4390,4,,,2026-05-09T20:58:52Z,https://en.wikipedia.org/wiki/People%27s_Bayraktar
People's Satellite,seed-file:team_DATA_json_titles.txt,3511,5,,,2026-08-28T02:40:53Z,https://en.wikipedia.org/wiki/People%27s_Satellite
Pete Reed (aid worker),Category:Civilians killed in the Russian invasion of Ukraine,1179,0,,,2026-05-11T03:21:34Z,https://en.wikipedia.org/wiki/Pete_Reed_(aid_worker)
Petro Symonenko,Category:People of the 2014 pro-Russian unrest in Ukraine,5388,3,,,2026-06-05T23:57:02Z,https://en.wikipedia.org/wiki/Petro_Symonenko
Petro Zyma,Category:People of the 2014 Russian annexation of Crimea,728,1,,,2026-04-11T16:12:51Z,https://en.wikipedia.org/wiki/Petro_Zyma
Phoenix Unmanned Systems Regiment,Category:Military units and formations of Ukraine in the Russian invasion of Ukraine,4876,2,,,2026-07-16T17:33:14Z,https://en.wikipedia.org/wiki/Phoenix_Unmanned_Systems_Regiment
Phoenix Wings,Category:War in Donbas,1896,2,,,2026-08-08T14:08:35Z,https://en.wikipedia.org/wiki/Phoenix_Wings
Phone call to Putin,Category:Torture in the Russian invasion of Ukraine,1369,1,,,2026-04-19T03:25:38Z,https://en.wikipedia.org/wiki/Phone_call_to_Putin
"Pilotless Systems Detachment ""Typhoon""",Category:Military units and formations of Ukraine in the Russian invasion of Ukraine,1961,3,,,2026-08-27T13:40:25Z,https://en.wikipedia.org/wiki/Pilotless_Systems_Detachment_%22Typhoon%22
Pinchas Goldschmidt,Category:Russian activists against the Russian invasion of Ukraine,6053,4,,,2026-06-01T01:09:58Z,https://en.wikipedia.org/wiki/Pinchas_Goldschmidt
Pobedobesie,Category:Propaganda in Russia related to the Russian invasion of Ukraine,3587,5,,,2026-07-14T04:54:41Z,https://en.wikipedia.org/wiki/Pobedobesie
Podilsk Border Detachment,Category:Military units and formations of Ukraine in the Russian invasion of Ukraine,3036,3,,,2026-04-23T21:44:48Z,https://en.wikipedia.org/wiki/Podilsk_Border_Detachment
Points of Invincibility,seed-file:team_DATA_json_titles.txt,3485,4,,,2026-03-17T13:01:08Z,https://en.wikipedia.org/wiki/Points_of_Invincibility
Pokrovsk,seed-file:recommended_forces_battles_places.txt,10984,15,48.28277778,37.18277778,2026-09-27T21:19:39Z,https://en.wikipedia.org/wiki/Pokrovsk
Pokrovsk offensive,seed-file:team_DATA_json_titles.txt,48279,19,,,2026-09-03T12:12:17Z,https://en.wikipedia.org/wiki/Pokrovsk_offensive
Pokrovsk offensive order of battle,Category:Military units and formations of the Russian invasion of Ukraine,30,0,,,2026-08-31T17:00:49Z,https://en.wikipedia.org/wiki/Pokrovsk_offensive_order_of_battle
Poland,seed-file:team_DATA_json_titles.txt,80926,44,52,20,2026-09-27T19:44:50Z,https://en.wikipedia.org/wiki/Poland
Poland's response to the Russian invasion of Ukraine,Category:Reactions to the Russian invasion of Ukraine,37140,22,,,2026-09-13T13:52:46Z,https://en.wikipedia.org/wiki/Poland%27s_response_to_the_Russian_invasion_of_Ukraine
Poland–Ukraine border crisis,seed-file:team_DATA_json_titles.txt,6673,2,,,2026-08-05T16:43:32Z,https://en.wikipedia.org/wiki/Poland%E2%80%93Ukraine_border_crisis
Polish Volunteer Corps,seed-file:team_DATA_json_titles.txt,1759,3,,,2026-09-03T22:01:55Z,https://en.wikipedia.org/wiki/Polish_Volunteer_Corps
Political status of Crimea,Category:2014 Russian annexation of Crimea,18276,12,,,2026-08-10T12:49:20Z,https://en.wikipedia.org/wiki/Political_status_of_Crimea
Poltava Oblast,seed-file:team_DATA_json_titles.txt,8094,13,49.58944444,34.55138889,2026-09-14T03:08:02Z,https://en.wikipedia.org/wiki/Poltava_Oblast
Poly Technologies,Category:China and the Russian invasion of Ukraine,2953,6,,,2026-08-03T20:16:26Z,https://en.wikipedia.org/wiki/Poly_Technologies
Pomsta Brigade,Category:Military units and formations of Ukraine in the Russian invasion of Ukraine,11375,7,,,2026-05-23T19:38:15Z,https://en.wikipedia.org/wiki/Pomsta_Brigade
Popasna,Category:Populated places destroyed during the Russian invasion of Ukraine,5319,5,48.63333333,38.38,2026-09-27T21:38:55Z,https://en.wikipedia.org/wiki/Popasna
Popov Manor House,Category:Buildings and structures destroyed during the Russian invasion of Ukraine,5303,8,47.44583333,35.275,2026-07-22T02:52:08Z,https://en.wikipedia.org/wiki/Popov_Manor_House
Popular Resistance of Ukraine,Category:Ukrainian resistance during the Russian invasion of Ukraine,1998,2,,,2026-08-09T23:56:36Z,https://en.wikipedia.org/wiki/Popular_Resistance_of_Ukraine
Porcelain War,seed-file:team_DATA_json_titles.txt,2806,5,,,2026-09-15T07:32:43Z,https://en.wikipedia.org/wiki/Porcelain_War
Potok (PMC),Category:Military units and formations of Russia in the Russian invasion of Ukraine,1241,0,,,2026-06-30T14:55:42Z,https://en.wikipedia.org/wiki/Potok_(PMC)
Pravda network,Category:Disinformation in the Russian invasion of Ukraine,3921,3,,,2026-08-26T01:30:58Z,https://en.wikipedia.org/wiki/Pravda_network
Prelude to the 2022 Russian invasion of Ukraine,Category:Prelude to the Russian invasion of Ukraine,69386,26,,,2026-09-26T12:59:24Z,https://en.wikipedia.org/wiki/Prelude_to_the_2022_Russian_invasion_of_Ukraine
Prisoners of war in the Russo-Ukrainian war (2022–present),Category:Russo-Ukrainian war,34795,24,,,2026-08-22T01:18:15Z,https://en.wikipedia.org/wiki/Prisoners_of_war_in_the_Russo-Ukrainian_war_(2022%E2%80%93present)
Prizrak Brigade,Category:Military units and formations of Russia in the Russian invasion of Ukraine,4504,5,,,2026-08-27T04:43:06Z,https://en.wikipedia.org/wiki/Prizrak_Brigade
"Proletarsk, Rostov Oblast",Category:Russo-Ukrainian war (2022–present),2960,4,46.7,41.73333333,2026-09-16T02:50:07Z,"https://en.wikipedia.org/wiki/Proletarsk,_Rostov_Oblast"
Propaganda in Russia,Category:Russo-Ukrainian war,18768,7,,,2026-09-03T21:17:23Z,https://en.wikipedia.org/wiki/Propaganda_in_Russia
Proposed Russian annexation of South Ossetia,seed-file:team_DATA_json_titles.txt,12820,7,,,2026-08-31T16:53:26Z,https://en.wikipedia.org/wiki/Proposed_Russian_annexation_of_South_Ossetia
Proposed multinational force in Ukraine,Category:Foreign involvement in the Russian invasion of Ukraine,14221,11,,,2026-09-21T06:25:11Z,https://en.wikipedia.org/wiki/Proposed_multinational_force_in_Ukraine
Proposed no-fly zone in the Russian invasion of Ukraine,Category:Aerial warfare in the Russian invasion of Ukraine,10495,7,,,2026-06-22T06:49:06Z,https://en.wikipedia.org/wiki/Proposed_no-fly_zone_in_the_Russian_invasion_of_Ukraine
Protests against the Russo-Ukrainian war (2022–present),seed-file:team_DATA_json_titles.txt,20892,19,,,2026-08-21T23:11:03Z,https://en.wikipedia.org/wiki/Protests_against_the_Russo-Ukrainian_war_(2022%E2%80%93present)
Protests against the dismissal of Mykhailo Fedorov,Category:Russo-Ukrainian war (2022–present),39964,14,,,2026-09-10T15:51:00Z,https://en.wikipedia.org/wiki/Protests_against_the_dismissal_of_Mykhailo_Fedorov
Przewodów,seed-file:team_DATA_json_titles.txt,635,2,50.47444444,23.9275,2026-09-27T22:55:40Z,https://en.wikipedia.org/wiki/Przewod%C3%B3w
Punisher (drone),seed-file:team_DATA_json_titles.txt,3669,5,,,2026-07-21T19:13:45Z,https://en.wikipedia.org/wiki/Punisher_(drone)
Put Domoi (movement),Category:Women in the Russian invasion of Ukraine,1999,0,,,2026-07-20T10:00:11Z,https://en.wikipedia.org/wiki/Put_Domoi_(movement)
Putin khuylo!,Category:Propaganda in the Russo-Ukrainian war,9537,13,,,2026-09-11T23:00:06Z,https://en.wikipedia.org/wiki/Putin_khuylo!
Putin. War,Category:War in Donbas,3556,6,,,2026-04-19T03:29:35Z,https://en.wikipedia.org/wiki/Putin._War
Putinism,seed-file:team_DATA_json_titles.txt,46374,26,,,2026-09-30T16:28:13Z,https://en.wikipedia.org/wiki/Putinism
Putinversteher,seed-file:team_DATA_json_titles.txt,8993,8,,,2026-07-29T16:03:58Z,https://en.wikipedia.org/wiki/Putinversteher
Putler,Category:Propaganda in the Russo-Ukrainian war,4447,6,,,2026-04-29T13:33:33Z,https://en.wikipedia.org/wiki/Putler
Pyatnashka Brigade,Category:Military units and formations of Russia in the Russian invasion of Ukraine,2824,5,,,2026-06-27T23:04:56Z,https://en.wikipedia.org/wiki/Pyatnashka_Brigade
Pylyp Budkivskyi,Category:Ukrainian sportspeople in Russia during the Russo-Ukrainian war,2551,12,,,2026-06-03T14:36:13Z,https://en.wikipedia.org/wiki/Pylyp_Budkivskyi
Pyotr Verzilov,Category:Russian activists against the Russian invasion of Ukraine,6192,4,,,2026-08-21T09:34:19Z,https://en.wikipedia.org/wiki/Pyotr_Verzilov
R260 highway (Russia),seed-file:team_DATA_json_titles.txt,807,0,,,2024-01-21T23:31:53Z,https://en.wikipedia.org/wiki/R260_highway_(Russia)
RAM-2X,Category:Military equipment of the Russian invasion of Ukraine,1427,3,,,2026-09-14T16:35:15Z,https://en.wikipedia.org/wiki/RAM-2X
RARBG,Category:Impacts of the Russian invasion of Ukraine,1875,4,,,2026-09-22T03:39:08Z,https://en.wikipedia.org/wiki/RARBG
REPowerEU,Category:Reactions to the Russian invasion of Ukraine,19535,13,,,2026-08-08T00:34:51Z,https://en.wikipedia.org/wiki/REPowerEU
Raccoon of Kherson,Category:Propaganda in Russia related to the Russian invasion of Ukraine,5115,4,,,2026-04-20T07:14:24Z,https://en.wikipedia.org/wiki/Raccoon_of_Kherson
Radio Free Europe/Radio Liberty,seed-file:team_DATA_json_titles.txt,32648,22,50.07888889,14.47861111,2026-08-28T16:05:20Z,https://en.wikipedia.org/wiki/Radio_Free_Europe/Radio_Liberty
Raid of the 95th Brigade,seed-file:recommended_forces_battles_places.txt,4936,7,,,2026-08-22T16:48:46Z,https://en.wikipedia.org/wiki/Raid_of_the_95th_Brigade
Raids on the Tendra Spit,Category:Naval warfare in the Russian invasion of Ukraine,1362,3,,,2026-04-06T02:25:14Z,https://en.wikipedia.org/wiki/Raids_on_the_Tendra_Spit
Rail war in Belarus (2022–present),Category:Spillover of the Russian invasion of Ukraine,2165,4,,,2026-08-19T06:17:19Z,https://en.wikipedia.org/wiki/Rail_war_in_Belarus_(2022%E2%80%93present)
Rail war in Russia (2022–present),Category:Spillover of the Russian invasion of Ukraine,5675,6,,,2026-09-13T15:35:32Z,https://en.wikipedia.org/wiki/Rail_war_in_Russia_(2022%E2%80%93present)
Ramzan Kadyrov,seed-file:team_DATA_json_titles.txt,78415,43,,,2026-09-20T11:57:56Z,https://en.wikipedia.org/wiki/Ramzan_Kadyrov
Reaction of Russian intelligentsia to the 2014 annexation of Crimea,Category:2014 Russian annexation of Crimea,7497,11,,,2026-04-20T04:09:09Z,https://en.wikipedia.org/wiki/Reaction_of_Russian_intelligentsia_to_the_2014_annexation_of_Crimea
Reactions of the Eastern Orthodox churches to the 2018 Moscow–Constantinople schism,Category:Reactions to the Russian invasion of Ukraine,118768,65,,,2026-08-11T01:25:40Z,https://en.wikipedia.org/wiki/Reactions_of_the_Eastern_Orthodox_churches_to_the_2018_Moscow%E2%80%93Constantinople_schism
Reactions to the 2021–2022 Russo-Ukrainian crisis,Category:Prelude to the Russian invasion of Ukraine,66965,41,,,2026-08-29T19:52:46Z,https://en.wikipedia.org/wiki/Reactions_to_the_2021%E2%80%932022_Russo-Ukrainian_crisis
Reactions to the 2022 Russian invasion of Ukraine,Category:Reactions to the Russian invasion of Ukraine,34289,29,,,2026-08-22T01:18:30Z,https://en.wikipedia.org/wiki/Reactions_to_the_2022_Russian_invasion_of_Ukraine
Readiness 2030,Category:Military operations of the Russian invasion of Ukraine,3126,5,,,2026-04-14T20:22:59Z,https://en.wikipedia.org/wiki/Readiness_2030
Red University Building,Category:Buildings and structures destroyed during the Russian invasion of Ukraine,1730,2,50.44194167,30.51125833,2026-07-27T05:24:12Z,https://en.wikipedia.org/wiki/Red_University_Building
Red lines in the Russo-Ukrainian war,Category:Russo-Ukrainian war,10745,8,,,2026-09-21T08:06:36Z,https://en.wikipedia.org/wiki/Red_lines_in_the_Russo-Ukrainian_war
Redut,Category:Military units and formations of Russia in the Russian invasion of Ukraine,23324,22,,,2026-08-22T01:18:38Z,https://en.wikipedia.org/wiki/Redut
Register of Damage for Ukraine,Category:Reactions to the Russian invasion of Ukraine,1851,2,,,2026-08-22T01:18:41Z,https://en.wikipedia.org/wiki/Register_of_Damage_for_Ukraine
Religion and the Russian invasion of Ukraine,Category:Russo-Ukrainian war (2022–present),21220,13,,,2026-09-20T13:03:17Z,https://en.wikipedia.org/wiki/Religion_and_the_Russian_invasion_of_Ukraine
Reparations from Russia after the Russo-Ukrainian war,Category:Reactions to the Russo-Ukrainian war,4719,5,,,2025-12-23T01:22:53Z,https://en.wikipedia.org/wiki/Reparations_from_Russia_after_the_Russo-Ukrainian_war
Repellent-1,Category:War in Donbas,1612,6,,,2026-07-23T23:21:39Z,https://en.wikipedia.org/wiki/Repellent-1
Republic of Crimea (Russia),Category:2014 Russian annexation of Crimea,29460,30,45.3,34.4,2026-08-23T12:32:17Z,https://en.wikipedia.org/wiki/Republic_of_Crimea_(Russia)
Republic of Stakhanov,Category:War in Donbas,2125,2,,,2026-04-13T21:07:50Z,https://en.wikipedia.org/wiki/Republic_of_Stakhanov
Rescuer City,Category:Russian invasion of Ukraine by city,3321,3,,,2026-08-30T08:07:34Z,https://en.wikipedia.org/wiki/Rescuer_City
Resistance Committee (Ukraine),Category:Ukrainian resistance during the Russian invasion of Ukraine,8504,9,,,2026-09-28T12:23:50Z,https://en.wikipedia.org/wiki/Resistance_Committee_(Ukraine)
Restrictions on transit to Kaliningrad Oblast,Category:Reactions to the Russian invasion of Ukraine,3281,4,,,2026-09-15T19:36:25Z,https://en.wikipedia.org/wiki/Restrictions_on_transit_to_Kaliningrad_Oblast
Reuters,seed-file:team_DATA_json_titles.txt,23088,22,,,2026-09-23T19:17:49Z,https://en.wikipedia.org/wiki/Reuters
Revolution of Dignity,seed-file:recommended_forces_battles_places.txt,66671,31,,,2026-09-23T14:01:26Z,https://en.wikipedia.org/wiki/Revolution_of_Dignity
Reşat Amet,Category:People of the 2014 Russian annexation of Crimea,1446,2,,,2026-04-19T03:32:58Z,https://en.wikipedia.org/wiki/Re%C5%9Fat_Amet
Ribbon of Saint George,Category:Military symbols used during the Russo-Ukrainian war,12524,12,,,2026-05-23T14:15:07Z,https://en.wikipedia.org/wiki/Ribbon_of_Saint_George
Richard Engel,Category:War correspondents of the Russo-Ukrainian war,12665,10,,,2026-09-02T17:14:12Z,https://en.wikipedia.org/wiki/Richard_Engel
Rico Krieger,seed-file:team_DATA_json_titles.txt,16052,6,,,2026-07-18T04:22:03Z,https://en.wikipedia.org/wiki/Rico_Krieger
Right Sector,Category:2014 pro-Russian unrest in Ukraine,31937,23,,,2026-09-25T22:07:07Z,https://en.wikipedia.org/wiki/Right_Sector
Right Sector Ukrainian Volunteer Corps,Category:Military units and formations of Ukraine in the Russian invasion of Ukraine,17148,8,,,2026-05-02T09:48:23Z,https://en.wikipedia.org/wiki/Right_Sector_Ukrainian_Volunteer_Corps
Rinat Akhmetov,Category:Pro-Ukrainian people of the Russian invasion of Ukraine,62278,20,,,2026-09-14T06:44:06Z,https://en.wikipedia.org/wiki/Rinat_Akhmetov
Rivne Oblast,Category:Oblasts of Ukraine,7370,11,50.74,26.35,2026-09-07T02:19:22Z,https://en.wikipedia.org/wiki/Rivne_Oblast
Rivne TV Tower,Category:Buildings and structures destroyed during the Russian invasion of Ukraine,890,1,,,2026-05-05T11:36:48Z,https://en.wikipedia.org/wiki/Rivne_TV_Tower
Rivne strikes (2022–present),seed-file:team_DATA_json_titles.txt,3926,13,50.74,26.35,2026-08-22T19:59:03Z,https://en.wikipedia.org/wiki/Rivne_strikes_(2022%E2%80%93present)
Road bridge across the Desna (Chernihiv),Category:Buildings and structures destroyed during the Russian invasion of Ukraine,2317,3,51.4574,31.3014,2026-02-03T11:51:20Z,https://en.wikipedia.org/wiki/Road_bridge_across_the_Desna_(Chernihiv)
Robert Evans (journalist),Category:War correspondents of the Russo-Ukrainian war,8196,9,,,2026-08-27T02:26:07Z,https://en.wikipedia.org/wiki/Robert_Evans_(journalist)
Robotyne,Category:Populated places destroyed during the Russian invasion of Ukraine,4016,6,47.44305556,35.82611111,2026-09-25T03:44:06Z,https://en.wikipedia.org/wiki/Robotyne
"Rock, Paper, Scissors (2024 film)",Category:Russian invasion of Ukraine films,3249,5,,,2026-08-25T03:42:34Z,"https://en.wikipedia.org/wiki/Rock,_Paper,_Scissors_(2024_film)"
Rocket Forces and Artillery (Ukraine),seed-file:recommended_forces_battles_places.txt,17052,12,,,2026-06-11T01:43:06Z,https://en.wikipedia.org/wiki/Rocket_Forces_and_Artillery_(Ukraine)
Roman Berdnikov,seed-file:team_DATA_json_titles.txt,2690,2,,,2026-05-10T16:46:54Z,https://en.wikipedia.org/wiki/Roman_Berdnikov
Roman Blagoy,Category:Ukrainian sportspeople in Russia during the Russo-Ukrainian war,402,1,,,2026-01-23T06:25:51Z,https://en.wikipedia.org/wiki/Roman_Blagoy
Roman Dobrokhotov,Category:Russian activists against the Russian invasion of Ukraine,6195,8,,,2026-06-17T17:00:07Z,https://en.wikipedia.org/wiki/Roman_Dobrokhotov
Roman Rubanov,Category:Russian activists against the Russian invasion of Ukraine,2223,1,,,2026-08-29T00:49:20Z,https://en.wikipedia.org/wiki/Roman_Rubanov
Romanian Battlegroup Getica,seed-file:team_DATA_json_titles.txt,2648,1,,,2026-08-05T14:08:42Z,https://en.wikipedia.org/wiki/Romanian_Battlegroup_Getica
Rosneft,Category:Sanctions and boycotts during the Russo-Ukrainian war,34755,27,,,2026-09-21T21:43:25Z,https://en.wikipedia.org/wiki/Rosneft
Rostov-on-Don pre-trial detention center hostage crisis,Category:Attacks in Russia during the Russo-Ukrainian war (2022–present),843,1,,,2026-08-22T20:00:46Z,https://en.wikipedia.org/wiki/Rostov-on-Don_pre-trial_detention_center_hostage_crisis
Rubikus.HelpUA,Category:Organizations of the Russo-Ukrainian war,1001,0,,,2026-08-21T18:53:50Z,https://en.wikipedia.org/wiki/Rubikus.HelpUA
Rubizh Brigade,Category:Military units and formations of Ukraine in the Russian invasion of Ukraine,4123,2,,,2026-08-13T13:36:56Z,https://en.wikipedia.org/wiki/Rubizh_Brigade
Rubizhne,Category:Populated places destroyed during the Russian invasion of Ukraine,3066,6,49.01,38.37138889,2026-09-25T04:15:41Z,https://en.wikipedia.org/wiki/Rubizhne
Rukh Oporu,Category:Ukrainian resistance during the Russian invasion of Ukraine,3195,6,,,2025-05-01T23:49:23Z,https://en.wikipedia.org/wiki/Rukh_Oporu
Ruscism,seed-file:team_DATA_json_titles.txt,26416,19,,,2026-09-27T04:25:47Z,https://en.wikipedia.org/wiki/Ruscism
Rusich Group,Category:Wagner Group activities in Ukraine,14789,10,,,2026-09-26T05:00:14Z,https://en.wikipedia.org/wiki/Rusich_Group
Ruslan Balbek,Category:People of the 2014 Russian annexation of Crimea,5579,3,,,2026-09-04T07:57:29Z,https://en.wikipedia.org/wiki/Ruslan_Balbek
Ruslan Chervyakov,Category:Ukrainian sportspeople in Russia during the Russo-Ukrainian war,449,3,,,2026-08-09T02:19:47Z,https://en.wikipedia.org/wiki/Ruslan_Chervyakov
Ruslan Khomchak,seed-file:team_DATA_json_titles.txt,3215,3,,,2026-09-16T07:17:53Z,https://en.wikipedia.org/wiki/Ruslan_Khomchak
Ruslan Kisil,Category:Ukrainian sportspeople in Russia during the Russo-Ukrainian war,648,2,,,2025-11-04T01:13:00Z,https://en.wikipedia.org/wiki/Ruslan_Kisil
Ruslan Kotsaba,Category:Propaganda in the Russo-Ukrainian war,10124,5,,,2026-08-22T01:18:40Z,https://en.wikipedia.org/wiki/Ruslan_Kotsaba
Ruslan Kravchenko,Category:Pro-Ukrainian people of the Russian invasion of Ukraine,8474,6,,,2026-09-26T03:04:19Z,https://en.wikipedia.org/wiki/Ruslan_Kravchenko
Ruslan Shaveddinov,Category:Russian activists against the Russian invasion of Ukraine,6542,4,,,2026-05-24T12:16:10Z,https://en.wikipedia.org/wiki/Ruslan_Shaveddinov
Ruslan Shostak Charitable Foundation,seed-file:team_DATA_json_titles.txt,1749,4,,,2026-04-27T02:38:58Z,https://en.wikipedia.org/wiki/Ruslan_Shostak_Charitable_Foundation
Ruslan Sidiki,Category:Russian activists against the Russian invasion of Ukraine,1085,1,,,2026-08-22T01:18:36Z,https://en.wikipedia.org/wiki/Ruslan_Sidiki
Ruslan Zaparanyuk,Category:Pro-Ukrainian people of the Russian invasion of Ukraine,992,1,,,2026-06-14T07:18:50Z,https://en.wikipedia.org/wiki/Ruslan_Zaparanyuk
Russia,seed,95138,53,66,94,2026-09-29T17:25:06Z,https://en.wikipedia.org/wiki/Russia
Russia 200,Category:Russo-Ukrainian war (2022–present),6369,9,,,2026-09-22T06:24:56Z,https://en.wikipedia.org/wiki/Russia_200
Russia Sanctions Act 2022,Category:Sanctions and boycotts during the Russo-Ukrainian war,16135,9,,,2026-08-10T08:04:46Z,https://en.wikipedia.org/wiki/Russia_Sanctions_Act_2022
Russia and weapons of mass destruction,seed-file:team_DATA_json_titles.txt,35282,20,,,2026-09-18T12:38:13Z,https://en.wikipedia.org/wiki/Russia_and_weapons_of_mass_destruction
Russia in the 2026 Iran war,Category:Spillover of the Russian invasion of Ukraine,4329,4,,,2026-09-16T13:49:50Z,https://en.wikipedia.org/wiki/Russia_in_the_2026_Iran_war
Russia in the Eurovision Song Contest 2022,Category:Events affected by the Russian invasion of Ukraine,5143,7,,,2026-07-02T17:53:15Z,https://en.wikipedia.org/wiki/Russia_in_the_Eurovision_Song_Contest_2022
Russia's War Crimes House,Category:Russo-Ukrainian war memorials,2401,1,,,2026-08-22T23:12:40Z,https://en.wikipedia.org/wiki/Russia%27s_War_Crimes_House
Russian Action Committee,Category:Organizations of the Russo-Ukrainian war,2764,2,,,2026-04-19T15:54:19Z,https://en.wikipedia.org/wiki/Russian_Action_Committee
Russian Airborne Forces,seed-file:recommended_forces_battles_places.txt,40647,21,,,2026-09-27T15:08:39Z,https://en.wikipedia.org/wiki/Russian_Airborne_Forces
Russian Armed Forces,seed-file:recommended_forces_battles_places.txt,74490,25,,,2026-09-20T21:07:34Z,https://en.wikipedia.org/wiki/Russian_Armed_Forces
Russian Asset Tracker,Category:Russo-Ukrainian war (2022–present),569,1,,,2026-07-24T19:34:03Z,https://en.wikipedia.org/wiki/Russian_Asset_Tracker
Russian Democratic Society,Category:Organizations of the Russo-Ukrainian war,1452,1,,,2026-05-01T13:50:13Z,https://en.wikipedia.org/wiki/Russian_Democratic_Society
Russian Ground Forces,seed-file:recommended_forces_battles_places.txt,56455,28,,,2026-09-25T11:54:45Z,https://en.wikipedia.org/wiki/Russian_Ground_Forces
Russian Kyiv convoy,seed-file:team_DATA_json_titles.txt,13255,11,,,2026-06-18T15:35:58Z,https://en.wikipedia.org/wiki/Russian_Kyiv_convoy
Russian Orthodox Army,seed-file:recommended_forces_battles_places.txt,3434,5,,,2026-07-19T02:59:07Z,https://en.wikipedia.org/wiki/Russian_Orthodox_Army
Russian State Agrarian University – Moscow Timiryazev Agricultural Academy,Category:Sanctions and boycotts during the Russo-Ukrainian war,560,1,55.833,37.55,2026-06-16T01:46:55Z,https://en.wikipedia.org/wiki/Russian_State_Agrarian_University_%E2%80%93_Moscow_Timiryazev_Agricultural_Academy
Russian Unity,Category:2014 Russian annexation of Crimea,3047,3,,,2026-07-09T17:53:25Z,https://en.wikipedia.org/wiki/Russian_Unity
Russian Volunteer Corps,Category:Military units and formations of the Russian invasion of Ukraine,9235,10,,,2026-09-26T00:02:42Z,https://en.wikipedia.org/wiki/Russian_Volunteer_Corps
"Russian annexation of Donetsk, Kherson, Luhansk and Zaporizhzhia oblasts",Category:Russo-Ukrainian war (2022–present),16335,11,,,2026-09-05T06:50:18Z,"https://en.wikipedia.org/wiki/Russian_annexation_of_Donetsk,_Kherson,_Luhansk_and_Zaporizhzhia_oblasts"
Russian armoured train Amur,Category:Military equipment of the Russian invasion of Ukraine,2363,2,,,2026-01-26T09:20:17Z,https://en.wikipedia.org/wiki/Russian_armoured_train_Amur
Russian armoured train Baikal,Category:Military equipment of the Russian invasion of Ukraine,5711,3,,,2026-01-26T09:21:39Z,https://en.wikipedia.org/wiki/Russian_armoured_train_Baikal
Russian armoured train Volga,Category:Military equipment of the Russian invasion of Ukraine,2363,2,,,2026-01-26T09:19:35Z,https://en.wikipedia.org/wiki/Russian_armoured_train_Volga
Russian armoured train Yenisei,Category:Military equipment of the Russian invasion of Ukraine,3276,3,,,2026-09-28T00:04:29Z,https://en.wikipedia.org/wiki/Russian_armoured_train_Yenisei
Russian attacks on civilians in the Russo-Ukrainian war (2022–present),Category:War crimes during the Russian invasion of Ukraine,118729,115,51.5001,31.2791,2026-09-24T12:44:52Z,https://en.wikipedia.org/wiki/Russian_attacks_on_civilians_in_the_Russo-Ukrainian_war_(2022%E2%80%93present)
Russian book ban in Ukraine,Category:Sanctions and boycotts during the Russo-Ukrainian war,3737,2,,,2026-08-10T09:42:13Z,https://en.wikipedia.org/wiki/Russian_book_ban_in_Ukraine
Russian corvette Boikiy,Category:Ships involved in the Russian invasion of Ukraine,3400,2,,,2026-09-30T00:15:56Z,https://en.wikipedia.org/wiki/Russian_corvette_Boikiy
Russian corvette Ivanovets,Category:Crimea in the Russian invasion of Ukraine,1655,0,,,2026-09-23T14:48:27Z,https://en.wikipedia.org/wiki/Russian_corvette_Ivanovets
Russian corvette Samum,Category:Ships involved in the Russian invasion of Ukraine,1201,2,,,2026-09-23T13:51:59Z,https://en.wikipedia.org/wiki/Russian_corvette_Samum
Russian corvette Serpukhov,Category:Ships involved in the Russian invasion of Ukraine,984,1,,,2026-09-23T16:52:42Z,https://en.wikipedia.org/wiki/Russian_corvette_Serpukhov
Russian cruiser Kerch,Category:Ships involved in the Russo-Ukrainian war,1126,3,,,2026-09-14T17:14:23Z,https://en.wikipedia.org/wiki/Russian_cruiser_Kerch
Russian cruiser Moskva,Category:2014 Russian annexation of Crimea,9220,5,45.2951,30.8789,2026-09-23T13:51:17Z,https://en.wikipedia.org/wiki/Russian_cruiser_Moskva
Russian cruiser Ochakov,Category:2014 Russian annexation of Crimea,1572,2,45.3269,32.9857,2026-04-21T00:44:08Z,https://en.wikipedia.org/wiki/Russian_cruiser_Ochakov
Russian embargo of Ukrainian goods,Category:Sanctions and boycotts during the Russo-Ukrainian war,12880,8,,,2025-11-07T13:17:16Z,https://en.wikipedia.org/wiki/Russian_embargo_of_Ukrainian_goods
Russian emigration during the Russo-Ukrainian war (2022–present),Category:Russian activists against the Russian invasion of Ukraine,21766,24,,,2026-09-11T07:02:31Z,https://en.wikipedia.org/wiki/Russian_emigration_during_the_Russo-Ukrainian_war_(2022%E2%80%93present)
Russian federal highways,seed-file:team_DATA_json_titles.txt,11956,5,,,2026-06-15T00:45:07Z,https://en.wikipedia.org/wiki/Russian_federal_highways
Russian filtration camps for Ukrainians,Category:Genocide and the Russian invasion of Ukraine,16308,16,,,2026-08-22T01:17:56Z,https://en.wikipedia.org/wiki/Russian_filtration_camps_for_Ukrainians
Russian frigate Admiral Essen,Category:Ships involved in the Russian invasion of Ukraine,3466,2,,,2026-09-24T10:00:45Z,https://en.wikipedia.org/wiki/Russian_frigate_Admiral_Essen
Russian frigate Admiral Grigorovich,Category:Ships involved in the Russian invasion of Ukraine,6714,5,,,2026-09-23T13:52:12Z,https://en.wikipedia.org/wiki/Russian_frigate_Admiral_Grigorovich
Russian frigate Admiral Makarov,Category:Ships involved in the Russian invasion of Ukraine,4774,3,,,2026-09-24T09:56:32Z,https://en.wikipedia.org/wiki/Russian_frigate_Admiral_Makarov
Russian hybrid warfare,Category:Russo-Ukrainian war (2022–present),16230,10,,,2026-09-25T10:13:41Z,https://en.wikipedia.org/wiki/Russian_hybrid_warfare
Russian imperialism,seed-file:team_DATA_json_titles.txt,53552,24,,,2026-09-25T09:54:58Z,https://en.wikipedia.org/wiki/Russian_imperialism
Russian information war against Ukraine,Category:Russo-Ukrainian cyberwarfare,75987,52,,,2026-09-28T16:46:44Z,https://en.wikipedia.org/wiki/Russian_information_war_against_Ukraine
Russian irregular units in Ukraine,Category:Military units and formations of Russia in the Russian invasion of Ukraine,27299,23,,,2026-07-15T12:58:08Z,https://en.wikipedia.org/wiki/Russian_irregular_units_in_Ukraine
Russian landing ship Azov,Category:Ships involved in the Russian invasion of Ukraine,941,1,,,2026-01-26T09:47:44Z,https://en.wikipedia.org/wiki/Russian_landing_ship_Azov
Russian landing ship Georgy Pobedonosets,Category:Ships involved in the Russian invasion of Ukraine,4050,2,,,2026-01-23T00:44:20Z,https://en.wikipedia.org/wiki/Russian_landing_ship_Georgy_Pobedonosets
Russian landing ship Kaliningrad,Category:Ships involved in the Russian invasion of Ukraine,4760,2,,,2026-01-24T17:40:20Z,https://en.wikipedia.org/wiki/Russian_landing_ship_Kaliningrad
Russian landing ship Korolyov,Category:Ships involved in the Russian invasion of Ukraine,4411,2,,,2026-01-24T17:44:34Z,https://en.wikipedia.org/wiki/Russian_landing_ship_Korolyov
Russian landing ship Minsk,Category:Ships involved in the Russian invasion of Ukraine,2144,4,,,2026-09-23T14:38:04Z,https://en.wikipedia.org/wiki/Russian_landing_ship_Minsk
Russian landing ship Novocherkassk,Category:Southern front of the Russian invasion of Ukraine,6816,4,,,2026-09-23T13:52:25Z,https://en.wikipedia.org/wiki/Russian_landing_ship_Novocherkassk
Russian landing ship Olenegorsky Gornyak,Category:Ships involved in the Russian invasion of Ukraine,1036,3,,,2026-01-26T23:17:16Z,https://en.wikipedia.org/wiki/Russian_landing_ship_Olenegorsky_Gornyak
Russian landing ship Orsk,Category:Ships involved in the Russian invasion of Ukraine,3183,2,,,2026-09-23T13:53:00Z,https://en.wikipedia.org/wiki/Russian_landing_ship_Orsk
Russian landing ship Saratov,Category:Southern front of the Russian invasion of Ukraine,3727,3,,,2026-06-20T12:49:42Z,https://en.wikipedia.org/wiki/Russian_landing_ship_Saratov
Russian landing ship Yamal,Category:Ships involved in the Russian invasion of Ukraine,877,1,,,2026-09-01T21:42:38Z,https://en.wikipedia.org/wiki/Russian_landing_ship_Yamal
Russian military bloggers,Category:Propaganda in Russia related to the Russian invasion of Ukraine,1883,1,,,2026-09-22T17:08:57Z,https://en.wikipedia.org/wiki/Russian_military_bloggers
Russian military commissariats attacks,Category:Spillover of the Russian invasion of Ukraine,3276,4,,,2026-06-30T11:47:12Z,https://en.wikipedia.org/wiki/Russian_military_commissariats_attacks
Russian military recruitment crisis,Category:Impacts of the Russian invasion of Ukraine,5722,1,,,2026-09-10T14:53:16Z,https://en.wikipedia.org/wiki/Russian_military_recruitment_crisis
Russian mystery fires,Category:Russo-Ukrainian war related lists,2019,4,,,2026-08-22T01:17:50Z,https://en.wikipedia.org/wiki/Russian_mystery_fires
Russian occupation of Chernihiv Oblast,Category:Russian occupation of Ukraine,2896,6,,,2026-08-22T20:02:06Z,https://en.wikipedia.org/wiki/Russian_occupation_of_Chernihiv_Oblast
Russian occupation of Crimea,Category:Russian occupation of Ukraine,36679,11,,,2026-08-25T08:53:32Z,https://en.wikipedia.org/wiki/Russian_occupation_of_Crimea
Russian occupation of Dnipropetrovsk Oblast,Category:Russian occupation of Ukraine,4584,3,,,2026-09-09T14:12:44Z,https://en.wikipedia.org/wiki/Russian_occupation_of_Dnipropetrovsk_Oblast
Russian occupation of Kharkiv Oblast,Category:Russian occupation of Ukraine,7247,7,,,2026-07-31T08:33:38Z,https://en.wikipedia.org/wiki/Russian_occupation_of_Kharkiv_Oblast
Russian occupation of Kherson Oblast,Category:Russian occupation of Ukraine,24159,15,,,2026-08-22T10:28:13Z,https://en.wikipedia.org/wiki/Russian_occupation_of_Kherson_Oblast
Russian occupation of Kyiv Oblast,Category:Russian occupation of Ukraine,5409,11,,,2026-07-02T23:29:33Z,https://en.wikipedia.org/wiki/Russian_occupation_of_Kyiv_Oblast
Russian occupation of Mykolaiv Oblast,Category:Russian occupation of Ukraine,6502,6,,,2026-08-08T04:48:24Z,https://en.wikipedia.org/wiki/Russian_occupation_of_Mykolaiv_Oblast
Russian occupation of Sumy Oblast,Category:Russian occupation of Ukraine,13372,12,,,2026-08-29T12:21:05Z,https://en.wikipedia.org/wiki/Russian_occupation_of_Sumy_Oblast
Russian occupation of Ukraine,Category:Russo-Ukrainian war,28662,25,,,2026-09-27T13:59:56Z,https://en.wikipedia.org/wiki/Russian_occupation_of_Ukraine
Russian occupation of Zaporizhzhia Oblast,Category:Russian occupation of Ukraine,13326,9,,,2026-09-29T22:59:57Z,https://en.wikipedia.org/wiki/Russian_occupation_of_Zaporizhzhia_Oblast
Russian occupation of Zhytomyr Oblast,Category:Russian occupation of Ukraine,2549,1,,,2026-08-05T15:34:30Z,https://en.wikipedia.org/wiki/Russian_occupation_of_Zhytomyr_Oblast
Russian opposition to NATO enlargement,Category:Prelude to the Russian invasion of Ukraine,24258,9,,,2026-08-16T05:23:04Z,https://en.wikipedia.org/wiki/Russian_opposition_to_NATO_enlargement
Russian partisan movement (2022–present),Category:Belarusian and Russian partisan movement (2022–present),14654,17,,,2026-09-21T17:08:36Z,https://en.wikipedia.org/wiki/Russian_partisan_movement_(2022%E2%80%93present)
Russian patrol ship Sergey Kotov,Category:Southern front of the Russian invasion of Ukraine,1660,2,,,2026-09-23T13:48:33Z,https://en.wikipedia.org/wiki/Russian_patrol_ship_Sergey_Kotov
Russian patrol ship Vasily Bykov,Category:Ships involved in the Russian invasion of Ukraine,3100,2,,,2026-09-23T13:48:59Z,https://en.wikipedia.org/wiki/Russian_patrol_ship_Vasily_Bykov
Russian penal military units during the Russian invasion of Ukraine,Category:Military units and formations of Russia in the Russian invasion of Ukraine,4651,4,,,2026-07-08T04:05:26Z,https://en.wikipedia.org/wiki/Russian_penal_military_units_during_the_Russian_invasion_of_Ukraine
Russian rescue ship Kommuna,Category:Ships involved in the Russian invasion of Ukraine,6266,5,,,2026-09-23T13:50:45Z,https://en.wikipedia.org/wiki/Russian_rescue_ship_Kommuna
Russian sanctions against Ukraine,Category:Sanctions and boycotts during the Russo-Ukrainian war,421,0,,,2026-09-17T14:44:59Z,https://en.wikipedia.org/wiki/Russian_sanctions_against_Ukraine
Russian separatist forces in Ukraine,Category:Military units and formations of Russia in the Russian invasion of Ukraine,39931,18,,,2026-09-28T05:26:14Z,https://en.wikipedia.org/wiki/Russian_separatist_forces_in_Ukraine
Russian shadow fleet,Category:Reactions to the Russian invasion of Ukraine,23078,11,,,2026-09-21T08:16:57Z,https://en.wikipedia.org/wiki/Russian_shadow_fleet
Russian ship Tsezar Kunikov,Category:Ships involved in the Russian invasion of Ukraine,5973,6,,,2026-09-23T13:53:38Z,https://en.wikipedia.org/wiki/Russian_ship_Tsezar_Kunikov
Russian ship Vsevolod Bobrov,Category:Ships involved in the Russian invasion of Ukraine,3897,4,,,2026-02-09T23:13:56Z,https://en.wikipedia.org/wiki/Russian_ship_Vsevolod_Bobrov
Russian spies in the Russo-Ukrainian war,seed-file:team_DATA_json_titles.txt,40272,34,,,2026-08-14T17:45:17Z,https://en.wikipedia.org/wiki/Russian_spies_in_the_Russo-Ukrainian_war
Russian strikes against Ukrainian infrastructure,Category:War crimes during the Russian invasion of Ukraine,55607,48,,,2026-09-01T00:21:12Z,https://en.wikipedia.org/wiki/Russian_strikes_against_Ukrainian_infrastructure
Russian strikes on hospitals during the Russian invasion of Ukraine,Category:War crimes during the Russian invasion of Ukraine,4424,6,,,2026-08-29T19:55:39Z,https://en.wikipedia.org/wiki/Russian_strikes_on_hospitals_during_the_Russian_invasion_of_Ukraine
Russian strikes on religious sites during the invasion of Ukraine,Category:War crimes during the Russian invasion of Ukraine,3918,2,,,2026-09-25T01:02:57Z,https://en.wikipedia.org/wiki/Russian_strikes_on_religious_sites_during_the_invasion_of_Ukraine
Russian submarine Kolpino,Category:Ships involved in the Russo-Ukrainian war,5348,2,,,2026-04-04T12:49:39Z,https://en.wikipedia.org/wiki/Russian_submarine_Kolpino
Russian submarine Rostov-na-Donu,Category:Ships involved in the Russo-Ukrainian war,6497,5,,,2026-09-23T13:45:52Z,https://en.wikipedia.org/wiki/Russian_submarine_Rostov-na-Donu
Russian submarine Veliky Novgorod,Category:Ships involved in the Russo-Ukrainian war,4777,3,,,2026-04-04T12:50:04Z,https://en.wikipedia.org/wiki/Russian_submarine_Veliky_Novgorod
Russian temporary administrative agencies in occupied Ukraine,Category:Russian occupation of Ukraine,5528,8,,,2026-05-14T05:12:29Z,https://en.wikipedia.org/wiki/Russian_temporary_administrative_agencies_in_occupied_Ukraine
Russian theft of Ukrainian grain,Category:War crimes during the Russian invasion of Ukraine,2985,2,,,2026-05-01T03:55:07Z,https://en.wikipedia.org/wiki/Russian_theft_of_Ukrainian_grain
Russian torture chambers in Ukraine,Category:Torture in the Russian invasion of Ukraine,5992,6,,,2025-11-19T01:46:24Z,https://en.wikipedia.org/wiki/Russian_torture_chambers_in_Ukraine
Russian tug Spasatel Vasily Bekh,Category:Ships involved in the Russian invasion of Ukraine,2630,3,,,2026-08-22T01:17:28Z,https://en.wikipedia.org/wiki/Russian_tug_Spasatel_Vasily_Bekh
Russian use of mobile crematoriums in Ukraine,Category:War crimes during the Russian invasion of Ukraine,3920,2,,,2026-02-28T00:57:13Z,https://en.wikipedia.org/wiki/Russian_use_of_mobile_crematoriums_in_Ukraine
"Russian warship, go fuck yourself",Category:Propaganda in Ukraine related to the Russian invasion of Ukraine,11464,11,,,2026-09-23T13:49:47Z,"https://en.wikipedia.org/wiki/Russian_warship,_go_fuck_yourself"
Russian winter offensive in Ukraine (2022–2023),Category:Campaigns of the Russian invasion of Ukraine,13092,6,,,2026-08-22T20:02:22Z,https://en.wikipedia.org/wiki/Russian_winter_offensive_in_Ukraine_(2022%E2%80%932023)
Russian-occupied territories,Category:Russo-Ukrainian war,7135,5,,,2026-07-06T02:27:52Z,https://en.wikipedia.org/wiki/Russian-occupied_territories
Russians at War,seed-file:team_DATA_json_titles.txt,31967,17,,,2026-08-22T01:17:16Z,https://en.wikipedia.org/wiki/Russians_at_War
Russian–Ukrainian Friendship Treaty,Category:Events affected by the 2014 Russian annexation of Crimea,5437,5,,,2026-05-30T07:36:54Z,https://en.wikipedia.org/wiki/Russian%E2%80%93Ukrainian_Friendship_Treaty
Russia–NATO relations,seed-file:team_DATA_json_titles.txt,77138,35,,,2026-09-25T21:00:29Z,https://en.wikipedia.org/wiki/Russia%E2%80%93NATO_relations
Russia–Ukraine gas disputes,seed-file:recommended_forces_battles_places.txt,39055,15,,,2026-09-19T10:05:20Z,https://en.wikipedia.org/wiki/Russia%E2%80%93Ukraine_gas_disputes
Russia–Ukraine relations,seed-file:team_DATA_json_titles.txt,75972,32,,,2026-08-26T17:00:05Z,https://en.wikipedia.org/wiki/Russia%E2%80%93Ukraine_relations
Russia–United States relations,seed-file:team_DATA_json_titles.txt,131892,40,,,2026-09-27T11:26:04Z,https://en.wikipedia.org/wiki/Russia%E2%80%93United_States_relations
Russo-Ukrainian cyberwarfare,Category:Russo-Ukrainian war,6748,6,,,2026-08-09T02:16:40Z,https://en.wikipedia.org/wiki/Russo-Ukrainian_cyberwarfare
Russo-Ukrainian truce,Category:Russo-Ukrainian war truces,181,0,,,2026-05-09T12:42:45Z,https://en.wikipedia.org/wiki/Russo-Ukrainian_truce
Russo-Ukrainian war,seed,89831,45,,,2026-09-30T09:01:20Z,https://en.wikipedia.org/wiki/Russo-Ukrainian_war
Russo-Ukrainian war (2022–present),Category:Russo-Ukrainian war (2022–present),101749,57,,,2026-09-29T00:31:39Z,https://en.wikipedia.org/wiki/Russo-Ukrainian_war_(2022%E2%80%93present)
Russo-Ukrainian war (2022–present) order of battle,Category:Military units and formations of the Russian invasion of Ukraine,7586,11,,,2026-09-20T16:24:16Z,https://en.wikipedia.org/wiki/Russo-Ukrainian_war_(2022%E2%80%93present)_order_of_battle
Russo-Ukrainian war and Arctic geopolitics,Category:Impacts of the Russian invasion of Ukraine,12730,9,,,2025-11-04T00:42:41Z,https://en.wikipedia.org/wiki/Russo-Ukrainian_war_and_Arctic_geopolitics
Rustam Minnikhanov,Category:People of the 2014 Russian annexation of Crimea,7645,14,,,2026-07-06T05:19:57Z,https://en.wikipedia.org/wiki/Rustam_Minnikhanov
Rustam Muradov,seed-file:team_DATA_json_titles.txt,5494,6,,,2026-06-05T12:45:26Z,https://en.wikipedia.org/wiki/Rustam_Muradov
Rustam Temirgaliev,Category:People of the 2014 Russian annexation of Crimea,2254,5,,,2026-05-05T09:08:54Z,https://en.wikipedia.org/wiki/Rustam_Temirgaliev
Rustem Umerov,Category:Pro-Ukrainian people of the Russian invasion of Ukraine,15740,15,,,2026-08-30T15:50:30Z,https://en.wikipedia.org/wiki/Rustem_Umerov
S.R.O.K,Category:Ukrainian resistance during the Russian invasion of Ukraine,1571,1,,,2025-12-02T05:25:18Z,https://en.wikipedia.org/wiki/S.R.O.K
SIZO-2,Category:Torture in the Russian invasion of Ukraine,10675,6,47.2291,38.9066,2026-08-20T19:00:44Z,https://en.wikipedia.org/wiki/SIZO-2
SWIFT ban against Russian banks,Category:Reactions to the Russian invasion of Ukraine,4683,8,,,2025-11-04T01:05:03Z,https://en.wikipedia.org/wiki/SWIFT_ban_against_Russian_banks
Sack of Baturyn,Category:Russian war crimes in Ukraine,8261,9,51.33333333,32.86666667,2026-09-28T22:43:08Z,https://en.wikipedia.org/wiki/Sack_of_Baturyn
Safari Regiment (Ukraine),Category:Military units and formations of Ukraine in the Russian invasion of Ukraine,3495,5,,,2026-04-20T12:38:59Z,https://en.wikipedia.org/wiki/Safari_Regiment_(Ukraine)
Saint Javelin,Category:Propaganda in Ukraine related to the Russian invasion of Ukraine,6398,6,,,2026-09-09T06:50:22Z,https://en.wikipedia.org/wiki/Saint_Javelin
Saint Petersburg State Institute of Technology,Category:Sanctions and boycotts during the Russo-Ukrainian war,2537,6,59.9183,30.32,2025-12-19T05:04:16Z,https://en.wikipedia.org/wiki/Saint_Petersburg_State_Institute_of_Technology
Saint Petersburg State Marine Technical University,Category:Sanctions and boycotts during the Russo-Ukrainian war,2682,2,59.9182,30.2764,2026-06-17T18:21:11Z,https://en.wikipedia.org/wiki/Saint_Petersburg_State_Marine_Technical_University
Saky (air base),Category:Buildings and structures destroyed during the Russian invasion of Ukraine,7451,9,45.09305556,33.595,2026-09-23T13:29:34Z,https://en.wikipedia.org/wiki/Saky_(air_base)
Salvation Committee for Peace and Order,Category:Ukrainian collaboration with Russia,2028,3,,,2025-11-04T00:50:44Z,https://en.wikipedia.org/wiki/Salvation_Committee_for_Peace_and_Order
Same Here,Category:Works about the Russian invasion of Ukraine,1171,1,,,2026-01-20T02:55:28Z,https://en.wikipedia.org/wiki/Same_Here
Sandworm (hacker group),Category:Russo-Ukrainian cyberwarfare,10284,17,,,2026-09-14T04:14:28Z,https://en.wikipedia.org/wiki/Sandworm_(hacker_group)
Santa Unit (Ukraine),Category:Military units and formations of Ukraine in the Russian invasion of Ukraine,1660,2,,,2026-02-08T08:17:08Z,https://en.wikipedia.org/wiki/Santa_Unit_(Ukraine)
Sarah Ashton-Cirillo,Category:War correspondents of the Russo-Ukrainian war,24560,12,,,2026-09-05T07:01:54Z,https://en.wikipedia.org/wiki/Sarah_Ashton-Cirillo
Saturn-class tugboat,Category:Ships involved in the Russian invasion of Ukraine,910,1,,,2026-03-04T19:45:09Z,https://en.wikipedia.org/wiki/Saturn-class_tugboat
Save Ukraine,seed-file:team_DATA_json_titles.txt,6371,13,,,2026-05-03T14:09:09Z,https://en.wikipedia.org/wiki/Save_Ukraine
SaveGAZ,Category:Sanctions and boycotts during the Russo-Ukrainian war,4451,3,,,2025-11-04T01:04:53Z,https://en.wikipedia.org/wiki/SaveGAZ
Saving Ukrainian Cultural Heritage Online,seed-file:team_DATA_json_titles.txt,2248,1,,,2026-04-27T04:50:25Z,https://en.wikipedia.org/wiki/Saving_Ukrainian_Cultural_Heritage_Online
Scam call centers in Ukraine,Category:Russo-Ukrainian cyberwarfare,20279,10,,,2026-08-29T14:34:42Z,https://en.wikipedia.org/wiki/Scam_call_centers_in_Ukraine
Scorpion Regiment (Ukraine),Category:Military units and formations of Ukraine in the Russian invasion of Ukraine,1822,2,,,2025-02-03T21:05:41Z,https://en.wikipedia.org/wiki/Scorpion_Regiment_(Ukraine)
Sea Specialized Port Nika-Tera,Category:Buildings and structures destroyed during the Russian invasion of Ukraine,449,1,46.85055556,31.98361111,2025-04-06T10:45:42Z,https://en.wikipedia.org/wiki/Sea_Specialized_Port_Nika-Tera
Sea of Azov,seed-file:recommended_forces_battles_places.txt,30386,18,46,37,2026-08-13T19:29:10Z,https://en.wikipedia.org/wiki/Sea_of_Azov
Second Battle of Donetsk Airport,seed-file:recommended_forces_battles_places.txt,20458,8,48.0736,37.7397,2026-08-26T22:24:29Z,https://en.wikipedia.org/wiki/Second_Battle_of_Donetsk_Airport
Secret detention centers of SBU,Category:Torture in the Russo-Ukrainian war,2777,3,,,2026-08-09T11:25:18Z,https://en.wikipedia.org/wiki/Secret_detention_centers_of_SBU
Security Service of Ukraine,seed-file:team_DATA_json_titles.txt,26576,11,,,2026-09-10T14:14:09Z,https://en.wikipedia.org/wiki/Security_Service_of_Ukraine
Seizure of the Smyrtos,Category:Spillover of the Russian invasion of Ukraine,3813,4,,,2026-08-30T19:35:56Z,https://en.wikipedia.org/wiki/Seizure_of_the_Smyrtos
Semyon Mashkautsan,Category:People of the Russian invasion of Ukraine,1344,2,,,2026-04-30T19:25:22Z,https://en.wikipedia.org/wiki/Semyon_Mashkautsan
Separate Operational Purpose Division,Category:Military units and formations of Russia in the Russian invasion of Ukraine,7796,5,,,2026-01-23T03:56:24Z,https://en.wikipedia.org/wiki/Separate_Operational_Purpose_Division
Separate Presidential Brigade,seed-file:recommended_forces_battles_places.txt,5219,7,,,2026-08-02T01:39:28Z,https://en.wikipedia.org/wiki/Separate_Presidential_Brigade
Separate Special Purpose Battalion,seed-file:team_DATA_json_titles.txt,2996,5,,,2026-09-19T20:57:35Z,https://en.wikipedia.org/wiki/Separate_Special_Purpose_Battalion
September 2022 Donetsk attack,Category:War crimes during the Russian invasion of Ukraine,968,3,,,2026-08-22T01:16:57Z,https://en.wikipedia.org/wiki/September_2022_Donetsk_attack
September 2023 Kostiantynivka missile strike,seed-file:team_DATA_json_titles.txt,5583,5,,,2026-09-04T11:35:34Z,https://en.wikipedia.org/wiki/September_2023_Kostiantynivka_missile_strike
September 2024 Poltava strike,Category:War crimes during the Russian invasion of Ukraine,1970,5,,,2026-08-08T04:49:19Z,https://en.wikipedia.org/wiki/September_2024_Poltava_strike
Sergei Gorenko,Category:Civilians killed in the Russian invasion of Ukraine,1976,1,,,2026-07-08T19:27:40Z,https://en.wikipedia.org/wiki/Sergei_Gorenko
Sergei Loznitsa,seed-file:team_DATA_json_titles.txt,6633,6,,,2026-09-09T22:14:34Z,https://en.wikipedia.org/wiki/Sergei_Loznitsa
Sergei Saveliev,Category:Russian activists against the Russian invasion of Ukraine,1288,1,,,2026-04-11T05:32:41Z,https://en.wikipedia.org/wiki/Sergei_Saveliev
Sergei Shoigu,Category:People of the 2014 Russian annexation of Crimea,30892,22,,,2026-08-21T00:49:42Z,https://en.wikipedia.org/wiki/Sergei_Shoigu
Sergei Tsekov,Category:Ukrainian collaborators with Russia,2488,2,,,2026-09-07T23:21:34Z,https://en.wikipedia.org/wiki/Sergei_Tsekov
Sergei Yeliseyev (admiral),Category:People of the 2014 Russian annexation of Crimea,1876,5,,,2026-05-03T16:24:58Z,https://en.wikipedia.org/wiki/Sergei_Yeliseyev_(admiral)
Sergei Zhurikov,Category:Ukrainian collaborators with Russia,1437,3,,,2026-09-30T05:28:00Z,https://en.wikipedia.org/wiki/Sergei_Zhurikov
Sergey Abisov,Category:People of the 2014 Russian annexation of Crimea,1804,3,,,2026-03-24T06:13:27Z,https://en.wikipedia.org/wiki/Sergey_Abisov
Sergey Aksyonov,Category:People of the 2014 Russian annexation of Crimea,12183,10,,,2026-07-04T16:02:04Z,https://en.wikipedia.org/wiki/Sergey_Aksyonov
Sergey Aleksashenko,Category:Russian activists against the Russian invasion of Ukraine,2254,6,,,2026-03-13T11:48:42Z,https://en.wikipedia.org/wiki/Sergey_Aleksashenko
Sergey Glazyev,Category:People of the 2014 Russian annexation of Crimea,18019,11,,,2026-08-08T23:16:29Z,https://en.wikipedia.org/wiki/Sergey_Glazyev
Sergey Kobylash,seed-file:team_DATA_json_titles.txt,2752,3,,,2026-05-03T16:25:14Z,https://en.wikipedia.org/wiki/Sergey_Kobylash
Sergey Kolbin,Category:People of the 2014 Russian annexation of Crimea,1825,1,,,2026-06-21T10:27:40Z,https://en.wikipedia.org/wiki/Sergey_Kolbin
Sergey Kozlov (politician),Category:Ukrainian collaborators with Russia,2030,4,,,2026-09-30T06:58:35Z,https://en.wikipedia.org/wiki/Sergey_Kozlov_(politician)
Sergey Kuznetsov (writer),Category:Russian activists against the Russian invasion of Ukraine,4917,9,,,2026-05-25T12:37:52Z,https://en.wikipedia.org/wiki/Sergey_Kuznetsov_(writer)
Sergey Lavrov,seed-file:team_DATA_json_titles.txt,41245,26,,,2026-09-28T10:59:12Z,https://en.wikipedia.org/wiki/Sergey_Lavrov
Sergey Mironov,Category:People of the 2014 Russian annexation of Crimea,10029,11,,,2026-08-11T02:46:50Z,https://en.wikipedia.org/wiki/Sergey_Mironov
Sergey Naryshkin,seed-file:team_DATA_json_titles.txt,8049,12,,,2026-08-23T05:45:44Z,https://en.wikipedia.org/wiki/Sergey_Naryshkin
Sergey Parkhomenko,Category:Russian activists against the Russian invasion of Ukraine,5889,3,,,2026-04-19T03:41:02Z,https://en.wikipedia.org/wiki/Sergey_Parkhomenko
Sergey Surovikin,seed-file:team_DATA_json_titles.txt,15659,14,,,2026-08-30T14:43:15Z,https://en.wikipedia.org/wiki/Sergey_Surovikin
Sergiy Kyslytsya,Category:Pro-Ukrainian people of the Russian invasion of Ukraine,17340,15,,,2026-09-28T07:53:17Z,https://en.wikipedia.org/wiki/Sergiy_Kyslytsya
Serhii Ilnytskyi,Category:Ukrainian military personnel killed during the Battle of Bakhmut,1323,1,,,2026-05-05T14:11:52Z,https://en.wikipedia.org/wiki/Serhii_Ilnytskyi
Serhii Sternenko,Category:Pro-Ukrainian people of the Russian invasion of Ukraine,13002,8,,,2026-07-17T13:49:15Z,https://en.wikipedia.org/wiki/Serhii_Sternenko
Serhii Tiurin,Category:Pro-Ukrainian people of the Russian invasion of Ukraine,1686,1,,,2026-04-13T16:23:04Z,https://en.wikipedia.org/wiki/Serhii_Tiurin
Serhii Volynskyi,Category:Siege of Mariupol,3160,2,,,2026-07-22T16:22:17Z,https://en.wikipedia.org/wiki/Serhii_Volynskyi
Serhiivka missile strike,Category:War crimes during the Russian invasion of Ukraine,2812,4,46.0234359,30.3569191,2026-03-26T12:01:32Z,https://en.wikipedia.org/wiki/Serhiivka_missile_strike
Serhiy Bebeshko,Category:Ukrainian sportspeople in Russia during the Russo-Ukrainian war,2119,5,,,2026-05-24T01:15:37Z,https://en.wikipedia.org/wiki/Serhiy_Bebeshko
Serhiy Borzov,Category:Pro-Ukrainian people of the Russian invasion of Ukraine,1578,2,,,2026-04-18T16:53:58Z,https://en.wikipedia.org/wiki/Serhiy_Borzov
Serhiy Haidai,Category:Pro-Ukrainian people of the Russian invasion of Ukraine,2230,2,,,2026-04-17T19:00:39Z,https://en.wikipedia.org/wiki/Serhiy_Haidai
Serhiy Hamaliy,Category:Pro-Ukrainian people of the Russian invasion of Ukraine,2306,3,,,2026-09-21T20:57:16Z,https://en.wikipedia.org/wiki/Serhiy_Hamaliy
Serhiy Hayduk,Category:People of the 2014 Russian annexation of Crimea,1996,3,,,2026-08-29T17:24:28Z,https://en.wikipedia.org/wiki/Serhiy_Hayduk
Serhiy Kokurin,Category:People of the 2014 Russian annexation of Crimea,1309,1,,,2026-05-05T14:11:57Z,https://en.wikipedia.org/wiki/Serhiy_Kokurin
Serhiy Koridze,Category:Ukrainian sportspeople in Russia during the Russo-Ukrainian war,1555,4,,,2026-04-10T19:43:58Z,https://en.wikipedia.org/wiki/Serhiy_Koridze
Serhiy Kunitsyn,Category:People of the 2014 Russian annexation of Crimea,8956,12,,,2026-09-15T05:33:19Z,https://en.wikipedia.org/wiki/Serhiy_Kunitsyn
Serhiy Kurchenko,Category:Ukrainian collaborators with Russia,11948,10,,,2026-05-17T20:59:42Z,https://en.wikipedia.org/wiki/Serhiy_Kurchenko
"Serhiy Kuznetsov (footballer, born 1982)",Category:Ukrainian sportspeople in Russia during the Russo-Ukrainian war,2571,8,,,2026-07-13T22:02:34Z,"https://en.wikipedia.org/wiki/Serhiy_Kuznetsov_(footballer,_born_1982)"
Serhiy Lysak,Category:Pro-Ukrainian people of the Russian invasion of Ukraine,1958,3,,,2026-06-22T13:30:36Z,https://en.wikipedia.org/wiki/Serhiy_Lysak
Serhiy Osachuk,Category:Pro-Ukrainian people of the Russian invasion of Ukraine,1210,3,,,2026-04-17T19:00:56Z,https://en.wikipedia.org/wiki/Serhiy_Osachuk
Serhiy Prytula,Category:Pro-Ukrainian people of the Russian invasion of Ukraine,5769,10,,,2026-08-20T15:44:04Z,https://en.wikipedia.org/wiki/Serhiy_Prytula
Serhiy Prytula Charity Foundation,seed-file:team_DATA_json_titles.txt,6396,8,,,2026-09-16T17:54:31Z,https://en.wikipedia.org/wiki/Serhiy_Prytula_Charity_Foundation
Serhiy Serhiychuk,Category:Civilians killed in the Russian invasion of Ukraine,370,0,,,2026-04-21T11:44:38Z,https://en.wikipedia.org/wiki/Serhiy_Serhiychuk
Serhiy Shaptala,seed-file:team_DATA_json_titles.txt,712,1,,,2026-04-24T10:26:20Z,https://en.wikipedia.org/wiki/Serhiy_Shaptala
"Serhiy Shevchuk (footballer, born 1985)",Category:Ukrainian sportspeople in Russia during the Russo-Ukrainian war,528,2,,,2025-11-04T01:15:09Z,"https://en.wikipedia.org/wiki/Serhiy_Shevchuk_(footballer,_born_1985)"
Serhiy Taruta,Category:People of the 2014 Russian annexation of Crimea,3401,6,,,2026-04-09T13:47:02Z,https://en.wikipedia.org/wiki/Serhiy_Taruta
Sevastopol,seed-file:recommended_forces_battles_places.txt,26663,26,44.605,33.5225,2026-09-01T16:35:49Z,https://en.wikipedia.org/wiki/Sevastopol
Sevastopol City Council,Category:2014 Russian annexation of Crimea,3628,5,,,2026-06-21T03:50:11Z,https://en.wikipedia.org/wiki/Sevastopol_City_Council
Sexual violence in the Russian invasion of Ukraine,Category:Torture in the Russian invasion of Ukraine,27694,14,,,2026-08-22T20:59:03Z,https://en.wikipedia.org/wiki/Sexual_violence_in_the_Russian_invasion_of_Ukraine
Shadow fleet,Category:Sanctions and boycotts during the Russo-Ukrainian war,79229,59,,,2026-08-14T08:38:15Z,https://en.wikipedia.org/wiki/Shadow_fleet
Shadows of Forgotten Ancestors (song),Category:Songs about the Russian invasion of Ukraine,3708,3,,,2026-07-16T08:53:45Z,https://en.wikipedia.org/wiki/Shadows_of_Forgotten_Ancestors_(song)
Shahed 131,Category:Military equipment of the Russian invasion of Ukraine,5843,9,,,2026-06-11T04:07:57Z,https://en.wikipedia.org/wiki/Shahed_131
Shakhove,Category:Populated places destroyed during the Russian invasion of Ukraine,26603,22,48.46472222,37.34916667,2026-08-11T00:56:29Z,https://en.wikipedia.org/wiki/Shakhove
Shalt Not Kill (Russia),Category:Organizations of the Russo-Ukrainian war,2576,4,,,2026-04-18T16:13:17Z,https://en.wikipedia.org/wiki/Shalt_Not_Kill_(Russia)
Shaman Battalion,Category:Military units and formations of Ukraine in the Russian invasion of Ukraine,7325,5,,,2026-06-30T00:29:45Z,https://en.wikipedia.org/wiki/Shaman_Battalion
Sharlot,Category:Russian activists against the Russian invasion of Ukraine,2951,3,,,2025-08-05T16:40:32Z,https://en.wikipedia.org/wiki/Sharlot
Shaun Pinner,Category:Siege of Mariupol,2875,2,,,2026-05-10T17:35:36Z,https://en.wikipedia.org/wiki/Shaun_Pinner
"Shelling of Donetsk, Rostov Oblast",Category:Military operations of the war in Donbas,5002,6,48.33333333,39.93333333,2026-08-06T09:58:46Z,"https://en.wikipedia.org/wiki/Shelling_of_Donetsk,_Rostov_Oblast"
Shelling of Huliaipole,Category:Bombardments of the Russian invasion of Ukraine,16286,13,47.66443633,36.26317161,2026-02-07T04:46:36Z,https://en.wikipedia.org/wiki/Shelling_of_Huliaipole
Shkval Battalion,Category:Military units and formations of Ukraine in the Russian invasion of Ukraine,3421,6,,,2026-09-10T23:19:11Z,https://en.wikipedia.org/wiki/Shkval_Battalion
Shooting of Andrii Bohomaz,Category:War crimes during the Russian invasion of Ukraine,4006,3,49.21277778,37.25694444,2026-03-26T12:01:56Z,https://en.wikipedia.org/wiki/Shooting_of_Andrii_Bohomaz
Shostka Border Detachment,Category:Military units and formations of Ukraine in the Russian invasion of Ukraine,2114,3,,,2026-08-13T09:15:25Z,https://en.wikipedia.org/wiki/Shostka_Border_Detachment
Shyrokyne standoff,seed-file:recommended_forces_battles_places.txt,11451,6,47.1112,37.678,2026-09-19T04:14:08Z,https://en.wikipedia.org/wiki/Shyrokyne_standoff
Sibir Battalion,Category:Belarusian and Russian partisan movement (2022–present),1328,1,,,2026-06-25T04:34:34Z,https://en.wikipedia.org/wiki/Sibir_Battalion
Siege of Chernihiv,seed-file:team_DATA_json_titles.txt,13953,7,,,2026-08-22T21:11:04Z,https://en.wikipedia.org/wiki/Siege_of_Chernihiv
Siege of Mariupol,Category:War crimes during the Russian invasion of Ukraine,63848,32,47.0975,37.61,2026-09-14T02:08:43Z,https://en.wikipedia.org/wiki/Siege_of_Mariupol
Siege of Sloviansk,Category:Torture in the Russo-Ukrainian war,37963,23,48.87,37.625,2026-09-25T21:22:20Z,https://en.wikipedia.org/wiki/Siege_of_Sloviansk
Siege of the Luhansk border base,seed-file:recommended_forces_battles_places.txt,3419,3,,,2026-08-24T22:48:38Z,https://en.wikipedia.org/wiki/Siege_of_the_Luhansk_border_base
Sievierodonetsk,Category:Populated places destroyed during the Russian invasion of Ukraine,10885,10,48.94805556,38.49333333,2026-09-09T22:59:09Z,https://en.wikipedia.org/wiki/Sievierodonetsk
Sig (tanker),Category:Ships involved in the Russian invasion of Ukraine,1401,2,,,2026-02-01T12:27:49Z,https://en.wikipedia.org/wiki/Sig_(tanker)
Signmyrocket.com,Category:Reactions to the Russian invasion of Ukraine,1323,2,,,2026-01-01T22:59:17Z,https://en.wikipedia.org/wiki/Signmyrocket.com
Simon Ostrovsky,Category:People of the 2014 pro-Russian unrest in Ukraine,7127,5,,,2026-08-25T11:03:45Z,https://en.wikipedia.org/wiki/Simon_Ostrovsky
Sinking of the Moskva,Category:Naval warfare in the Russian invasion of Ukraine,25579,10,45.17861111,30.92527778,2026-09-25T03:08:44Z,https://en.wikipedia.org/wiki/Sinking_of_the_Moskva
Sistema,Category:Sanctions and boycotts during the Russo-Ukrainian war,5258,8,,,2026-09-03T19:31:32Z,https://en.wikipedia.org/wiki/Sistema
Skif Battalion (Ukraine),Category:Military units and formations of Ukraine in the Russian invasion of Ukraine,3909,4,,,2026-09-19T20:43:13Z,https://en.wikipedia.org/wiki/Skif_Battalion_(Ukraine)
Skrepach,Category:Russo-Ukrainian war,3557,5,,,2026-06-23T00:17:04Z,https://en.wikipedia.org/wiki/Skrepach
Skyeton Raybird-3,Category:Military equipment of the Russian invasion of Ukraine,2784,5,,,2026-07-21T19:12:33Z,https://en.wikipedia.org/wiki/Skyeton_Raybird-3
Slava Ukraini,Category:Propaganda in Ukraine related to the Russian invasion of Ukraine,14936,11,,,2026-09-27T21:51:49Z,https://en.wikipedia.org/wiki/Slava_Ukraini
Slava Ukraini! (song),Category:Russo-Ukrainian war,1904,3,,,2026-02-26T20:49:15Z,https://en.wikipedia.org/wiki/Slava_Ukraini!_(song)
Slava-class cruiser,seed-file:team_DATA_json_titles.txt,3880,4,,,2026-09-30T04:55:42Z,https://en.wikipedia.org/wiki/Slava-class_cruiser
Slovak opposition to sanctions on Russia,Category:Reactions to the Russian invasion of Ukraine,19439,14,,,2026-09-23T19:43:29Z,https://en.wikipedia.org/wiki/Slovak_opposition_to_sanctions_on_Russia
Sloviansk,seed-file:recommended_forces_battles_places.txt,24682,20,48.85333333,37.625,2026-09-26T18:53:28Z,https://en.wikipedia.org/wiki/Sloviansk
Slovo House,Category:Buildings and structures destroyed during the Russian invasion of Ukraine,4287,7,,,2026-04-10T16:59:20Z,https://en.wikipedia.org/wiki/Slovo_House
Snake Island (Ukraine),seed-file:recommended_forces_battles_places.txt,23717,12,45.255,30.20416667,2026-07-15T03:17:51Z,https://en.wikipedia.org/wiki/Snake_Island_(Ukraine)
Snake Island campaign,Category:Campaigns of the Russian invasion of Ukraine,20429,9,45.255,30.20416667,2026-08-22T21:57:07Z,https://en.wikipedia.org/wiki/Snake_Island_campaign
Social Movement (Ukraine),Category:Women in the Russo-Ukrainian war,13543,6,,,2026-07-02T12:43:18Z,https://en.wikipedia.org/wiki/Social_Movement_(Ukraine)
Social media in the Russo-Ukrainian war,Category:Media and the Russo-Ukrainian war,8173,9,,,2026-03-21T19:54:03Z,https://en.wikipedia.org/wiki/Social_media_in_the_Russo-Ukrainian_war
Sofia and Oleksandr Rusov Chernihiv Regional Universal Scientific Library,Category:Buildings and structures destroyed during the Russian invasion of Ukraine,5974,5,51.49666667,31.29222222,2026-08-03T16:53:05Z,https://en.wikipedia.org/wiki/Sofia_and_Oleksandr_Rusov_Chernihiv_Regional_Universal_Scientific_Library
Soledar,Category:Populated places destroyed during the Russian invasion of Ukraine,12912,12,48.69527778,38.0675,2026-09-26T19:13:39Z,https://en.wikipedia.org/wiki/Soledar
Solidarity (special unit),Category:Military units and formations of Ukraine in the Russian invasion of Ukraine,2388,6,,,2026-04-10T12:39:39Z,https://en.wikipedia.org/wiki/Solidarity_(special_unit)
Solidarity Collectives,Category:Ukrainian resistance during the Russian invasion of Ukraine,5638,7,,,2026-08-27T17:13:02Z,https://en.wikipedia.org/wiki/Solidarity_Collectives
Soloti military training ground shooting,Category:Attacks in Russia during the Russo-Ukrainian war (2022–present),2119,3,50.2835,38.07261111,2026-09-05T00:29:32Z,https://en.wikipedia.org/wiki/Soloti_military_training_ground_shooting
Sonechko Battalion (Ukraine),Category:Military units and formations of Ukraine in the Russian invasion of Ukraine,2344,2,,,2025-07-04T13:55:17Z,https://en.wikipedia.org/wiki/Sonechko_Battalion_(Ukraine)
Songs of Slow Burning Earth,seed-file:team_DATA_json_titles.txt,1540,5,,,2026-08-25T03:47:34Z,https://en.wikipedia.org/wiki/Songs_of_Slow_Burning_Earth
Sonja van den Ende,Category:Disinformation in the Russian invasion of Ukraine,4913,3,,,2026-08-29T19:56:32Z,https://en.wikipedia.org/wiki/Sonja_van_den_Ende
South Ural State University,Category:Sanctions and boycotts during the Russo-Ukrainian war,15089,12,55.16,61.37,2026-06-17T19:06:39Z,https://en.wikipedia.org/wiki/South_Ural_State_University
SouthFront,Category:Disinformation in the Russian invasion of Ukraine,6811,4,,,2026-09-22T03:49:23Z,https://en.wikipedia.org/wiki/SouthFront
Southern front of the Russo-Ukrainian war (2022–present),Category:Theatres of operation of the Russian invasion of Ukraine,28938,12,,,2026-09-29T20:00:06Z,https://en.wikipedia.org/wiki/Southern_front_of_the_Russo-Ukrainian_war_(2022%E2%80%93present)
Sovcombank,Category:Sanctions and boycotts during the Russo-Ukrainian war,9796,12,,,2026-09-03T19:34:14Z,https://en.wikipedia.org/wiki/Sovcombank
Soviet imagery during the Russo-Ukrainian war,Category:Russo-Ukrainian war,5605,4,,,2026-08-22T01:16:04Z,https://en.wikipedia.org/wiki/Soviet_imagery_during_the_Russo-Ukrainian_war
Sparta Battalion,seed-file:recommended_forces_battles_places.txt,6716,10,,,2026-06-19T02:50:55Z,https://en.wikipedia.org/wiki/Sparta_Battalion
Special Coordinating Council for Security Enhancement,Category:Russo-Ukrainian war (2022–present),1476,2,,,2026-01-02T22:23:49Z,https://en.wikipedia.org/wiki/Special_Coordinating_Council_for_Security_Enhancement
Special Operations Forces (Russia),Category:Military units and formations of Russia in the Russian invasion of Ukraine,19694,23,,,2026-08-22T07:33:00Z,https://en.wikipedia.org/wiki/Special_Operations_Forces_(Russia)
Special Police Forces (Ukraine),seed-file:recommended_forces_battles_places.txt,4400,4,,,2026-09-28T23:54:56Z,https://en.wikipedia.org/wiki/Special_Police_Forces_(Ukraine)
Special Tribunal for the Crime of Aggression against Ukraine,Category:Reactions to the Russian invasion of Ukraine,19620,18,,,2026-08-05T16:24:38Z,https://en.wikipedia.org/wiki/Special_Tribunal_for_the_Crime_of_Aggression_against_Ukraine
"Special Unit ""1514""",Category:Belarus in the Russo-Ukrainian war,2260,2,,,2026-03-26T23:50:12Z,https://en.wikipedia.org/wiki/Special_Unit_%221514%22
Special military operation,Category:Russian invasion of Ukraine in popular culture,8594,9,,,2026-09-27T13:15:09Z,https://en.wikipedia.org/wiki/Special_military_operation
Speeches by Volodymyr Zelenskyy during the Russian invasion of Ukraine,seed-file:team_DATA_json_titles.txt,9832,12,,,2026-08-22T01:15:58Z,https://en.wikipedia.org/wiki/Speeches_by_Volodymyr_Zelenskyy_during_the_Russian_invasion_of_Ukraine
Spin Dictators,Category:Non-fiction works about the Russo-Ukrainian war,2100,0,,,2026-07-19T18:56:50Z,https://en.wikipedia.org/wiki/Spin_Dictators
Sri Lankan economic crisis (2019–2024),Category:Events affected by the Russian invasion of Ukraine,49855,34,,,2026-08-27T18:51:59Z,https://en.wikipedia.org/wiki/Sri_Lankan_economic_crisis_(2019%E2%80%932024)
Stanislav Aseyev,Category:People of the 2014 pro-Russian unrest in Ukraine,10877,11,,,2026-09-30T09:02:28Z,https://en.wikipedia.org/wiki/Stanislav_Aseyev
Stanislav Biblyk,Category:Ukrainian sportspeople in Russia during the Russo-Ukrainian war,810,2,,,2026-09-11T15:29:21Z,https://en.wikipedia.org/wiki/Stanislav_Biblyk
Stanislav Prychynenko,Category:Ukrainian sportspeople in Russia during the Russo-Ukrainian war,941,4,,,2025-11-04T01:14:41Z,https://en.wikipedia.org/wiki/Stanislav_Prychynenko
Stanislav Ruban,Category:Ukrainian sportspeople in Russia during the Russo-Ukrainian war,568,2,,,2026-06-09T23:32:25Z,https://en.wikipedia.org/wiki/Stanislav_Ruban
Stanislav Zhukov,Category:Ukrainian sportspeople in Russia during the Russo-Ukrainian war,241,0,,,2025-11-04T01:16:02Z,https://en.wikipedia.org/wiki/Stanislav_Zhukov
Stanytsia Luhanska kindergarten bombing,Category:Prelude to the Russian invasion of Ukraine,1858,3,,,2026-08-22T22:04:21Z,https://en.wikipedia.org/wiki/Stanytsia_Luhanska_kindergarten_bombing
Stara Krasnianka care house attack,Category:War crimes during the Russian invasion of Ukraine,4182,3,,,2026-08-24T11:31:46Z,https://en.wikipedia.org/wiki/Stara_Krasnianka_care_house_attack
Starlink in the Russo-Ukrainian war,Category:Russo-Ukrainian war,42141,16,,,2026-09-25T10:54:40Z,https://en.wikipedia.org/wiki/Starlink_in_the_Russo-Ukrainian_war
State Border Guard Service of Ukraine,seed-file:recommended_forces_battles_places.txt,6004,11,,,2026-08-20T14:43:02Z,https://en.wikipedia.org/wiki/State_Border_Guard_Service_of_Ukraine
State Council of Crimea,Category:2014 Russian annexation of Crimea,8314,10,44.95166667,34.09694444,2026-08-27T23:52:10Z,https://en.wikipedia.org/wiki/State_Council_of_Crimea
Stavropol State Agrarian University,Category:Sanctions and boycotts during the Russo-Ukrainian war,3611,7,45.0376,41.961,2026-06-17T19:27:31Z,https://en.wikipedia.org/wiki/Stavropol_State_Agrarian_University
Steadfast Defender 2024,seed-file:team_DATA_json_titles.txt,4234,8,,,2026-06-22T18:51:40Z,https://en.wikipedia.org/wiki/Steadfast_Defender_2024
Steel Border Brigade,Category:Military units and formations of Ukraine in the Russian invasion of Ukraine,1725,2,,,2025-09-27T22:51:56Z,https://en.wikipedia.org/wiki/Steel_Border_Brigade
Stefania (song),Category:Songs about the Russian invasion of Ukraine,8135,7,,,2026-07-16T08:53:57Z,https://en.wikipedia.org/wiki/Stefania_(song)
Stepan Chubenko,Category:Russian war crimes in Ukraine,5892,5,,,2026-05-29T19:35:13Z,https://en.wikipedia.org/wiki/Stepan_Chubenko
Stepan Tarabalka,Category:Ukrainian military personnel killed in the Kyiv offensive,3015,4,,,2026-05-10T17:46:14Z,https://en.wikipedia.org/wiki/Stepan_Tarabalka
Steve Burtt Jr.,Category:Ukrainian sportspeople in Russia during the Russo-Ukrainian war,3492,7,,,2026-09-01T21:43:25Z,https://en.wikipedia.org/wiki/Steve_Burtt_Jr.
Still City: Diary of an Invasion,Category:Works about the Russo-Ukrainian war,1074,2,,,2026-07-06T08:30:35Z,https://en.wikipedia.org/wiki/Still_City:_Diary_of_an_Invasion
Sting (drone),Category:Military equipment of the Russian invasion of Ukraine,4217,4,,,2026-09-23T15:33:04Z,https://en.wikipedia.org/wiki/Sting_(drone)
Stop Bloody Energy,seed-file:team_DATA_json_titles.txt,2468,3,,,2026-04-21T00:46:40Z,https://en.wikipedia.org/wiki/Stop_Bloody_Energy
Stop the Wagons,Category:Organizations of the Russo-Ukrainian war,1245,2,,,2026-09-21T17:22:05Z,https://en.wikipedia.org/wiki/Stop_the_Wagons
Storm Ossetia,Category:Military units and formations of Russia in the Russian invasion of Ukraine,2139,2,,,2026-04-30T02:43:05Z,https://en.wikipedia.org/wiki/Storm_Ossetia
Storm Shadow,Category:Military equipment of the Russian invasion of Ukraine,20137,10,,,2026-08-28T00:45:17Z,https://en.wikipedia.org/wiki/Storm_Shadow
Storm-1516,Category:Propaganda in Russia related to the Russian invasion of Ukraine,14778,11,,,2026-09-24T18:02:57Z,https://en.wikipedia.org/wiki/Storm-1516
Storm-V,Category:Military units and formations of Russia in the Russian invasion of Ukraine,1749,2,,,2026-03-08T17:39:57Z,https://en.wikipedia.org/wiki/Storm-V
Storm-Z,Category:Military units and formations of Russia in the Russian invasion of Ukraine,9046,8,,,2026-08-22T01:15:52Z,https://en.wikipedia.org/wiki/Storm-Z
Strangers (Bring Me the Horizon song),Category:Songs about the Russian invasion of Ukraine,4273,5,,,2026-01-23T01:37:25Z,https://en.wikipedia.org/wiki/Strangers_(Bring_Me_the_Horizon_song)
Strategic Culture Foundation,Category:Disinformation in the Russian invasion of Ukraine,2694,4,,,2026-09-22T06:30:40Z,https://en.wikipedia.org/wiki/Strategic_Culture_Foundation
Strength is in truth,Category:Russian invasion of Ukraine in popular culture,2798,6,,,2026-08-01T17:48:18Z,https://en.wikipedia.org/wiki/Strength_is_in_truth
Stuhna Battalion,Category:Military units and formations of Ukraine in the Russian invasion of Ukraine,4608,3,,,2025-04-04T03:04:19Z,https://en.wikipedia.org/wiki/Stuhna_Battalion
Sultan Suleiman Mosque,Category:Religious buildings and structures destroyed during the Russian invasion of Ukraine,1046,3,47.07728611,37.51905556,2026-08-02T02:47:28Z,https://en.wikipedia.org/wiki/Sultan_Suleiman_Mosque
Sumy,seed-file:team_DATA_json_titles.txt,16034,20,50.91194444,34.80277778,2026-09-27T01:41:34Z,https://en.wikipedia.org/wiki/Sumy
Sumy Border Detachment,Category:Military units and formations of Ukraine in the Russian invasion of Ukraine,3434,3,,,2026-04-06T22:32:58Z,https://en.wikipedia.org/wiki/Sumy_Border_Detachment
Sumy Company (Ukraine),Category:Military units and formations of Ukraine in the Russian invasion of Ukraine,2337,2,,,2026-09-19T20:42:14Z,https://en.wikipedia.org/wiki/Sumy_Company_(Ukraine)
Sumy Oblast,seed-file:team_DATA_json_titles.txt,11387,15,51,34,2026-09-07T02:21:03Z,https://en.wikipedia.org/wiki/Sumy_Oblast
Sumykhimprom ammonia leak,Category:Northern front of the Russian invasion of Ukraine,993,2,,,2026-05-11T12:45:57Z,https://en.wikipedia.org/wiki/Sumykhimprom_ammonia_leak
Superpower (film),seed-file:team_DATA_json_titles.txt,1094,2,,,2026-09-09T08:54:25Z,https://en.wikipedia.org/wiki/Superpower_(film)
Support for Russia in the Russo-Ukrainian war,Category:Foreign involvement in the Russian invasion of Ukraine,21813,13,,,2026-09-28T09:59:14Z,https://en.wikipedia.org/wiki/Support_for_Russia_in_the_Russo-Ukrainian_war
"Support for the Sovereignty, Integrity, Democracy, and Economic Stability of Ukraine Act of 2014",Category:Reactions to the Russo-Ukrainian war,8936,6,,,2026-06-09T16:36:43Z,"https://en.wikipedia.org/wiki/Support_for_the_Sovereignty,_Integrity,_Democracy,_and_Economic_Stability_of_Ukraine_Act_of_2014"
Surkov leaks,Category:War in Donbas,6316,6,,,2026-04-19T03:46:25Z,https://en.wikipedia.org/wiki/Surkov_leaks
Surovikino penal colony hostage crisis,Category:Attacks in Russia during the Russo-Ukrainian war (2022–present),2073,4,48.60861111,42.87638889,2026-07-04T11:53:00Z,https://en.wikipedia.org/wiki/Surovikino_penal_colony_hostage_crisis
Suspicious Russia-related deaths since 2022,Category:Russo-Ukrainian war related lists,5879,4,,,2026-09-23T13:09:00Z,https://en.wikipedia.org/wiki/Suspicious_Russia-related_deaths_since_2022
Svetlana Savchenko,Category:Ukrainian collaborators with Russia,3236,4,,,2026-07-01T02:43:05Z,https://en.wikipedia.org/wiki/Svetlana_Savchenko
Sviatlana Tsikhanouskaya,Category:Pro-Ukrainian people of the Russian invasion of Ukraine,19190,9,,,2026-09-11T21:52:46Z,https://en.wikipedia.org/wiki/Sviatlana_Tsikhanouskaya
Sviatohirsk Lavra,Category:Buildings and structures destroyed during the Russian invasion of Ukraine,4212,7,49.02811111,37.56755556,2026-09-26T11:18:20Z,https://en.wikipedia.org/wiki/Sviatohirsk_Lavra
Sviatoslav Company (Ukraine),Category:Military units and formations of Ukraine in the Russian invasion of Ukraine,2402,2,,,2025-01-21T15:07:01Z,https://en.wikipedia.org/wiki/Sviatoslav_Company_(Ukraine)
Sviatoslav Palamar,Category:Siege of Mariupol,3300,3,,,2026-06-01T02:32:03Z,https://en.wikipedia.org/wiki/Sviatoslav_Palamar
Svitiaz Company (Ukraine),Category:Military units and formations of Ukraine in the Russian invasion of Ukraine,5179,3,,,2026-02-08T02:35:37Z,https://en.wikipedia.org/wiki/Svitiaz_Company_(Ukraine)
Svitlana Onyshchuk,Category:Pro-Ukrainian people of the Russian invasion of Ukraine,2391,1,,,2026-04-13T15:58:06Z,https://en.wikipedia.org/wiki/Svitlana_Onyshchuk
Sweden–NATO relations,seed-file:team_DATA_json_titles.txt,32108,11,,,2026-04-02T20:59:51Z,https://en.wikipedia.org/wiki/Sweden%E2%80%93NATO_relations
Sypaq Corvo Precision Payload Delivery System,Category:Russo-Ukrainian war,5305,4,,,2026-09-08T14:40:29Z,https://en.wikipedia.org/wiki/Sypaq_Corvo_Precision_Payload_Delivery_System
Tactical Group Kruk,Category:Ukrainian resistance during the Russian invasion of Ukraine,910,3,,,2025-04-12T09:23:20Z,https://en.wikipedia.org/wiki/Tactical_Group_Kruk
"Tactical group ""Belarus""",Category:Belarus in the Russo-Ukrainian war,4337,8,,,2026-09-22T21:32:25Z,https://en.wikipedia.org/wiki/Tactical_group_%22Belarus%22
Taiwan and the Russo-Ukrainian war,Category:Foreign involvement in the Russian invasion of Ukraine,6472,12,,,2026-08-11T08:54:23Z,https://en.wikipedia.org/wiki/Taiwan_and_the_Russo-Ukrainian_war
Tango (Tananai song),Category:Works about the Russian invasion of Ukraine,1013,3,,,2026-07-16T05:25:12Z,https://en.wikipedia.org/wiki/Tango_(Tananai_song)
Taras Kozak,Category:Ukrainian collaborators with Russia,9619,5,,,2026-08-21T22:58:23Z,https://en.wikipedia.org/wiki/Taras_Kozak
Taras Mykhalyk,Category:Ukrainian sportspeople in Russia during the Russo-Ukrainian war,6191,8,,,2025-11-04T01:14:00Z,https://en.wikipedia.org/wiki/Taras_Mykhalyk
Task Force KleptoCapture,seed-file:team_DATA_json_titles.txt,6409,5,,,2026-08-05T23:44:13Z,https://en.wikipedia.org/wiki/Task_Force_KleptoCapture
Task Force on Accountability for Crimes Committed in Ukraine,Category:War crimes during the Russian invasion of Ukraine,1720,4,,,2025-11-18T15:33:58Z,https://en.wikipedia.org/wiki/Task_Force_on_Accountability_for_Crimes_Committed_in_Ukraine
Tatyana Kim,Category:Sanctions and boycotts during the Russo-Ukrainian war,12269,8,,,2026-09-11T04:57:52Z,https://en.wikipedia.org/wiki/Tatyana_Kim
Ternopil Oblast,Category:Oblasts of Ukraine,16764,13,49.55583333,25.5925,2026-09-07T01:00:36Z,https://en.wikipedia.org/wiki/Ternopil_Oblast
Ternopil Rifle Battalion (Ukraine),Category:Military units and formations of Ukraine in the Russian invasion of Ukraine,2730,2,,,2026-02-17T14:24:49Z,https://en.wikipedia.org/wiki/Ternopil_Rifle_Battalion_(Ukraine)
Territorial Center of Recruitment and Social Support,Category:Russo-Ukrainian war,32495,10,,,2026-08-22T13:38:18Z,https://en.wikipedia.org/wiki/Territorial_Center_of_Recruitment_and_Social_Support
Territorial Defence Forces (Ukraine),seed-file:recommended_forces_battles_places.txt,15778,17,,,2026-08-25T10:46:36Z,https://en.wikipedia.org/wiki/Territorial_Defence_Forces_(Ukraine)
Territorial control during the Russo-Ukrainian war,Category:Russo-Ukrainian war,17089,8,,,2026-09-11T11:06:45Z,https://en.wikipedia.org/wiki/Territorial_control_during_the_Russo-Ukrainian_war
Territorial control of Donetsk Oblast during the Russo-Ukrainian war,Category:Russo-Ukrainian war,651,2,,,2026-08-29T19:56:58Z,https://en.wikipedia.org/wiki/Territorial_control_of_Donetsk_Oblast_during_the_Russo-Ukrainian_war
Territorial defense (Russia),Category:Military units and formations of Russia in the Russian invasion of Ukraine,5038,3,,,2026-08-25T10:46:59Z,https://en.wikipedia.org/wiki/Territorial_defense_(Russia)
Terror Battalion,Category:Belarusian involvement in the Russian invasion of Ukraine,1539,3,,,2026-08-31T22:20:03Z,https://en.wikipedia.org/wiki/Terror_Battalion
Tetyana Chorna,Category:Ukrainian sportspeople in Russia during the Russo-Ukrainian war,732,3,,,2026-09-30T05:53:20Z,https://en.wikipedia.org/wiki/Tetyana_Chorna
Tetyana Kozyrenko,Category:Ukrainian sportspeople in Russia during the Russo-Ukrainian war,2565,5,,,2026-01-06T12:51:46Z,https://en.wikipedia.org/wiki/Tetyana_Kozyrenko
Tetyana Romanenko,Category:Ukrainian sportspeople in Russia during the Russo-Ukrainian war,573,2,,,2026-08-12T17:04:36Z,https://en.wikipedia.org/wiki/Tetyana_Romanenko
The Insider (website),Category:Malaysia Airlines Flight 17,10491,11,,,2026-08-21T23:03:04Z,https://en.wikipedia.org/wiki/The_Insider_(website)
The Konotop Witch (film),Category:Russian invasion of Ukraine films,2630,7,,,2026-09-20T22:54:49Z,https://en.wikipedia.org/wiki/The_Konotop_Witch_(film)
The Label Maker,Category:Russian invasion of Ukraine in popular culture,4800,4,,,2026-04-14T23:06:57Z,https://en.wikipedia.org/wiki/The_Label_Maker
The New York Times,seed-file:team_DATA_json_titles.txt,70261,34,,,2026-09-24T16:31:48Z,https://en.wikipedia.org/wiki/The_New_York_Times
The Other Russia of E. V. Limonov,Category:2014 pro-Russian unrest in Ukraine,3769,5,,,2026-07-14T11:08:51Z,https://en.wikipedia.org/wiki/The_Other_Russia_of_E._V._Limonov
The Showman,Category:Non-fiction works about the Russian invasion of Ukraine,1030,2,,,2026-06-08T05:19:34Z,https://en.wikipedia.org/wiki/The_Showman
The Sunflower Boys,Category:Russo-Ukrainian war in fiction,4277,3,,,2026-09-17T13:38:16Z,https://en.wikipedia.org/wiki/The_Sunflower_Boys
The Torture Camp on Paradise Street,Category:Torture in the Russo-Ukrainian war,2779,1,,,2026-01-14T23:05:49Z,https://en.wikipedia.org/wiki/The_Torture_Camp_on_Paradise_Street
The Wall of Remembrance of the Fallen for Ukraine,Category:War in Donbas,1270,2,50.45523,30.52224,2026-06-08T17:26:01Z,https://en.wikipedia.org/wiki/The_Wall_of_Remembrance_of_the_Fallen_for_Ukraine
The Washington Post,seed-file:team_DATA_json_titles.txt,44637,24,,,2026-09-30T07:43:43Z,https://en.wikipedia.org/wiki/The_Washington_Post
The Zelensky Effect,Category:Non-fiction works about the Russian invasion of Ukraine,17600,13,,,2026-09-27T07:43:46Z,https://en.wikipedia.org/wiki/The_Zelensky_Effect
Time of Heroes,Category:Propaganda in Russia related to the Russian invasion of Ukraine,5439,2,,,2026-02-08T18:19:34Z,https://en.wikipedia.org/wiki/Time_of_Heroes
Timeline of the 2014 pro-Russian unrest in Ukraine,Category:2014 pro-Russian unrest in Ukraine,42479,53,,,2026-04-21T20:49:35Z,https://en.wikipedia.org/wiki/Timeline_of_the_2014_pro-Russian_unrest_in_Ukraine
Timeline of the 2022 Russian invasion of Ukraine,Category:Timelines of the Russian invasion of Ukraine,57290,44,,,2026-09-02T20:43:04Z,https://en.wikipedia.org/wiki/Timeline_of_the_2022_Russian_invasion_of_Ukraine
Timeline of the Russian annexation of Crimea,Category:2014 Russian annexation of Crimea,43219,44,,,2026-09-21T19:33:53Z,https://en.wikipedia.org/wiki/Timeline_of_the_Russian_annexation_of_Crimea
Timeline of the Russo-Ukrainian war (1 April – 31 July 2024),Category:Timelines of the Russo-Ukrainian war,103915,123,,,2026-07-20T13:21:09Z,https://en.wikipedia.org/wiki/Timeline_of_the_Russo-Ukrainian_war_(1_April_%E2%80%93_31_July_2024)
Timeline of the Russo-Ukrainian war (1 August – 31 December 2024),Category:Timelines of the Russo-Ukrainian war,112282,153,,,2026-08-18T08:51:22Z,https://en.wikipedia.org/wiki/Timeline_of_the_Russo-Ukrainian_war_(1_August_%E2%80%93_31_December_2024)
Timeline of the Russo-Ukrainian war (1 December 2023 – 31 March 2024),Category:Timelines of the Russo-Ukrainian war,106172,122,,,2026-07-02T00:41:42Z,https://en.wikipedia.org/wiki/Timeline_of_the_Russo-Ukrainian_war_(1_December_2023_%E2%80%93_31_March_2024)
Timeline of the Russo-Ukrainian war (1 January 2025 – 31 May 2025),Category:Timelines of the Russo-Ukrainian war,96449,152,,,2026-09-25T03:19:07Z,https://en.wikipedia.org/wiki/Timeline_of_the_Russo-Ukrainian_war_(1_January_2025_%E2%80%93_31_May_2025)
Timeline of the Russo-Ukrainian war (1 January 2026 – 31 May 2026),Category:Timelines of the Russo-Ukrainian war,91926,145,,,2026-09-14T18:03:27Z,https://en.wikipedia.org/wiki/Timeline_of_the_Russo-Ukrainian_war_(1_January_2026_%E2%80%93_31_May_2026)
Timeline of the Russo-Ukrainian war (1 June 2025 – 31 August 2025),Category:Timelines of the Russo-Ukrainian war,77438,92,,,2026-08-25T14:39:10Z,https://en.wikipedia.org/wiki/Timeline_of_the_Russo-Ukrainian_war_(1_June_2025_%E2%80%93_31_August_2025)
Timeline of the Russo-Ukrainian war (1 June 2026 – 31 August 2026),Category:Timelines of the Russo-Ukrainian war,50561,91,,,2026-09-30T18:16:56Z,https://en.wikipedia.org/wiki/Timeline_of_the_Russo-Ukrainian_war_(1_June_2026_%E2%80%93_31_August_2026)
Timeline of the Russo-Ukrainian war (1 September 2025 – 31 December 2025),Category:Timelines of the Russo-Ukrainian war,97856,121,,,2026-09-12T03:44:02Z,https://en.wikipedia.org/wiki/Timeline_of_the_Russo-Ukrainian_war_(1_September_2025_%E2%80%93_31_December_2025)
Timeline of the Russo-Ukrainian war (1 September 2026 – present),Category:Timelines of the Russo-Ukrainian war,19375,27,,,2026-09-28T22:26:25Z,https://en.wikipedia.org/wiki/Timeline_of_the_Russo-Ukrainian_war_(1_September_2026_%E2%80%93_present)
Timeline of the Russo-Ukrainian war (1 September – 30 November 2023),Category:Timelines of the Russo-Ukrainian war,97560,92,,,2026-05-13T08:48:10Z,https://en.wikipedia.org/wiki/Timeline_of_the_Russo-Ukrainian_war_(1_September_%E2%80%93_30_November_2023)
Timeline of the Russo-Ukrainian war (12 November 2022 – 7 June 2023),Category:Timelines of the Russo-Ukrainian war,138325,171,,,2026-05-23T13:31:16Z,https://en.wikipedia.org/wiki/Timeline_of_the_Russo-Ukrainian_war_(12_November_2022_%E2%80%93_7_June_2023)
Timeline of the Russo-Ukrainian war (2022–present),Category:Timelines of the Russian invasion of Ukraine,7592,6,,,2026-09-27T20:07:39Z,https://en.wikipedia.org/wiki/Timeline_of_the_Russo-Ukrainian_war_(2022%E2%80%93present)
Timeline of the Russo-Ukrainian war (29 August – 11 November 2022),Category:Timelines of the Russo-Ukrainian war,28026,61,,,2026-08-22T01:14:37Z,https://en.wikipedia.org/wiki/Timeline_of_the_Russo-Ukrainian_war_(29_August_%E2%80%93_11_November_2022)
Timeline of the Russo-Ukrainian war (8 April – 28 August 2022),Category:Timelines of the Russo-Ukrainian war,82152,141,,,2026-08-22T01:13:05Z,https://en.wikipedia.org/wiki/Timeline_of_the_Russo-Ukrainian_war_(8_April_%E2%80%93_28_August_2022)
Timeline of the Russo-Ukrainian war (8 June 2023 – 31 August 2023),Category:Timelines of the Russo-Ukrainian war,121547,90,,,2026-09-20T00:44:13Z,https://en.wikipedia.org/wiki/Timeline_of_the_Russo-Ukrainian_war_(8_June_2023_%E2%80%93_31_August_2023)
Timeline of the prelude to the Russian invasion of Ukraine,Category:Prelude to the Russian invasion of Ukraine,3198,4,,,2026-09-26T19:43:07Z,https://en.wikipedia.org/wiki/Timeline_of_the_prelude_to_the_Russian_invasion_of_Ukraine
Timeline of the war in Donbas,Category:War in Donbas,523,1,,,2026-07-20T19:51:40Z,https://en.wikipedia.org/wiki/Timeline_of_the_war_in_Donbas
Timeline of the war in Donbas (2014),Category:Timelines of the war in Donbas,42006,4,,,2026-08-13T02:34:12Z,https://en.wikipedia.org/wiki/Timeline_of_the_war_in_Donbas_(2014)
Timeline of the war in Donbas (2015),Category:Timelines of the war in Donbas,46208,5,,,2026-09-26T19:02:06Z,https://en.wikipedia.org/wiki/Timeline_of_the_war_in_Donbas_(2015)
Timeline of the war in Donbas (2016),Category:Timelines of the war in Donbas,29444,4,,,2026-07-27T06:43:18Z,https://en.wikipedia.org/wiki/Timeline_of_the_war_in_Donbas_(2016)
Timeline of the war in Donbas (2017),Category:Timelines of the war in Donbas,101684,5,,,2026-08-17T18:07:19Z,https://en.wikipedia.org/wiki/Timeline_of_the_war_in_Donbas_(2017)
Timeline of the war in Donbas (2018),Category:Timelines of the war in Donbas,64232,4,,,2026-09-05T15:54:33Z,https://en.wikipedia.org/wiki/Timeline_of_the_war_in_Donbas_(2018)
Timeline of the war in Donbas (2019),Category:Timelines of the war in Donbas,13461,12,,,2026-07-27T06:53:56Z,https://en.wikipedia.org/wiki/Timeline_of_the_war_in_Donbas_(2019)
Timeline of the war in Donbas (2020),Category:Timelines of the war in Donbas,29786,5,,,2026-07-27T06:57:10Z,https://en.wikipedia.org/wiki/Timeline_of_the_war_in_Donbas_(2020)
Timeline of the war in Donbas (2021),Category:Timelines of the war in Donbas,42902,5,,,2026-07-27T07:00:33Z,https://en.wikipedia.org/wiki/Timeline_of_the_war_in_Donbas_(2021)
Timeline of the war in Donbas (2022),Category:Prelude to the Russian invasion of Ukraine,13968,3,,,2026-01-29T01:30:28Z,https://en.wikipedia.org/wiki/Timeline_of_the_war_in_Donbas_(2022)
Timestamp (film),seed-file:team_DATA_json_titles.txt,3743,6,,,2026-08-25T03:40:04Z,https://en.wikipedia.org/wiki/Timestamp_(film)
Timur Ivanov,seed-file:team_DATA_json_titles.txt,5099,7,,,2026-07-26T22:14:15Z,https://en.wikipedia.org/wiki/Timur_Ivanov
Titushky,Category:Anti-Maidan,8563,11,,,2026-07-26T20:46:41Z,https://en.wikipedia.org/wiki/Titushky
To bomb Voronezh,seed-file:team_DATA_json_titles.txt,2744,3,,,2026-05-02T18:33:17Z,https://en.wikipedia.org/wiki/To_bomb_Voronezh
Tokmak Solar Energy,Category:Buildings and structures destroyed during the Russian invasion of Ukraine,1957,1,47.278,35.721,2026-05-31T05:35:16Z,https://en.wikipedia.org/wiki/Tokmak_Solar_Energy
Tom Brewer (politician),Category:Pro-Ukrainian people of the Russian invasion of Ukraine,17234,17,,,2026-08-24T14:10:05Z,https://en.wikipedia.org/wiki/Tom_Brewer_(politician)
Tom Cooper (military historian),Category:War correspondents of the Russo-Ukrainian war,6134,3,,,2026-05-23T18:19:09Z,https://en.wikipedia.org/wiki/Tom_Cooper_(military_historian)
Tomasz Grzywaczewski,Category:War correspondents of the Russo-Ukrainian war,11205,7,,,2026-08-23T10:17:06Z,https://en.wikipedia.org/wiki/Tomasz_Grzywaczewski
Toretsk,Category:Populated places destroyed during the Russian invasion of Ukraine,14232,16,48.39166667,37.87333333,2026-09-27T05:33:03Z,https://en.wikipedia.org/wiki/Toretsk
Tornado Company (Ukraine),Category:War in Donbas,15228,16,,,2026-07-27T06:59:12Z,https://en.wikipedia.org/wiki/Tornado_Company_(Ukraine)
Toropets depot explosions,Category:Attacks in Russia during the Russo-Ukrainian war (2022–present),5219,8,56.5,31.72083333,2026-08-26T10:10:25Z,https://en.wikipedia.org/wiki/Toropets_depot_explosions
Torture and castration of a Ukrainian POW in Pryvillia,Category:Torture in the Russian invasion of Ukraine,4712,5,,,2026-07-27T18:40:28Z,https://en.wikipedia.org/wiki/Torture_and_castration_of_a_Ukrainian_POW_in_Pryvillia
Torture of Russian soldiers in Mala Rohan,Category:Torture in the Russian invasion of Ukraine,6492,3,,,2026-03-26T12:11:00Z,https://en.wikipedia.org/wiki/Torture_of_Russian_soldiers_in_Mala_Rohan
Tourist (film),Category:Wagner Group,3098,2,,,2026-06-24T01:32:56Z,https://en.wikipedia.org/wiki/Tourist_(film)
Trauma in the Russo-Ukrainian war,Category:Impacts of the Russian invasion of Ukraine,3801,4,,,2026-06-29T00:25:10Z,https://en.wikipedia.org/wiki/Trauma_in_the_Russo-Ukrainian_war
Trembita (cruise missile),Category:Military equipment of the Russian invasion of Ukraine,2506,4,,,2025-09-09T15:26:09Z,https://en.wikipedia.org/wiki/Trembita_(cruise_missile)
Trial of Alexander Bobikin and Alexander Ivanov,Category:War crimes during the Russian invasion of Ukraine,4319,4,,,2025-12-15T17:07:20Z,https://en.wikipedia.org/wiki/Trial_of_Alexander_Bobikin_and_Alexander_Ivanov
Trial of Anton Cherednik,Category:War crimes during the Russian invasion of Ukraine,4520,2,,,2026-01-05T18:46:33Z,https://en.wikipedia.org/wiki/Trial_of_Anton_Cherednik
Trial of Vadim Shishimarin,Category:War crimes during the Russian invasion of Ukraine,6301,4,,,2025-11-27T03:17:27Z,https://en.wikipedia.org/wiki/Trial_of_Vadim_Shishimarin
Trilateral Contact Group on Ukraine,Category:War in Donbas,4908,7,,,2025-11-14T13:53:43Z,https://en.wikipedia.org/wiki/Trilateral_Contact_Group_on_Ukraine
True Russia,Category:Russo-Ukrainian war (2022–present),1434,1,,,2026-08-27T01:51:56Z,https://en.wikipedia.org/wiki/True_Russia
Trypilska thermal power plant,Category:Buildings and structures destroyed during the Russian invasion of Ukraine,3093,4,50.13505556,30.74811111,2025-09-03T12:50:38Z,https://en.wikipedia.org/wiki/Trypilska_thermal_power_plant
Tryzub (organization),Category:Military units and formations of Ukraine in the Russian invasion of Ukraine,1910,2,,,2026-08-28T20:38:45Z,https://en.wikipedia.org/wiki/Tryzub_(organization)
Tsar's Wolves,Category:Military units and formations of Russia in the Russian invasion of Ukraine,2999,2,,,2026-06-18T02:19:25Z,https://en.wikipedia.org/wiki/Tsar%27s_Wolves
Tsargrad TV,Category:Disinformation in the Russian invasion of Ukraine,3495,3,,,2026-09-24T08:46:01Z,https://en.wikipedia.org/wiki/Tsargrad_TV
Tsunami Regiment (Ukraine),Category:Military units and formations of Ukraine in the Russian invasion of Ukraine,3907,4,,,2026-06-25T09:45:48Z,https://en.wikipedia.org/wiki/Tsunami_Regiment_(Ukraine)
Tucker Carlson's interview with Vladimir Putin,Category:United States and the Russian invasion of Ukraine,12333,12,,,2026-08-29T10:28:16Z,https://en.wikipedia.org/wiki/Tucker_Carlson%27s_interview_with_Vladimir_Putin
Turan Battalion,seed-file:team_DATA_json_titles.txt,1899,2,,,2026-07-28T10:41:51Z,https://en.wikipedia.org/wiki/Turan_Battalion
Turn in the Wound,seed-file:team_DATA_json_titles.txt,1993,5,,,2026-08-25T03:51:14Z,https://en.wikipedia.org/wiki/Turn_in_the_Wound
Turtle tank,Category:Military equipment of the Russian invasion of Ukraine,2152,3,,,2026-07-26T20:54:08Z,https://en.wikipedia.org/wiki/Turtle_tank
Tymur Special Unit,Category:Military units and formations of Ukraine in the Russian invasion of Ukraine,7407,16,,,2026-04-01T09:08:13Z,https://en.wikipedia.org/wiki/Tymur_Special_Unit
U-24 (association),Category:Foreign involvement in the Russian invasion of Ukraine,2900,3,,,2026-03-30T19:57:15Z,https://en.wikipedia.org/wiki/U-24_(association)
UNIT (Ukrainian organisation),Category:War in Donbas,2144,3,,,2026-04-26T18:26:00Z,https://en.wikipedia.org/wiki/UNIT_(Ukrainian_organisation)
USS Truxtun (DDG-103),Category:2014 Russian annexation of Crimea,3653,5,,,2026-09-13T11:52:00Z,https://en.wikipedia.org/wiki/USS_Truxtun_(DDG-103)
Ukraine,seed,84936,45,50.45,30.51666667,2026-09-25T01:16:14Z,https://en.wikipedia.org/wiki/Ukraine
Ukraine (song),Category:Songs about the Russian invasion of Ukraine,1721,4,,,2026-04-21T00:48:45Z,https://en.wikipedia.org/wiki/Ukraine_(song)
Ukraine Compact,Category:Foreign involvement in the Russian invasion of Ukraine,1219,2,,,2025-11-05T21:53:56Z,https://en.wikipedia.org/wiki/Ukraine_Compact
Ukraine Defense Contact Group,Category:Reactions to the Russian invasion of Ukraine,9705,8,,,2026-06-23T00:44:25Z,https://en.wikipedia.org/wiki/Ukraine_Defense_Contact_Group
Ukraine Democracy Defense Lend-Lease Act of 2022,Category:United States and the Russian invasion of Ukraine,4131,6,,,2026-09-10T17:28:23Z,https://en.wikipedia.org/wiki/Ukraine_Democracy_Defense_Lend-Lease_Act_of_2022
Ukraine Freedom Support Act of 2014,Category:Reactions to the Russo-Ukrainian war,1587,1,,,2026-06-09T16:19:46Z,https://en.wikipedia.org/wiki/Ukraine_Freedom_Support_Act_of_2014
Ukraine Recovery Conference,Category:Reactions to the Russian invasion of Ukraine,10514,12,,,2026-09-18T03:46:57Z,https://en.wikipedia.org/wiki/Ukraine_Recovery_Conference
Ukraine Salvation Committee,Category:Organizations of the Russo-Ukrainian war,3940,8,,,2026-07-13T02:30:14Z,https://en.wikipedia.org/wiki/Ukraine_Salvation_Committee
Ukraine Security Assistance Initiative,Category:United States and the Russian invasion of Ukraine,4424,4,,,2026-09-13T02:03:34Z,https://en.wikipedia.org/wiki/Ukraine_Security_Assistance_Initiative
Ukraine Siren Alerts,Category:Reactions to the Russian invasion of Ukraine,3313,4,,,2026-05-05T20:06:10Z,https://en.wikipedia.org/wiki/Ukraine_Siren_Alerts
"Ukraine Square, Oslo",Category:Reactions to the Russian invasion of Ukraine,739,1,59.91303611,10.70615278,2024-11-05T11:40:00Z,"https://en.wikipedia.org/wiki/Ukraine_Square,_Oslo"
Ukraine and electronic warfare,Category:Russo-Ukrainian war (2022–present),14589,11,,,2026-01-02T22:23:55Z,https://en.wikipedia.org/wiki/Ukraine_and_electronic_warfare
Ukraine and weapons of mass destruction,seed-file:team_DATA_json_titles.txt,15585,8,,,2026-09-26T10:46:13Z,https://en.wikipedia.org/wiki/Ukraine_and_weapons_of_mass_destruction
Ukraine bioweapons conspiracy theory,Category:Propaganda in Russia related to the Russian invasion of Ukraine,19567,8,,,2026-09-03T04:38:01Z,https://en.wikipedia.org/wiki/Ukraine_bioweapons_conspiracy_theory
Ukraine in the 2026 Iran war,Category:Spillover of the Russian invasion of Ukraine,6560,5,,,2026-09-04T09:55:49Z,https://en.wikipedia.org/wiki/Ukraine_in_the_2026_Iran_war
Ukraine in the Eurovision Song Contest 2022,Category:Events affected by the Russian invasion of Ukraine,20684,17,,,2026-06-04T18:01:09Z,https://en.wikipedia.org/wiki/Ukraine_in_the_Eurovision_Song_Contest_2022
Ukraine in the Junior Eurovision Song Contest 2022,Category:Events affected by the Russian invasion of Ukraine,6056,9,,,2025-11-13T20:45:33Z,https://en.wikipedia.org/wiki/Ukraine_in_the_Junior_Eurovision_Song_Contest_2022
Ukraine in the Junior Eurovision Song Contest 2023,Category:Events affected by the Russian invasion of Ukraine,5917,8,,,2026-07-13T00:43:01Z,https://en.wikipedia.org/wiki/Ukraine_in_the_Junior_Eurovision_Song_Contest_2023
Ukraine v. Russian Federation (2017),Category:Russo-Ukrainian war,4083,3,,,2026-06-07T00:27:32Z,https://en.wikipedia.org/wiki/Ukraine_v._Russian_Federation_(2017)
Ukraine v. Russian Federation (2022),Category:Impacts of the Russian invasion of Ukraine,8076,7,,,2026-06-04T06:29:12Z,https://en.wikipedia.org/wiki/Ukraine_v._Russian_Federation_(2022)
Ukraine's Peace Formula,Category:Russo-Ukrainian war peace process,5638,6,,,2026-04-05T16:15:41Z,https://en.wikipedia.org/wiki/Ukraine%27s_Peace_Formula
Ukraine–NATO relations,seed-file:team_DATA_json_titles.txt,59468,17,,,2026-08-24T01:34:55Z,https://en.wikipedia.org/wiki/Ukraine%E2%80%93NATO_relations
Ukraine–United States Mineral Resources Agreement,Category:United States and the Russian invasion of Ukraine,7806,6,,,2026-09-13T13:03:51Z,https://en.wikipedia.org/wiki/Ukraine%E2%80%93United_States_Mineral_Resources_Agreement
Ukraine–United States relations,seed-file:team_DATA_json_titles.txt,31888,14,,,2026-09-18T21:18:46Z,https://en.wikipedia.org/wiki/Ukraine%E2%80%93United_States_relations
Ukrainian Air Assault Forces,seed-file:recommended_forces_battles_places.txt,7384,13,,,2026-08-15T16:59:36Z,https://en.wikipedia.org/wiki/Ukrainian_Air_Assault_Forces
Ukrainian Army Aviation,seed-file:recommended_forces_battles_places.txt,5257,7,,,2026-09-18T16:59:10Z,https://en.wikipedia.org/wiki/Ukrainian_Army_Aviation
Ukrainian Artistic Front,Category:Organizations of the Russo-Ukrainian war,2578,2,,,2026-08-29T06:05:54Z,https://en.wikipedia.org/wiki/Ukrainian_Artistic_Front
Ukrainian Choice,Category:Organizations of the Russo-Ukrainian war,6735,5,,,2026-07-03T18:40:19Z,https://en.wikipedia.org/wiki/Ukrainian_Choice
Ukrainian Dancers,Category:Reactions to the Russian invasion of Ukraine,1831,3,,,2026-09-12T00:13:05Z,https://en.wikipedia.org/wiki/Ukrainian_Dancers
Ukrainian Defense Intelligence Aviation,Category:Military units and formations of Ukraine in the Russian invasion of Ukraine,2098,3,,,2025-06-10T06:17:16Z,https://en.wikipedia.org/wiki/Ukrainian_Defense_Intelligence_Aviation
Ukrainian Fight Drone Simulator,Category:Works about the Russian invasion of Ukraine,7012,5,,,2026-07-29T05:46:19Z,https://en.wikipedia.org/wiki/Ukrainian_Fight_Drone_Simulator
Ukrainian Freedom Orchestra,seed-file:team_DATA_json_titles.txt,3988,2,,,2026-08-13T18:45:25Z,https://en.wikipedia.org/wiki/Ukrainian_Freedom_Orchestra
Ukrainian Ground Forces,seed-file:recommended_forces_battles_places.txt,50978,38,,,2026-09-22T22:09:28Z,https://en.wikipedia.org/wiki/Ukrainian_Ground_Forces
Ukrainian National Chernobyl Museum,Category:Buildings and structures destroyed during the Russian invasion of Ukraine,2801,7,,,2026-09-25T11:06:13Z,https://en.wikipedia.org/wiki/Ukrainian_National_Chernobyl_Museum
Ukrainian National Union (political party),Category:War in Donbas,2686,2,,,2026-09-17T11:56:53Z,https://en.wikipedia.org/wiki/Ukrainian_National_Union_(political_party)
Ukrainian Volunteer Army,Category:Military units and formations of Ukraine in the Russian invasion of Ukraine,3779,6,,,2026-01-14T09:14:17Z,https://en.wikipedia.org/wiki/Ukrainian_Volunteer_Army
Ukrainian attacks on the Russian shadow fleet,Category:Reactions to the Russian invasion of Ukraine,16057,16,,,2026-08-08T04:51:34Z,https://en.wikipedia.org/wiki/Ukrainian_attacks_on_the_Russian_shadow_fleet
Ukrainian command ship Donbas,Category:2014 Russian annexation of Crimea,3028,2,,,2026-03-04T18:16:47Z,https://en.wikipedia.org/wiki/Ukrainian_command_ship_Donbas
Ukrainian conscription crisis,Category:Russo-Ukrainian war,18801,8,,,2026-07-21T16:02:12Z,https://en.wikipedia.org/wiki/Ukrainian_conscription_crisis
Ukrainian corvette Lutsk,Category:2014 Russian annexation of Crimea,4189,4,,,2026-08-24T01:39:50Z,https://en.wikipedia.org/wiki/Ukrainian_corvette_Lutsk
Ukrainian corvette Ternopil,Category:2014 Russian annexation of Crimea,2668,3,,,2026-09-23T14:42:53Z,https://en.wikipedia.org/wiki/Ukrainian_corvette_Ternopil
Ukrainian corvette Vinnytsia,Category:2014 Russian annexation of Crimea,5497,5,,,2026-04-01T17:36:44Z,https://en.wikipedia.org/wiki/Ukrainian_corvette_Vinnytsia
Ukrainian culture during the Russo-Ukrainian war,Category:Impacts of the Russian invasion of Ukraine,23067,12,,,2026-07-24T04:32:12Z,https://en.wikipedia.org/wiki/Ukrainian_culture_during_the_Russo-Ukrainian_war
Ukrainian desertion crisis,Category:Russo-Ukrainian war,7672,4,,,2026-05-20T14:56:24Z,https://en.wikipedia.org/wiki/Ukrainian_desertion_crisis
Ukrainian energy crisis,Category:Impacts of the Russian invasion of Ukraine,13154,15,,,2026-04-23T23:13:50Z,https://en.wikipedia.org/wiki/Ukrainian_energy_crisis
Ukrainian frigate Hetman Sahaidachny,Category:Ships involved in the Russian invasion of Ukraine,4202,4,,,2026-08-24T01:44:41Z,https://en.wikipedia.org/wiki/Ukrainian_frigate_Hetman_Sahaidachny
Ukrainian information war during Russian invasion of Ukraine,Category:Propaganda in Ukraine related to the Russian invasion of Ukraine,51492,17,,,2026-09-15T17:36:18Z,https://en.wikipedia.org/wiki/Ukrainian_information_war_during_Russian_invasion_of_Ukraine
Ukrainian minesweeper Chernihiv,Category:2014 Russian annexation of Crimea,672,1,,,2026-04-01T17:38:20Z,https://en.wikipedia.org/wiki/Ukrainian_minesweeper_Chernihiv
Ukrainian occupation of Kursk Oblast,Category:Attacks in Russia during the Russo-Ukrainian war (2022–present),9694,5,,,2026-09-12T20:06:42Z,https://en.wikipedia.org/wiki/Ukrainian_occupation_of_Kursk_Oblast
Ukrainian parliamentary inquiry into the Battle of Ilovaisk,Category:War in Donbas,1878,2,,,2026-09-19T10:25:43Z,https://en.wikipedia.org/wiki/Ukrainian_parliamentary_inquiry_into_the_Battle_of_Ilovaisk
Ukrainian patrol boat Hola Prystan,Category:Ships involved in the Russo-Ukrainian war,2701,4,,,2026-08-24T01:37:21Z,https://en.wikipedia.org/wiki/Ukrainian_patrol_boat_Hola_Prystan
Ukrainian patrol boat Skadovsk,Category:Ships involved in the Russo-Ukrainian war,4688,5,,,2026-08-24T01:30:09Z,https://en.wikipedia.org/wiki/Ukrainian_patrol_boat_Skadovsk
Ukrainian patrol vessel Sloviansk,Category:Ships involved in the Russian invasion of Ukraine,5024,6,,,2026-09-11T20:27:29Z,https://en.wikipedia.org/wiki/Ukrainian_patrol_vessel_Sloviansk
Ukrainian patrol vessel Starobilsk,Category:Ships involved in the Russian invasion of Ukraine,3341,3,,,2026-09-11T20:27:36Z,https://en.wikipedia.org/wiki/Ukrainian_patrol_vessel_Starobilsk
Ukrainian penal military units during the Russian invasion of Ukraine,Category:Military units and formations of Ukraine in the Russian invasion of Ukraine,9508,7,,,2026-09-11T00:25:21Z,https://en.wikipedia.org/wiki/Ukrainian_penal_military_units_during_the_Russian_invasion_of_Ukraine
Ukrainian reconnaissance ship Simferopol,Category:Shipwrecks of the Russian invasion of Ukraine,1933,3,45.4175,29.50888889,2026-05-05T16:43:41Z,https://en.wikipedia.org/wiki/Ukrainian_reconnaissance_ship_Simferopol
Ukrainian refugee crisis,Category:Events affected by the Russian invasion of Ukraine,68468,66,,,2026-08-10T17:46:27Z,https://en.wikipedia.org/wiki/Ukrainian_refugee_crisis
Ukrainian refugee crisis in Mexico,Category:Impacts of the Russian invasion of Ukraine,2442,3,,,2026-02-18T17:17:43Z,https://en.wikipedia.org/wiki/Ukrainian_refugee_crisis_in_Mexico
Ukrainian resistance in Russian-occupied Ukraine,Category:Ukrainian resistance during the Russian invasion of Ukraine,66292,52,,,2026-09-24T16:42:35Z,https://en.wikipedia.org/wiki/Ukrainian_resistance_in_Russian-occupied_Ukraine
Ukrainian ship Pereyaslav,Category:Ships involved in the Russian invasion of Ukraine,4356,2,,,2026-09-02T11:00:05Z,https://en.wikipedia.org/wiki/Ukrainian_ship_Pereyaslav
Ukrainian ship Yuri Olefirenko,Category:2014 Russian annexation of Crimea,3830,4,,,2026-08-26T18:57:20Z,https://en.wikipedia.org/wiki/Ukrainian_ship_Yuri_Olefirenko
Ukrainian strikes on Wildberries warehouses,Category:Russo-Ukrainian war related lists,48876,21,,,2026-09-20T08:26:21Z,https://en.wikipedia.org/wiki/Ukrainian_strikes_on_Wildberries_warehouses
Ukrainian submarine Zaporizhzhia,Category:2014 Russian annexation of Crimea,6514,6,,,2026-08-18T14:04:54Z,https://en.wikipedia.org/wiki/Ukrainian_submarine_Zaporizhzhia
Ukrainian territorial defence battalions,Category:War in Donbas,12134,5,,,2026-04-26T15:47:45Z,https://en.wikipedia.org/wiki/Ukrainian_territorial_defence_battalions
Ukrainian volunteer battalions,Category:War in Donbas,14009,20,,,2026-07-04T14:36:51Z,https://en.wikipedia.org/wiki/Ukrainian_volunteer_battalions
Ukrainian-African Renaissance,seed-file:team_DATA_json_titles.txt,2802,2,,,2025-08-31T09:30:46Z,https://en.wikipedia.org/wiki/Ukrainian-African_Renaissance
Ukrainska Pravda,seed-file:team_DATA_json_titles.txt,22043,23,,,2026-09-22T03:23:40Z,https://en.wikipedia.org/wiki/Ukrainska_Pravda
Ukrspecsystems PD-2,Category:Military equipment of the Russian invasion of Ukraine,1457,2,,,2026-07-21T19:13:07Z,https://en.wikipedia.org/wiki/Ukrspecsystems_PD-2
Ukrspecsystems Shark,Category:Military equipment of the Russian invasion of Ukraine,2294,6,,,2026-07-21T19:13:20Z,https://en.wikipedia.org/wiki/Ukrspecsystems_Shark
Under the Volcano (2024 film),Category:Russian invasion of Ukraine films,1813,6,,,2026-08-25T03:48:19Z,https://en.wikipedia.org/wiki/Under_the_Volcano_(2024_film)
Unfriendly countries list,Category:Russo-Ukrainian war related lists,11911,9,,,2026-09-18T19:34:48Z,https://en.wikipedia.org/wiki/Unfriendly_countries_list
Unification council of the Eastern Orthodox churches of Ukraine,Category:2018 Moscow–Constantinople schism,40604,15,,,2026-06-08T17:11:57Z,https://en.wikipedia.org/wiki/Unification_council_of_the_Eastern_Orthodox_churches_of_Ukraine
Union Resolve 2022,Category:Prelude to the Russian invasion of Ukraine,437,1,,,2025-01-27T15:19:27Z,https://en.wikipedia.org/wiki/Union_Resolve_2022
Union of Donbass Volunteers,Category:Military units and formations of Russia in the Russian invasion of Ukraine,7671,2,,,2026-08-21T22:52:52Z,https://en.wikipedia.org/wiki/Union_of_Donbass_Volunteers
United Kingdom and the Russo-Ukrainian war,Category:Foreign involvement in the Russian invasion of Ukraine,14627,6,,,2026-09-12T12:30:06Z,https://en.wikipedia.org/wiki/United_Kingdom_and_the_Russo-Ukrainian_war
United Kingdom cost-of-living crisis,Category:Events affected by the Russian invasion of Ukraine,17949,11,,,2026-09-15T13:00:38Z,https://en.wikipedia.org/wiki/United_Kingdom_cost-of-living_crisis
United National Guard Communications Node (Ukraine),Category:Military units and formations of Ukraine in the Russian invasion of Ukraine,2845,3,,,2025-08-01T20:03:45Z,https://en.wikipedia.org/wiki/United_National_Guard_Communications_Node_(Ukraine)
United Nations General Assembly Resolution 68/262,Category:2014 Russian annexation of Crimea,4529,5,,,2026-09-25T09:43:27Z,https://en.wikipedia.org/wiki/United_Nations_General_Assembly_Resolution_68/262
United Nations General Assembly Resolution 73/194,Category:2014 Russian annexation of Crimea,895,1,,,2025-12-18T15:29:16Z,https://en.wikipedia.org/wiki/United_Nations_General_Assembly_Resolution_73/194
United Nations General Assembly Resolution 77/229,Category:Reactions to the Russian invasion of Ukraine,895,1,,,2026-05-21T21:34:06Z,https://en.wikipedia.org/wiki/United_Nations_General_Assembly_Resolution_77/229
United Nations General Assembly Resolution ES-11/1,Category:Reactions to the Russian invasion of Ukraine,3342,4,,,2026-03-04T13:58:52Z,https://en.wikipedia.org/wiki/United_Nations_General_Assembly_Resolution_ES-11/1
United Nations General Assembly Resolution ES-11/2,Category:Reactions to the Russian invasion of Ukraine,4761,5,,,2026-03-02T15:00:32Z,https://en.wikipedia.org/wiki/United_Nations_General_Assembly_Resolution_ES-11/2
United Nations General Assembly Resolution ES-11/3,Category:Reactions to the Russian invasion of Ukraine,2217,4,,,2026-03-02T15:00:37Z,https://en.wikipedia.org/wiki/United_Nations_General_Assembly_Resolution_ES-11/3
United Nations General Assembly Resolution ES-11/4,Category:Reactions to the Russian invasion of Ukraine,3683,5,,,2026-03-02T15:00:42Z,https://en.wikipedia.org/wiki/United_Nations_General_Assembly_Resolution_ES-11/4
United Nations General Assembly Resolution ES-11/5,Category:Reactions to the Russian invasion of Ukraine,718,2,,,2026-03-02T15:00:47Z,https://en.wikipedia.org/wiki/United_Nations_General_Assembly_Resolution_ES-11/5
United Nations General Assembly Resolution ES-11/6,Category:Reactions to the Russian invasion of Ukraine,1030,2,,,2026-03-02T15:00:52Z,https://en.wikipedia.org/wiki/United_Nations_General_Assembly_Resolution_ES-11/6
United Nations General Assembly Resolution ES-11/7,Category:Reactions to the Russian invasion of Ukraine,8054,7,,,2026-03-02T15:01:02Z,https://en.wikipedia.org/wiki/United_Nations_General_Assembly_Resolution_ES-11/7
United Nations Human Rights Monitoring Mission in Ukraine,Category:Russo-Ukrainian war,2356,6,,,2025-11-18T15:41:20Z,https://en.wikipedia.org/wiki/United_Nations_Human_Rights_Monitoring_Mission_in_Ukraine
United Nations Security Council Resolution 2166,Category:Events affected by the War in Donbas,1254,3,,,2025-11-04T01:16:57Z,https://en.wikipedia.org/wiki/United_Nations_Security_Council_Resolution_2166
United Nations Security Council Resolution 2623,Category:Events affected by the Russian invasion of Ukraine,3358,6,,,2025-12-07T16:58:08Z,https://en.wikipedia.org/wiki/United_Nations_Security_Council_Resolution_2623
United Nations Security Council Resolution 2774,Category:Events affected by the Russian invasion of Ukraine,2132,3,,,2026-01-13T18:04:05Z,https://en.wikipedia.org/wiki/United_Nations_Security_Council_Resolution_2774
United News (telethon),Category:Propaganda in Ukraine related to the Russian invasion of Ukraine,10646,6,,,2026-09-08T22:22:22Z,https://en.wikipedia.org/wiki/United_News_(telethon)
United States International Programming to Ukraine and Neighboring Regions,Category:Russo-Ukrainian war,8677,8,,,2026-07-30T19:14:57Z,https://en.wikipedia.org/wiki/United_States_International_Programming_to_Ukraine_and_Neighboring_Regions
United States and the Russo-Ukrainian war,Category:Foreign involvement in the Russian invasion of Ukraine,64054,33,,,2026-09-27T11:07:47Z,https://en.wikipedia.org/wiki/United_States_and_the_Russo-Ukrainian_war
United States sanctions against China,Category:China and the Russian invasion of Ukraine,17305,17,,,2026-09-30T12:27:34Z,https://en.wikipedia.org/wiki/United_States_sanctions_against_China
United24,seed-file:team_DATA_json_titles.txt,2973,5,,,2026-06-10T23:12:57Z,https://en.wikipedia.org/wiki/United24
Unity Day (Ukraine),Category:Prelude to the Russian invasion of Ukraine,2307,2,,,2025-11-20T17:46:37Z,https://en.wikipedia.org/wiki/Unity_Day_(Ukraine)
Universal jurisdiction investigations of war crimes in Ukraine,Category:War crimes during the Russian invasion of Ukraine,3030,7,,,2026-05-16T16:59:08Z,https://en.wikipedia.org/wiki/Universal_jurisdiction_investigations_of_war_crimes_in_Ukraine
Unmanned aerial vehicle,seed-file:team_DATA_json_titles.txt,57993,54,,,2026-09-29T04:22:44Z,https://en.wikipedia.org/wiki/Unmanned_aerial_vehicle
Ural Airlines Flight 1383,seed-file:team_DATA_json_titles.txt,3363,6,55.23638889,79.758,2026-06-21T01:11:06Z,https://en.wikipedia.org/wiki/Ural_Airlines_Flight_1383
Use of chemical weapons during Russia's invasion of Ukraine,Category:War crimes during the Russian invasion of Ukraine,4106,3,,,2026-08-08T04:52:07Z,https://en.wikipedia.org/wiki/Use_of_chemical_weapons_during_Russia%27s_invasion_of_Ukraine
Use of cluster munitions in the Russian invasion of Ukraine,Category:Military equipment of the Russian invasion of Ukraine,20849,6,,,2026-08-22T01:12:24Z,https://en.wikipedia.org/wiki/Use_of_cluster_munitions_in_the_Russian_invasion_of_Ukraine
Use of incendiary weapons in the Russo-Ukrainian war,Category:Military equipment of the Russian invasion of Ukraine,6939,5,,,2026-04-27T08:14:00Z,https://en.wikipedia.org/wiki/Use_of_incendiary_weapons_in_the_Russo-Ukrainian_war
Use of long-range weapons by Ukraine in Russia,Category:Military equipment of the Russian invasion of Ukraine,1973,4,,,2026-05-12T20:52:08Z,https://en.wikipedia.org/wiki/Use_of_long-range_weapons_by_Ukraine_in_Russia
Use of shotguns against drones,Category:Russo-Ukrainian war,1287,6,,,2026-07-31T02:38:53Z,https://en.wikipedia.org/wiki/Use_of_shotguns_against_drones
Ust-Ilimsk military commissariat shooting,Category:Attacks in Russia during the Russo-Ukrainian war (2022–present),4118,5,,,2026-05-12T20:52:10Z,https://en.wikipedia.org/wiki/Ust-Ilimsk_military_commissariat_shooting
V. I. Vernadsky Crimean Federal University,Category:Sanctions and boycotts during the Russo-Ukrainian war,2179,5,44.93638889,34.13416667,2026-06-18T01:04:17Z,https://en.wikipedia.org/wiki/V._I._Vernadsky_Crimean_Federal_University
VN Karazin Kharkiv National University,Category:Buildings and structures destroyed during the Russian invasion of Ukraine,12445,14,,,2026-09-21T15:47:20Z,https://en.wikipedia.org/wiki/VN_Karazin_Kharkiv_National_University
Vadim Boyko,Category:Events affected by the Russian invasion of Ukraine,1198,1,,,2026-04-30T04:34:43Z,https://en.wikipedia.org/wiki/Vadim_Boyko
Vadim Rabinovich,Category:Ukrainian collaborators with Russia,10971,9,,,2026-08-08T18:38:04Z,https://en.wikipedia.org/wiki/Vadim_Rabinovich
Vadym Boychenko,Category:Siege of Mariupol,2848,5,,,2026-07-21T13:27:10Z,https://en.wikipedia.org/wiki/Vadym_Boychenko
Vadym Filashkin,Category:Pro-Ukrainian people of the Russian invasion of Ukraine,835,2,,,2026-02-23T05:10:43Z,https://en.wikipedia.org/wiki/Vadym_Filashkin
Vadym Khlupianets,Category:Ukrainian military personnel killed during the Battle of Bakhmut,3231,5,,,2025-07-16T22:14:28Z,https://en.wikipedia.org/wiki/Vadym_Khlupianets
Vadzim Kabanchuk,Category:Belarusian involvement in the Russian invasion of Ukraine,4519,5,,,2026-06-20T20:59:54Z,https://en.wikipedia.org/wiki/Vadzim_Kabanchuk
Valentina Ivakhnenko,Category:Ukrainian sportspeople in Russia during the Russo-Ukrainian war,790,1,,,2026-08-12T15:49:42Z,https://en.wikipedia.org/wiki/Valentina_Ivakhnenko
Valentina Matviyenko,Category:People of the 2014 Russian annexation of Crimea,22121,21,,,2026-06-07T21:31:45Z,https://en.wikipedia.org/wiki/Valentina_Matviyenko
Valentina Melnikova,Category:Russian activists against the Russian invasion of Ukraine,2053,1,,,2026-04-11T05:31:57Z,https://en.wikipedia.org/wiki/Valentina_Melnikova
Valentyn Nalyvaichenko,Category:People of the 2014 Russian annexation of Crimea,9029,7,,,2026-09-30T09:23:58Z,https://en.wikipedia.org/wiki/Valentyn_Nalyvaichenko
Valentyn Reznichenko,Category:Pro-Ukrainian people of the Russian invasion of Ukraine,3393,2,,,2026-04-18T17:56:31Z,https://en.wikipedia.org/wiki/Valentyn_Reznichenko
Valeria Aleshicheva,Category:Ukrainian sportspeople in Russia during the Russo-Ukrainian war,250,2,,,2026-09-30T05:53:18Z,https://en.wikipedia.org/wiki/Valeria_Aleshicheva
Valeria Shashenok,Category:Pro-Ukrainian people of the Russian invasion of Ukraine,2219,3,,,2024-10-31T00:57:11Z,https://en.wikipedia.org/wiki/Valeria_Shashenok
Valerii Hliebov,Category:Ukrainian military personnel killed during the Battle of Bakhmut,2016,3,,,2026-05-09T17:56:50Z,https://en.wikipedia.org/wiki/Valerii_Hliebov
Valerii Zaluzhnyi,seed-file:team_DATA_json_titles.txt,14190,12,,,2026-09-24T21:56:50Z,https://en.wikipedia.org/wiki/Valerii_Zaluzhnyi
Valeriy Chybineyev,Category:Ukrainian military personnel killed in the Kyiv offensive,4816,4,,,2026-09-27T18:58:14Z,https://en.wikipedia.org/wiki/Valeriy_Chybineyev
Valeriy Holenko,Category:Ukrainian collaborators with Russia,5960,5,,,2026-09-30T02:07:32Z,https://en.wikipedia.org/wiki/Valeriy_Holenko
Valeriy Horbatov,Category:Ukrainian collaborators with Russia,1054,1,,,2026-04-16T08:48:56Z,https://en.wikipedia.org/wiki/Valeriy_Horbatov
Valeriy Saratov,Category:People of the 2014 Russian annexation of Crimea,2546,3,,,2026-04-18T17:56:57Z,https://en.wikipedia.org/wiki/Valeriy_Saratov
Valery Bolotov,Category:Ukrainian collaborators with Russia,3579,4,,,2026-09-30T06:57:09Z,https://en.wikipedia.org/wiki/Valery_Bolotov
Valery Chekalov,Category:People of the Wagner Group,2820,5,,,2026-05-05T14:41:57Z,https://en.wikipedia.org/wiki/Valery_Chekalov
Valery Gaina,Category:Russian activists against the Russian invasion of Ukraine,1447,1,,,2026-04-12T17:19:00Z,https://en.wikipedia.org/wiki/Valery_Gaina
Valery Gerasimov,Category:People of the 2014 Russian annexation of Crimea,26898,12,,,2026-09-21T18:18:25Z,https://en.wikipedia.org/wiki/Valery_Gerasimov
Vasvi Abduraimov,Category:People of the 2014 Russian annexation of Crimea,685,0,,,2025-12-18T15:24:06Z,https://en.wikipedia.org/wiki/Vasvi_Abduraimov
Vasyl Malyuk,seed-file:team_DATA_json_titles.txt,7931,7,,,2026-09-16T07:18:08Z,https://en.wikipedia.org/wiki/Vasyl_Malyuk
Vasyl Mazur,Category:Ukrainian sportspeople in Russia during the Russo-Ukrainian war,430,2,,,2026-01-19T15:43:39Z,https://en.wikipedia.org/wiki/Vasyl_Mazur
Vasylkiv Air Base,Category:Buildings and structures destroyed during the Russian invasion of Ukraine,1395,2,50.23333333,30.3,2026-08-29T19:17:36Z,https://en.wikipedia.org/wiki/Vasylkiv_Air_Base
Vasylkiv maiolica rooster,Category:Russian invasion of Ukraine in popular culture,2623,5,,,2026-06-27T22:36:07Z,https://en.wikipedia.org/wiki/Vasylkiv_maiolica_rooster
Vatnik,Category:War in Donbas,8186,7,,,2026-09-27T20:41:43Z,https://en.wikipedia.org/wiki/Vatnik
Velyka Novosilka offensive,seed-file:team_DATA_json_titles.txt,14737,14,,,2026-08-22T22:07:24Z,https://en.wikipedia.org/wiki/Velyka_Novosilka_offensive
Vera Djatel,Category:Ukrainian sportspeople in Russia during the Russo-Ukrainian war,3154,5,,,2026-03-30T11:19:16Z,https://en.wikipedia.org/wiki/Vera_Djatel
Verkhovna Rada of Crimea,Category:2014 Russian annexation of Crimea,3090,5,44.95166667,34.09694444,2026-06-20T16:58:46Z,https://en.wikipedia.org/wiki/Verkhovna_Rada_of_Crimea
Veronika Nikulshina,Category:Russian activists against the Russian invasion of Ukraine,3206,9,,,2026-01-19T02:32:49Z,https://en.wikipedia.org/wiki/Veronika_Nikulshina
Versailles declaration,Category:Reactions to the Russian invasion of Ukraine,494,1,,,2025-11-18T15:06:34Z,https://en.wikipedia.org/wiki/Versailles_declaration
Vesna (Russia),Category:Organizations of the Russo-Ukrainian war,11472,4,,,2026-09-09T12:56:26Z,https://en.wikipedia.org/wiki/Vesna_(Russia)
Viacheslav Kravtsov,Category:Ukrainian sportspeople in Russia during the Russo-Ukrainian war,2656,3,,,2026-01-26T17:17:36Z,https://en.wikipedia.org/wiki/Viacheslav_Kravtsov
Viacheslav Radionov,Category:Ukrainian military personnel killed in the Kyiv offensive,1382,2,,,2026-05-11T03:15:47Z,https://en.wikipedia.org/wiki/Viacheslav_Radionov
Viasat hack,Category:Russo-Ukrainian cyberwarfare,2416,3,,,2026-09-17T13:30:21Z,https://en.wikipedia.org/wiki/Viasat_hack
Victoria Amelina,Category:Civilians killed in the Russian invasion of Ukraine,6382,8,,,2026-09-12T01:36:12Z,https://en.wikipedia.org/wiki/Victoria_Amelina
Victoria Roshchyna,Category:War correspondents of the Russo-Ukrainian war,7520,6,,,2026-08-22T01:12:05Z,https://en.wikipedia.org/wiki/Victoria_Roshchyna
Victory Banner,Category:Military symbols used during the Russo-Ukrainian war,7619,9,,,2025-11-04T00:47:40Z,https://en.wikipedia.org/wiki/Victory_Banner
Victory Plan for Ukraine,Category:Russo-Ukrainian war peace process,4423,6,,,2026-09-21T03:25:59Z,https://en.wikipedia.org/wiki/Victory_Plan_for_Ukraine
Vidar Unit (Ukraine),Category:Military units and formations of Ukraine in the Russian invasion of Ukraine,821,3,,,2026-03-21T22:44:32Z,https://en.wikipedia.org/wiki/Vidar_Unit_(Ukraine)
Viktor (2024 film),seed-file:team_DATA_json_titles.txt,777,4,,,2026-08-25T03:41:52Z,https://en.wikipedia.org/wiki/Viktor_(2024_film)
Viktor Bout–Brittney Griner prisoner exchange,Category:Events affected by the Russian invasion of Ukraine,18197,13,,,2026-06-10T18:07:08Z,https://en.wikipedia.org/wiki/Viktor_Bout%E2%80%93Brittney_Griner_prisoner_exchange
Viktor Medvedchuk,Category:Ukrainian collaborators with Russia,33539,17,,,2026-08-21T00:52:15Z,https://en.wikipedia.org/wiki/Viktor_Medvedchuk
Viktor Mykyta,Category:Pro-Ukrainian people of the Russian invasion of Ukraine,6840,8,,,2026-09-12T03:33:34Z,https://en.wikipedia.org/wiki/Viktor_Mykyta
Viktor Pshonka,Category:Ukrainian collaborators with Russia,12133,12,,,2026-06-16T08:27:30Z,https://en.wikipedia.org/wiki/Viktor_Pshonka
Viktor Shenderovich,Category:Russian activists against the Russian invasion of Ukraine,3064,3,,,2026-09-01T13:12:06Z,https://en.wikipedia.org/wiki/Viktor_Shenderovich
Viktor Sokolov (naval officer),seed-file:team_DATA_json_titles.txt,10065,11,,,2026-09-23T13:48:44Z,https://en.wikipedia.org/wiki/Viktor_Sokolov_(naval_officer)
Viktor Suvorov,Category:Russian activists against the Russian invasion of Ukraine,12817,14,,,2026-09-12T12:21:31Z,https://en.wikipedia.org/wiki/Viktor_Suvorov
Viktor Yahun,Category:People of the 2014 Russian annexation of Crimea,4747,3,,,2026-09-30T09:35:57Z,https://en.wikipedia.org/wiki/Viktor_Yahun
Viktor Yanukovych,Category:Ukrainian collaborators with Russia,95950,64,,,2026-09-25T08:44:16Z,https://en.wikipedia.org/wiki/Viktor_Yanukovych
"Viktor Yanukovych (politician, born 1981)",Category:Ukrainian collaborators with Russia,5003,5,,,2026-09-20T03:33:11Z,"https://en.wikipedia.org/wiki/Viktor_Yanukovych_(politician,_born_1981)"
Viktor Zolotov,seed-file:team_DATA_json_titles.txt,6180,6,,,2026-08-21T00:59:39Z,https://en.wikipedia.org/wiki/Viktor_Zolotov
Viktor Zvyahintsev,Category:Ukrainian collaborators with Russia,1071,4,,,2026-07-02T12:51:17Z,https://en.wikipedia.org/wiki/Viktor_Zvyahintsev
Viktoria Kovach,Category:Women in the Russo-Ukrainian war,2128,2,,,2026-07-31T18:26:18Z,https://en.wikipedia.org/wiki/Viktoria_Kovach
Viktoriya Borshchenko,Category:Ukrainian sportspeople in Russia during the Russo-Ukrainian war,196,0,,,2026-01-06T03:27:19Z,https://en.wikipedia.org/wiki/Viktoriya_Borshchenko
Vinnytsia,seed-file:team_DATA_json_titles.txt,36449,36,49.23333333,28.48333333,2026-09-27T05:37:47Z,https://en.wikipedia.org/wiki/Vinnytsia
Vinnytsia Oblast,seed-file:team_DATA_json_titles.txt,18922,15,48.93,28.69,2026-09-09T22:59:47Z,https://en.wikipedia.org/wiki/Vinnytsia_Oblast
Vinnytsia Rifle Battalion (Ukraine),Category:Military units and formations of Ukraine in the Russian invasion of Ukraine,2201,2,,,2025-01-21T15:02:55Z,https://en.wikipedia.org/wiki/Vinnytsia_Rifle_Battalion_(Ukraine)
Vinnytsia strikes (2022–present),Category:War crimes during the Russian invasion of Ukraine,6605,7,49.23962,28.4921,2026-08-22T01:12:01Z,https://en.wikipedia.org/wiki/Vinnytsia_strikes_(2022%E2%80%93present)
Violations of non-combatant airspace during the Russo-Ukrainian war (2022–present),Category:Spillover of the Russian invasion of Ukraine,3467,2,,,2026-09-24T07:43:01Z,https://en.wikipedia.org/wiki/Violations_of_non-combatant_airspace_during_the_Russo-Ukrainian_war_(2022%E2%80%93present)
Vira Hyrych,Category:Civilians killed in the Russian invasion of Ukraine,912,3,,,2026-05-11T02:30:29Z,https://en.wikipedia.org/wiki/Vira_Hyrych
Visegrád 24,Category:Disinformation in the Russian invasion of Ukraine,13344,13,,,2026-09-22T06:42:17Z,https://en.wikipedia.org/wiki/Visegr%C3%A1d_24
Visuals (project),Category:Russo-Ukrainian cyberwarfare,1168,4,,,2026-09-22T06:42:23Z,https://en.wikipedia.org/wiki/Visuals_(project)
Vitali Klitschko,Category:Pro-Ukrainian people of the Russian invasion of Ukraine,44787,26,,,2026-09-08T09:03:21Z,https://en.wikipedia.org/wiki/Vitali_Klitschko
Vitalii Kim,Category:Pro-Ukrainian people of the Russian invasion of Ukraine,2536,4,,,2026-09-11T10:27:15Z,https://en.wikipedia.org/wiki/Vitalii_Kim
Vitaliy Balashov,Category:Ukrainian sportspeople in Russia during the Russo-Ukrainian war,868,2,,,2026-07-03T08:45:52Z,https://en.wikipedia.org/wiki/Vitaliy_Balashov
Vitaliy Bunechko,Category:Pro-Ukrainian people of the Russian invasion of Ukraine,779,3,,,2026-04-13T15:52:16Z,https://en.wikipedia.org/wiki/Vitaliy_Bunechko
Vitaliy Fedoriv (footballer),Category:Ukrainian sportspeople in Russia during the Russo-Ukrainian war,693,3,,,2026-06-04T16:47:47Z,https://en.wikipedia.org/wiki/Vitaliy_Fedoriv_(footballer)
Vitaliy Fedotov,Category:Ukrainian sportspeople in Russia during the Russo-Ukrainian war,529,3,,,2026-05-30T20:34:57Z,https://en.wikipedia.org/wiki/Vitaliy_Fedotov
Vitaliy Koltsov,Category:Ukrainian sportspeople in Russia during the Russo-Ukrainian war,410,2,,,2026-07-05T13:31:55Z,https://en.wikipedia.org/wiki/Vitaliy_Koltsov
Vitaliy Komarnytskyi (politician),Category:Pro-Ukrainian people of the Russian invasion of Ukraine,2622,3,,,2026-08-09T07:59:13Z,https://en.wikipedia.org/wiki/Vitaliy_Komarnytskyi_(politician)
Vitaliy Koval,Category:Pro-Ukrainian people of the Russian invasion of Ukraine,2116,2,,,2026-07-16T21:24:21Z,https://en.wikipedia.org/wiki/Vitaliy_Koval
Vitaliy Pryndeta,Category:Ukrainian sportspeople in Russia during the Russo-Ukrainian war,741,4,,,2025-11-04T14:33:41Z,https://en.wikipedia.org/wiki/Vitaliy_Pryndeta
Vitaliy Vitsenets,Category:Ukrainian sportspeople in Russia during the Russo-Ukrainian war,1269,2,,,2026-02-24T16:01:03Z,https://en.wikipedia.org/wiki/Vitaliy_Vitsenets
Vitaliy Yermakov,Category:Ukrainian sportspeople in Russia during the Russo-Ukrainian war,1563,7,,,2026-07-08T23:56:16Z,https://en.wikipedia.org/wiki/Vitaliy_Yermakov
Vitaly Churkin,Category:People of the 2014 Russian annexation of Crimea,10277,11,,,2026-09-04T12:40:47Z,https://en.wikipedia.org/wiki/Vitaly_Churkin
Vitaly Derekh,Category:Ukrainian military personnel killed during the Battle of Bakhmut,2889,4,,,2026-05-11T02:26:28Z,https://en.wikipedia.org/wiki/Vitaly_Derekh
Vitaly Ganchev,Category:Ukrainian collaborators with Russia,3284,5,,,2026-09-30T07:06:13Z,https://en.wikipedia.org/wiki/Vitaly_Ganchev
Vitaly Gerasimov,Category:People of the 2014 Russian annexation of Crimea,2663,4,,,2026-05-30T16:28:25Z,https://en.wikipedia.org/wiki/Vitaly_Gerasimov
Vitaly Ignatiev,Category:Ukrainian collaborators with Russia,2922,1,,,2026-07-29T20:58:00Z,https://en.wikipedia.org/wiki/Vitaly_Ignatiev
Vitaly Merinov,Category:Ukrainian military personnel killed during the Battle of Bakhmut,894,4,,,2026-07-11T00:50:00Z,https://en.wikipedia.org/wiki/Vitaly_Merinov
Vitaly Orlov (rugby union),Category:Ukrainian sportspeople in Russia during the Russo-Ukrainian war,645,1,,,2026-06-25T16:56:55Z,https://en.wikipedia.org/wiki/Vitaly_Orlov_(rugby_union)
Vitsche (organization),Category:Russo-Ukrainian war (2022–present),4031,4,,,2026-04-16T04:28:46Z,https://en.wikipedia.org/wiki/Vitsche_(organization)
Vjekoslav Prebeg,Category:Siege of Mariupol,4388,5,,,2026-05-03T18:25:56Z,https://en.wikipedia.org/wiki/Vjekoslav_Prebeg
Vkusno i Tochka,Category:Reactions to the Russian invasion of Ukraine,10335,10,,,2026-09-20T20:14:05Z,https://en.wikipedia.org/wiki/Vkusno_i_Tochka
Vladimir Bidyovka,Category:Ukrainian collaborators with Russia,1521,2,,,2026-09-30T05:17:31Z,https://en.wikipedia.org/wiki/Vladimir_Bidyovka
Vladimir Degtyarenko,Category:Ukrainian collaborators with Russia,1847,2,,,2026-09-30T07:01:23Z,https://en.wikipedia.org/wiki/Vladimir_Degtyarenko
Vladimir Kara-Murza,Category:Russian activists against the Russian invasion of Ukraine,32063,18,,,2026-07-02T10:06:48Z,https://en.wikipedia.org/wiki/Vladimir_Kara-Murza
Vladimir Kononov (Donetsk People's Republic),Category:Ukrainian collaborators with Russia,1726,2,,,2026-09-30T07:16:32Z,https://en.wikipedia.org/wiki/Vladimir_Kononov_(Donetsk_People%27s_Republic)
Vladimir Konstantinov (politician),Category:People of the 2014 Russian annexation of Crimea,2488,3,,,2026-08-28T01:18:50Z,https://en.wikipedia.org/wiki/Vladimir_Konstantinov_(politician)
Vladimir Makovych,Category:People of the 2014 pro-Russian unrest in Ukraine,2737,1,,,2026-07-10T16:37:44Z,https://en.wikipedia.org/wiki/Vladimir_Makovych
Vladimir Osechkin,Category:Russian activists against the Russian invasion of Ukraine,1782,2,,,2026-09-01T05:23:40Z,https://en.wikipedia.org/wiki/Vladimir_Osechkin
Vladimir Ovchinnikov (graffiti artist),Category:Russian activists against the Russian invasion of Ukraine,5658,6,,,2026-09-01T05:31:58Z,https://en.wikipedia.org/wiki/Vladimir_Ovchinnikov_(graffiti_artist)
Vladimir Putin,Category:People of the 2014 Russian annexation of Crimea,82260,38,,,2026-09-27T13:01:08Z,https://en.wikipedia.org/wiki/Vladimir_Putin
Vladimir Putin 2024 presidential campaign,Category:Events affected by the Russian invasion of Ukraine,15320,26,,,2026-01-19T09:11:03Z,https://en.wikipedia.org/wiki/Vladimir_Putin_2024_presidential_campaign
Vladimir Putin speech on invading Ukraine,Category:Prelude to the Russian invasion of Ukraine,17767,15,,,2026-09-30T01:47:45Z,https://en.wikipedia.org/wiki/Vladimir_Putin_speech_on_invading_Ukraine
Vladimir Putin speech on recognising the Donetsk and Luhansk people's republics,Category:Prelude to the Russian invasion of Ukraine,8843,6,,,2026-07-06T12:26:13Z,https://en.wikipedia.org/wiki/Vladimir_Putin_speech_on_recognising_the_Donetsk_and_Luhansk_people%27s_republics
Vladimir Putin's meeting table,Category:Internet memes related to the Russian invasion of Ukraine,3496,3,,,2026-01-01T07:43:14Z,https://en.wikipedia.org/wiki/Vladimir_Putin%27s_meeting_table
Vladimir Saldo,seed-file:team_DATA_json_titles.txt,12145,14,,,2026-07-14T01:53:04Z,https://en.wikipedia.org/wiki/Vladimir_Saldo
Vladimir Selivyorstov,Category:People of the 2014 Russian annexation of Crimea,3537,5,,,2026-09-03T02:38:29Z,https://en.wikipedia.org/wiki/Vladimir_Selivyorstov
Vladimir Zhoga,Category:Ukrainian collaborators with Russia,4827,3,,,2026-09-30T08:57:51Z,https://en.wikipedia.org/wiki/Vladimir_Zhoga
Vladis-Emmerson Illoy-Ayyet,Category:Ukrainian sportspeople in Russia during the Russo-Ukrainian war,1569,6,,,2026-07-08T15:16:09Z,https://en.wikipedia.org/wiki/Vladis-Emmerson_Illoy-Ayyet
Vladislav Ryazantsev,Category:Russian activists against the Russian invasion of Ukraine,5017,9,,,2026-05-24T13:30:46Z,https://en.wikipedia.org/wiki/Vladislav_Ryazantsev
Vladislav Surkov,Category:People of the 2014 Russian annexation of Crimea,19053,16,,,2026-08-23T07:16:42Z,https://en.wikipedia.org/wiki/Vladislav_Surkov
Vladivostok State University of Economics and Service,Category:Sanctions and boycotts during the Russo-Ukrainian war,2744,6,43.1256,131.905,2026-04-02T13:40:40Z,https://en.wikipedia.org/wiki/Vladivostok_State_University_of_Economics_and_Service
Vladyslav Didenko,Category:Ukrainian sportspeople in Russia during the Russo-Ukrainian war,785,3,,,2025-11-04T01:11:56Z,https://en.wikipedia.org/wiki/Vladyslav_Didenko
Vladyslav Gorai,Category:Civilians killed in the Russian invasion of Ukraine,4586,4,,,2026-06-05T09:28:48Z,https://en.wikipedia.org/wiki/Vladyslav_Gorai
Vladyslav Heraskevych,Category:Pro-Ukrainian people of the Russian invasion of Ukraine,7251,6,,,2026-09-28T16:07:59Z,https://en.wikipedia.org/wiki/Vladyslav_Heraskevych
Vladyslav Prudius,Category:Ukrainian sportspeople in Russia during the Russo-Ukrainian war,486,2,,,2025-11-04T01:14:39Z,https://en.wikipedia.org/wiki/Vladyslav_Prudius
Volga 149.200,Category:Russo-Ukrainian war (2022–present),1527,1,,,2026-06-23T09:44:35Z,https://en.wikipedia.org/wiki/Volga_149.200
Volnovakha,Category:Populated places destroyed during the Russian invasion of Ukraine,8876,9,47.60222222,37.49194444,2026-09-27T05:54:15Z,https://en.wikipedia.org/wiki/Volnovakha
Volnovakha bus attack,Category:War crimes in the Russo-Ukrainian war,9313,5,47.61261111,37.52930556,2026-08-06T10:04:00Z,https://en.wikipedia.org/wiki/Volnovakha_bus_attack
Volnovakha massacre,Category:Genocide and the Russian invasion of Ukraine,2421,3,,,2026-09-05T00:31:31Z,https://en.wikipedia.org/wiki/Volnovakha_massacre
Volodymyr Artiukh,Category:Pro-Ukrainian people of the Russian invasion of Ukraine,1919,1,,,2026-09-25T19:09:47Z,https://en.wikipedia.org/wiki/Volodymyr_Artiukh
Volodymyr Balukh,Category:People of the 2014 Russian annexation of Crimea,3225,4,,,2026-05-09T04:26:27Z,https://en.wikipedia.org/wiki/Volodymyr_Balukh
Volodymyr Baraniuk,Category:Siege of Mariupol,2792,2,,,2026-05-05T16:17:23Z,https://en.wikipedia.org/wiki/Volodymyr_Baraniuk
Volodymyr Dudka,Category:Torture in the Russo-Ukrainian war,4485,3,,,2026-03-25T15:12:27Z,https://en.wikipedia.org/wiki/Volodymyr_Dudka
Volodymyr Hrachov,Category:Ukrainian sportspeople in Russia during the Russo-Ukrainian war,553,2,,,2026-06-06T08:52:34Z,https://en.wikipedia.org/wiki/Volodymyr_Hrachov
Volodymyr Korobka,Category:Ukrainian sportspeople in Russia during the Russo-Ukrainian war,424,2,,,2025-11-04T01:13:12Z,https://en.wikipedia.org/wiki/Volodymyr_Korobka
Volodymyr Kulayev,Category:Ukrainian sportspeople in Russia during the Russo-Ukrainian war,512,1,,,2026-09-30T05:53:12Z,https://en.wikipedia.org/wiki/Volodymyr_Kulayev
Volodymyr Leontiev,Category:Ukrainian collaborators with Russia,2189,2,,,2025-11-02T03:07:53Z,https://en.wikipedia.org/wiki/Volodymyr_Leontiev
Volodymyr Oliinyk,Category:Ukrainian collaborators with Russia,4772,4,,,2026-07-05T20:09:59Z,https://en.wikipedia.org/wiki/Volodymyr_Oliinyk
Volodymyr Romanenko,Category:Ukrainian sportspeople in Russia during the Russo-Ukrainian war,314,1,,,2026-05-30T13:56:17Z,https://en.wikipedia.org/wiki/Volodymyr_Romanenko
"Volodymyr Rybak (politician, born 1971)",Category:People of the 2014 pro-Russian unrest in Ukraine,2871,4,,,2026-09-30T09:27:27Z,"https://en.wikipedia.org/wiki/Volodymyr_Rybak_(politician,_born_1971)"
Volodymyr Savchenko (footballer),Category:Ukrainian sportspeople in Russia during the Russo-Ukrainian war,796,3,,,2026-05-26T15:53:31Z,https://en.wikipedia.org/wiki/Volodymyr_Savchenko_(footballer)
Volodymyr Struk,Category:Civilians killed in the Russian invasion of Ukraine,3432,3,,,2026-04-13T23:05:27Z,https://en.wikipedia.org/wiki/Volodymyr_Struk
Volodymyr Trush,Category:Pro-Ukrainian people of the Russian invasion of Ukraine,1569,1,,,2026-04-13T23:05:37Z,https://en.wikipedia.org/wiki/Volodymyr_Trush
Volodymyr Tsytkin,Category:Ukrainian sportspeople in Russia during the Russo-Ukrainian war,451,2,,,2025-11-04T01:15:29Z,https://en.wikipedia.org/wiki/Volodymyr_Tsytkin
Volodymyr Vakulenko,Category:Civilians killed in the Russian invasion of Ukraine,5409,7,,,2026-05-20T11:20:45Z,https://en.wikipedia.org/wiki/Volodymyr_Vakulenko
Volodymyr Yezhov,Category:Ukrainian military personnel killed during the Battle of Bakhmut,1495,2,,,2026-08-29T02:14:33Z,https://en.wikipedia.org/wiki/Volodymyr_Yezhov
Volodymyr Zelenskyy,Category:Pro-Ukrainian people of the Russian invasion of Ukraine,81334,35,,,2026-09-27T07:57:38Z,https://en.wikipedia.org/wiki/Volodymyr_Zelenskyy
Volodymyr Zhemchuhov,Category:Torture in the Russo-Ukrainian war,1312,1,,,2026-05-09T04:26:48Z,https://en.wikipedia.org/wiki/Volodymyr_Zhemchuhov
Volos Declaration,Category:Russo-Ukrainian war,4450,5,,,2026-07-24T22:06:54Z,https://en.wikipedia.org/wiki/Volos_Declaration
Volyn Oblast,Category:Oblasts of Ukraine,7062,10,50.74138889,25.35388889,2026-09-07T02:23:13Z,https://en.wikipedia.org/wiki/Volyn_Oblast
Voronezh State Pedagogical University,Category:Sanctions and boycotts during the Russo-Ukrainian war,748,2,51.6866,39.2165,2026-09-01T17:51:44Z,https://en.wikipedia.org/wiki/Voronezh_State_Pedagogical_University
Vorontsov Palace (Odesa),Category:Buildings and structures destroyed during the Russian invasion of Ukraine,1638,1,46.49014,30.73882,2026-07-17T21:40:51Z,https://en.wikipedia.org/wiki/Vorontsov_Palace_(Odesa)
Vovchansk,Category:Populated places destroyed during the Russian invasion of Ukraine,7500,7,50.28777778,36.94277778,2026-09-27T05:57:54Z,https://en.wikipedia.org/wiki/Vovchansk
Vuhledar,Category:Populated places destroyed during the Russian invasion of Ukraine,5169,9,47.77916667,37.24833333,2026-09-27T06:05:54Z,https://en.wikipedia.org/wiki/Vuhledar
Vuhlehirska Power Station,Category:Buildings and structures destroyed during the Russian invasion of Ukraine,1465,2,48.46444444,38.19805556,2026-09-14T20:35:33Z,https://en.wikipedia.org/wiki/Vuhlehirska_Power_Station
Vulkan files leak,Category:Russo-Ukrainian war,9793,8,,,2026-09-13T13:30:33Z,https://en.wikipedia.org/wiki/Vulkan_files_leak
Vyacheslav Chaus,Category:Pro-Ukrainian people of the Russian invasion of Ukraine,1276,1,,,2026-09-26T18:41:39Z,https://en.wikipedia.org/wiki/Vyacheslav_Chaus
Vyacheslav Gladkov,seed-file:team_DATA_json_titles.txt,7378,7,,,2026-09-27T16:39:58Z,https://en.wikipedia.org/wiki/Vyacheslav_Gladkov
Vyacheslav Ponomarev (public figure),Category:Ukrainian collaborators with Russia,4244,5,,,2026-09-30T07:36:20Z,https://en.wikipedia.org/wiki/Vyacheslav_Ponomarev_(public_figure)
Vyacheslav Volodin,seed-file:team_DATA_json_titles.txt,20711,14,,,2026-08-21T09:31:16Z,https://en.wikipedia.org/wiki/Vyacheslav_Volodin
Vyvozhuk,Category:Organizations of the Russo-Ukrainian war,614,1,,,2026-05-17T01:01:01Z,https://en.wikipedia.org/wiki/Vyvozhuk
Wagner Group,Category:Military units and formations of Russia in the Russian invasion of Ukraine,73416,36,,,2026-09-04T21:33:37Z,https://en.wikipedia.org/wiki/Wagner_Group
Wagner Group activities in Africa,Category:Spillover of the Russian invasion of Ukraine,38683,12,,,2026-09-12T19:17:58Z,https://en.wikipedia.org/wiki/Wagner_Group_activities_in_Africa
Wagner Group activities in Libya,Category:Wagner Group activities by country,14828,7,,,2026-09-12T19:18:09Z,https://en.wikipedia.org/wiki/Wagner_Group_activities_in_Libya
Wagner Group activities in Ukraine,Category:Military operations of the Russian invasion of Ukraine,21219,12,,,2026-09-03T15:37:32Z,https://en.wikipedia.org/wiki/Wagner_Group_activities_in_Ukraine
Wagner Group rebellion,Category:Spillover of the Russian invasion of Ukraine,54277,27,,,2026-09-02T11:36:46Z,https://en.wikipedia.org/wiki/Wagner_Group_rebellion
Wagner Group–Russian Ministry of Defence conflict,Category:Spillover of the Russian invasion of Ukraine,29278,11,,,2026-09-01T22:40:59Z,https://en.wikipedia.org/wiki/Wagner_Group%E2%80%93Russian_Ministry_of_Defence_conflict
Wagnergate,Category:Russo-Ukrainian war,1836,3,,,2026-03-03T13:59:44Z,https://en.wikipedia.org/wiki/Wagnergate
Walk of the Brave,Category:Russian invasion of Ukraine in popular culture,3694,10,50.44766667,30.53844444,2026-05-03T04:04:09Z,https://en.wikipedia.org/wiki/Walk_of_the_Brave
Wandel durch Handel,Category:Reactions to the Russo-Ukrainian war,10158,4,,,2026-07-18T19:28:03Z,https://en.wikipedia.org/wiki/Wandel_durch_Handel
War Fragments Museum,Category:Russo-Ukrainian war (2022–present),1182,2,,,2026-08-30T17:26:18Z,https://en.wikipedia.org/wiki/War_Fragments_Museum
War crimes in the Russo-Ukrainian war (2022–present),Category:War crimes during the Russian invasion of Ukraine,105790,65,,,2026-09-24T10:32:43Z,https://en.wikipedia.org/wiki/War_crimes_in_the_Russo-Ukrainian_war_(2022%E2%80%93present)
War in 140 Characters,Category:Works about the Russo-Ukrainian war,1638,2,,,2026-07-06T08:30:53Z,https://en.wikipedia.org/wiki/War_in_140_Characters
War in Donbas,seed,126883,45,,,2026-08-22T22:10:13Z,https://en.wikipedia.org/wiki/War_in_Donbas
War on Fakes,Category:Propaganda in Russia related to the Russian invasion of Ukraine,2106,3,,,2026-09-22T06:43:32Z,https://en.wikipedia.org/wiki/War_on_Fakes
Wayback Machine,seed-file:team_DATA_json_titles.txt,24906,20,,,2026-09-28T09:00:00Z,https://en.wikipedia.org/wiki/Wayback_Machine
We Are Together with Russia,Category:Ukrainian collaboration with Russia,3386,2,,,2026-05-20T11:08:19Z,https://en.wikipedia.org/wiki/We_Are_Together_with_Russia
We Are Together. Sports,Category:Reactions to the Russian invasion of Ukraine,1014,5,,,2026-05-19T03:42:38Z,https://en.wikipedia.org/wiki/We_Are_Together._Sports
Weimar+,Category:Reactions to the Russian invasion of Ukraine,7186,3,,,2026-06-25T13:29:13Z,https://en.wikipedia.org/wiki/Weimar%2B
Westsplaining,Category:Propaganda in Russia related to the Russian invasion of Ukraine,6038,4,,,2026-08-05T15:22:20Z,https://en.wikipedia.org/wiki/Westsplaining
What Russia Should Do with Ukraine,Category:Genocide and the Russian invasion of Ukraine,9940,9,,,2026-08-22T01:11:19Z,https://en.wikipedia.org/wiki/What_Russia_Should_Do_with_Ukraine
Where have you been for eight years?,Category:Russo-Ukrainian war,5221,8,,,2026-08-27T01:51:38Z,https://en.wikipedia.org/wiki/Where_have_you_been_for_eight_years%3F
Whisky War,seed-file:team_DATA_json_titles.txt,10693,6,80.82638889,-66.45833333,2026-09-19T01:03:08Z,https://en.wikipedia.org/wiki/Whisky_War
White Tights,Category:War in Donbas,4180,5,,,2026-08-08T00:18:31Z,https://en.wikipedia.org/wiki/White_Tights
White-blue-white flag,seed-file:team_DATA_json_titles.txt,8227,8,,,2026-09-20T21:05:20Z,https://en.wikipedia.org/wiki/White-blue-white_flag
Wikipedia and the Russo-Ukrainian war,Category:Russo-Ukrainian war (2022–present),6908,4,,,2026-06-30T21:27:59Z,https://en.wikipedia.org/wiki/Wikipedia_and_the_Russo-Ukrainian_war
Wildberries,Category:Sanctions and boycotts during the Russo-Ukrainian war,7503,5,,,2026-09-24T07:21:38Z,https://en.wikipedia.org/wiki/Wildberries
Wilmer Puello-Mota,Category:Foreign volunteers in the Russian invasion of Ukraine,7492,5,,,2026-09-07T06:15:13Z,https://en.wikipedia.org/wiki/Wilmer_Puello-Mota
Wimbledon ban on Russian and Belarusian players,Category:Reactions to the Russian invasion of Ukraine,7256,4,,,2026-06-06T14:04:57Z,https://en.wikipedia.org/wiki/Wimbledon_ban_on_Russian_and_Belarusian_players
Wladimir Klitschko,Category:Pro-Ukrainian people of the Russian invasion of Ukraine,83246,28,,,2026-09-29T06:46:23Z,https://en.wikipedia.org/wiki/Wladimir_Klitschko
Women in the Russian invasion of Ukraine,Category:Women in the Russian invasion of Ukraine,26077,17,,,2026-09-29T13:25:52Z,https://en.wikipedia.org/wiki/Women_in_the_Russian_invasion_of_Ukraine
Women in the war in Donbas,Category:People of the war in Donbas,14039,10,,,2026-04-19T17:34:57Z,https://en.wikipedia.org/wiki/Women_in_the_war_in_Donbas
XI Corps (North Korea),Category:Military units and formations of the Russian invasion of Ukraine,1656,4,,,2026-08-18T16:39:50Z,https://en.wikipedia.org/wiki/XI_Corps_(North_Korea)
Ya russkiy,Category:Propaganda in Russia related to the Russian invasion of Ukraine,5946,5,,,2026-08-30T06:50:59Z,https://en.wikipedia.org/wiki/Ya_russkiy
Yachts impacted by international sanctions following the Russian invasion of Ukraine,Category:Reactions to the Russian invasion of Ukraine,798,3,,,2026-07-22T00:33:46Z,https://en.wikipedia.org/wiki/Yachts_impacted_by_international_sanctions_following_the_Russian_invasion_of_Ukraine
Yale CELI List of Companies,seed-file:team_DATA_json_titles.txt,2600,6,,,2025-07-31T06:26:01Z,https://en.wikipedia.org/wiki/Yale_CELI_List_of_Companies
Yan Dobronosov,Category:War correspondents of the Russo-Ukrainian war,3436,6,,,2026-03-12T04:31:33Z,https://en.wikipedia.org/wiki/Yan_Dobronosov
Yan Petrovsky,Category:People of the Wagner Group,7875,3,,,2026-08-31T12:39:40Z,https://en.wikipedia.org/wiki/Yan_Petrovsky
Yan Rachinsky,Category:Russian activists against the Russian invasion of Ukraine,4906,8,,,2026-02-15T18:50:55Z,https://en.wikipedia.org/wiki/Yan_Rachinsky
Yana Rykhlitska,Category:Ukrainian military personnel killed during the Battle of Bakhmut,1291,2,,,2026-04-23T01:03:19Z,https://en.wikipedia.org/wiki/Yana_Rykhlitska
Yaroslav Hodzyur,Category:Ukrainian sportspeople in Russia during the Russo-Ukrainian war,787,3,,,2025-11-04T01:12:24Z,https://en.wikipedia.org/wiki/Yaroslav_Hodzyur
Yaroslav Hunka scandal,Category:Events affected by the Russian invasion of Ukraine,16021,10,,,2026-09-02T12:52:33Z,https://en.wikipedia.org/wiki/Yaroslav_Hunka_scandal
Yaroslav Rakitskyi,Category:Ukrainian sportspeople in Russia during the Russo-Ukrainian war,7946,15,,,2026-09-01T05:46:40Z,https://en.wikipedia.org/wiki/Yaroslav_Rakitskyi
Yaroslav Yeremenko,Category:Torture in the Russo-Ukrainian war,5530,4,,,2026-01-17T22:04:39Z,https://en.wikipedia.org/wiki/Yaroslav_Yeremenko
Yavoriv,seed-file:team_DATA_json_titles.txt,4553,7,49.94694444,23.39305556,2026-04-01T22:33:40Z,https://en.wikipedia.org/wiki/Yavoriv
Yavoriv military base attack,seed-file:team_DATA_json_titles.txt,2304,1,50.00555556,23.50027778,2026-08-22T22:19:01Z,https://en.wikipedia.org/wiki/Yavoriv_military_base_attack
Yefim Fiks,Category:Ukrainian collaborators with Russia,3024,3,,,2026-04-14T01:37:36Z,https://en.wikipedia.org/wiki/Yefim_Fiks
Yekaterina Altabayeva,Category:Ukrainian collaborators with Russia,2640,3,,,2026-09-06T08:21:46Z,https://en.wikipedia.org/wiki/Yekaterina_Altabayeva
Yekaterina Duntsova,Category:Russian activists against the Russian invasion of Ukraine,4978,7,,,2026-04-14T01:38:47Z,https://en.wikipedia.org/wiki/Yekaterina_Duntsova
Yekaterina Samutsevich,Category:Russian activists against the Russian invasion of Ukraine,2367,4,,,2025-11-04T01:16:13Z,https://en.wikipedia.org/wiki/Yekaterina_Samutsevich
Yelabuga drone factory,Category:Russo-Ukrainian war,12452,8,55.82144444,52.04822222,2026-09-29T17:28:31Z,https://en.wikipedia.org/wiki/Yelabuga_drone_factory
Yelena Grigoryeva,Category:People of the 2014 Russian annexation of Crimea,3420,2,,,2026-07-10T13:40:35Z,https://en.wikipedia.org/wiki/Yelena_Grigoryeva
Yelena Mizulina,Category:People of the 2014 Russian annexation of Crimea,20796,15,,,2026-07-18T19:54:25Z,https://en.wikipedia.org/wiki/Yelena_Mizulina
Yelena Osipova (Russian activist),Category:Russian activists against the Russian invasion of Ukraine,7053,4,,,2026-09-10T17:57:00Z,https://en.wikipedia.org/wiki/Yelena_Osipova_(Russian_activist)
Yellow Ribbon (movement),Category:Russian occupation of Ukraine,10546,7,,,2026-06-23T00:06:24Z,https://en.wikipedia.org/wiki/Yellow_Ribbon_(movement)
Yelyzaveta Bohutska,Category:People of the 2014 Russian annexation of Crimea,3153,4,,,2026-09-28T12:12:33Z,https://en.wikipedia.org/wiki/Yelyzaveta_Bohutska
Yelyzaveta Servatynska,Category:War correspondents of the Russo-Ukrainian war,1484,2,,,2025-11-04T01:18:05Z,https://en.wikipedia.org/wiki/Yelyzaveta_Servatynska
Yermak-McFaul Expert Group on Russian Sanctions,Category:Russo-Ukrainian war,9296,5,,,2025-12-01T02:25:23Z,https://en.wikipedia.org/wiki/Yermak-McFaul_Expert_Group_on_Russian_Sanctions
Yevgeniya Chirikova,Category:Russian activists against the Russian invasion of Ukraine,2491,5,,,2026-09-30T18:22:26Z,https://en.wikipedia.org/wiki/Yevgeniya_Chirikova
Yevgeny Balitsky,seed-file:team_DATA_json_titles.txt,8587,9,,,2026-09-30T06:49:29Z,https://en.wikipedia.org/wiki/Yevgeny_Balitsky
Yevgeny Poddubny,Category:War correspondents of the Russo-Ukrainian war,7049,9,,,2026-09-01T07:24:36Z,https://en.wikipedia.org/wiki/Yevgeny_Poddubny
Yevgeny Prigozhin,seed-file:team_DATA_json_titles.txt,41784,20,,,2026-08-28T20:38:58Z,https://en.wikipedia.org/wiki/Yevgeny_Prigozhin
Yevhen Hulevych,Category:Ukrainian military personnel killed during the Battle of Bakhmut,2791,5,,,2026-08-31T15:12:05Z,https://en.wikipedia.org/wiki/Yevhen_Hulevych
Yevhen Moisiuk,seed-file:team_DATA_json_titles.txt,2657,6,,,2026-09-15T18:09:11Z,https://en.wikipedia.org/wiki/Yevhen_Moisiuk
Yevhen Odyntsov,Category:Ukrainian sportspeople in Russia during the Russo-Ukrainian war,490,1,,,2025-11-04T01:14:06Z,https://en.wikipedia.org/wiki/Yevhen_Odyntsov
Yevhen Pavlov,Category:Ukrainian sportspeople in Russia during the Russo-Ukrainian war,1854,4,,,2026-09-24T22:53:09Z,https://en.wikipedia.org/wiki/Yevhen_Pavlov
Yevhen Seleznyov,Category:Ukrainian sportspeople in Russia during the Russo-Ukrainian war,6148,13,,,2026-07-20T08:51:10Z,https://en.wikipedia.org/wiki/Yevhen_Seleznyov
Yevhen Yenin,Category:Civilians killed in the Russian invasion of Ukraine,3215,6,,,2026-09-02T16:06:23Z,https://en.wikipedia.org/wiki/Yevhen_Yenin
Yevhen Zhuk,Category:Ukrainian sportspeople in Russia during the Russo-Ukrainian war,212,0,,,2025-11-04T01:16:00Z,https://en.wikipedia.org/wiki/Yevhen_Zhuk
Yevhen Zhylin,Category:Ukrainian collaborators with Russia,4284,4,,,2026-09-10T14:38:17Z,https://en.wikipedia.org/wiki/Yevhen_Zhylin
Yevhen Zubeyko,Category:Ukrainian sportspeople in Russia during the Russo-Ukrainian war,397,1,,,2025-11-04T01:16:09Z,https://en.wikipedia.org/wiki/Yevhen_Zubeyko
Yi (Cyrillic),Category:Ukrainian resistance during the Russian invasion of Ukraine,2195,3,,,2026-08-09T09:59:46Z,https://en.wikipedia.org/wiki/Yi_(Cyrillic)
Yulia Galyamina,Category:Russian activists against the Russian invasion of Ukraine,1137,2,,,2026-08-31T09:51:48Z,https://en.wikipedia.org/wiki/Yulia_Galyamina
Yulia Kornievets,Category:Ukrainian sportspeople in Russia during the Russo-Ukrainian war,408,1,,,2025-11-04T01:13:10Z,https://en.wikipedia.org/wiki/Yulia_Kornievets
Yulia Navalnaya,Category:Russian activists against the Russian invasion of Ukraine,10969,7,,,2026-09-24T05:54:36Z,https://en.wikipedia.org/wiki/Yulia_Navalnaya
Yulia Svyrydenko,seed-file:team_DATA_json_titles.txt,5520,9,,,2026-09-09T04:34:33Z,https://en.wikipedia.org/wiki/Yulia_Svyrydenko
Yuliia Paievska,Category:War crimes during the Russian invasion of Ukraine,9446,9,,,2026-09-30T19:40:47Z,https://en.wikipedia.org/wiki/Yuliia_Paievska
Yuliy Mamchur,Category:People of the 2014 Russian annexation of Crimea,4661,6,,,2026-04-24T11:49:30Z,https://en.wikipedia.org/wiki/Yuliy_Mamchur
Yuliya Andriychuk,Category:Ukrainian sportspeople in Russia during the Russo-Ukrainian war,847,1,,,2026-08-25T15:47:55Z,https://en.wikipedia.org/wiki/Yuliya_Andriychuk
Yuly Rybakov,Category:Russian activists against the Russian invasion of Ukraine,4366,5,,,2026-07-30T10:02:32Z,https://en.wikipedia.org/wiki/Yuly_Rybakov
Yuri Shevchuk,Category:Russian activists against the Russian invasion of Ukraine,7135,3,,,2026-08-21T00:53:08Z,https://en.wikipedia.org/wiki/Yuri_Shevchuk
Yurii Kerpatenko,Category:Civilians killed in the Russian invasion of Ukraine,2631,4,,,2026-08-31T18:12:58Z,https://en.wikipedia.org/wiki/Yurii_Kerpatenko
Yurii Lubkovych,Category:Civilians killed in the Russian invasion of Ukraine,1248,2,,,2026-08-31T22:35:34Z,https://en.wikipedia.org/wiki/Yurii_Lubkovych
Yuriy Barbashov,Category:Ukrainian collaborators with Russia,2004,4,,,2026-03-07T03:16:02Z,https://en.wikipedia.org/wiki/Yuriy_Barbashov
Yuriy Dehteryov,Category:Ukrainian collaborators with Russia,1466,3,,,2026-09-30T07:02:06Z,https://en.wikipedia.org/wiki/Yuriy_Dehteryov
Yuriy Kalitvintsev,Category:Ukrainian sportspeople in Russia during the Russo-Ukrainian war,3994,7,,,2025-12-04T13:47:31Z,https://en.wikipedia.org/wiki/Yuriy_Kalitvintsev
Yuriy Maksymov,Category:Ukrainian sportspeople in Russia during the Russo-Ukrainian war,2347,10,,,2026-09-23T13:16:17Z,https://en.wikipedia.org/wiki/Yuriy_Maksymov
Yuriy Odarchenko,Category:People of the 2014 Russian annexation of Crimea,1429,2,,,2026-04-18T19:09:47Z,https://en.wikipedia.org/wiki/Yuriy_Odarchenko
Yuriy Pohulyaiko,Category:Pro-Ukrainian people of the Russian invasion of Ukraine,1946,5,,,2026-07-28T00:30:16Z,https://en.wikipedia.org/wiki/Yuriy_Pohulyaiko
Yuriy Prylypko,Category:Civilians killed in the Russian invasion of Ukraine,1584,1,,,2026-09-10T14:15:26Z,https://en.wikipedia.org/wiki/Yuriy_Prylypko
Yury Dud,Category:Russian activists against the Russian invasion of Ukraine,10706,15,,,2026-06-17T17:00:20Z,https://en.wikipedia.org/wiki/Yury_Dud
Yury Gotsanyuk,Category:Ukrainian collaborators with Russia,1658,4,,,2026-07-04T16:06:37Z,https://en.wikipedia.org/wiki/Yury_Gotsanyuk
Yury Nesterenko (politician),Category:Ukrainian collaborators with Russia,1658,2,,,2026-04-14T01:56:29Z,https://en.wikipedia.org/wiki/Yury_Nesterenko_(politician)
Yury Nimchenko,Category:Ukrainian collaborators with Russia,1448,2,,,2026-04-24T11:50:08Z,https://en.wikipedia.org/wiki/Yury_Nimchenko
Z (military symbol),Category:Russian invasion of Ukraine in popular culture,14618,13,,,2026-09-25T22:43:27Z,https://en.wikipedia.org/wiki/Z_(military_symbol)
ZALA Lancet,Category:Military equipment of the Russian invasion of Ukraine,10849,7,,,2026-09-30T07:57:39Z,https://en.wikipedia.org/wiki/ZALA_Lancet
Za Zhizn!,Category:Disinformation in the Russian invasion of Ukraine,2756,5,,,2026-07-17T20:54:47Z,https://en.wikipedia.org/wiki/Za_Zhizn!
Zachistka,Category:Russian war crimes in Ukraine,3166,6,,,2026-01-27T02:50:43Z,https://en.wikipedia.org/wiki/Zachistka
Zakarpattia Oblast,Category:Oblasts of Ukraine,33044,20,48.41,23.29,2026-09-19T18:31:26Z,https://en.wikipedia.org/wiki/Zakarpattia_Oblast
Zakhid Battalion (Ukraine),Category:Military units and formations of Ukraine in the Russian invasion of Ukraine,2232,4,,,2026-08-29T15:46:38Z,https://en.wikipedia.org/wiki/Zakhid_Battalion_(Ukraine)
Zametil 2022,Category:Prelude to the Russian invasion of Ukraine,541,0,,,2026-07-18T22:24:16Z,https://en.wikipedia.org/wiki/Zametil_2022
Zapad 2021,Category:Prelude to the Russian invasion of Ukraine,7311,6,,,2026-06-25T23:23:39Z,https://en.wikipedia.org/wiki/Zapad_2021
Zaporizhzhia,seed-file:recommended_forces_battles_places.txt,21063,25,47.85,35.1175,2026-09-16T09:31:30Z,https://en.wikipedia.org/wiki/Zaporizhzhia
Zaporizhzhia Nuclear Power Plant,Category:Russian occupation of Ukraine,9694,6,47.50833333,34.58444444,2026-06-03T08:55:54Z,https://en.wikipedia.org/wiki/Zaporizhzhia_Nuclear_Power_Plant
Zaporizhzhia Nuclear Power Plant crisis,Category:Events affected by the Russian invasion of Ukraine,31594,15,47.5083,34.5844,2026-08-19T03:27:37Z,https://en.wikipedia.org/wiki/Zaporizhzhia_Nuclear_Power_Plant_crisis
Zaporizhzhia Oblast,Category:Russian annexations during the Russo-Ukrainian war,12291,16,47.83333333,35.16666667,2026-09-15T21:04:53Z,https://en.wikipedia.org/wiki/Zaporizhzhia_Oblast
Zaporizhzhia civilian convoy attack,Category:War crimes during the Russian invasion of Ukraine,2812,3,,,2026-07-06T10:33:52Z,https://en.wikipedia.org/wiki/Zaporizhzhia_civilian_convoy_attack
Zaporizhzhia strikes (2022–present),Category:War crimes during the Russian invasion of Ukraine,16033,13,47.85,35.1175,2026-09-23T14:59:09Z,https://en.wikipedia.org/wiki/Zaporizhzhia_strikes_(2022%E2%80%93present)
Zeitenwende speech,Category:Reactions to the Russian invasion of Ukraine,10399,8,,,2026-09-28T03:06:48Z,https://en.wikipedia.org/wiki/Zeitenwende_speech
Zelenopillia rocket attack,Category:Military operations of the war in Donbas,2664,4,47.94,39.6425,2026-08-22T22:20:52Z,https://en.wikipedia.org/wiki/Zelenopillia_rocket_attack
Zemfira,Category:Russian activists against the Russian invasion of Ukraine,26497,19,,,2026-09-28T17:42:21Z,https://en.wikipedia.org/wiki/Zemfira
Zhytomyr Border Detachment,Category:Military units and formations of Ukraine in the Russian invasion of Ukraine,2609,3,,,2026-04-06T22:34:04Z,https://en.wikipedia.org/wiki/Zhytomyr_Border_Detachment
Zhytomyr Oblast,Category:Oblasts of Ukraine,7622,11,50.65,28.52,2026-09-07T02:23:44Z,https://en.wikipedia.org/wiki/Zhytomyr_Oblast
Zhytomyr attacks (2022–present),Category:War crimes during the Russian invasion of Ukraine,2653,10,,,2026-08-22T22:21:17Z,https://en.wikipedia.org/wiki/Zhytomyr_attacks_(2022%E2%80%93present)
Zirkova,Category:Reactions to the Russian invasion of Ukraine,5837,5,,,2026-09-29T10:38:56Z,https://en.wikipedia.org/wiki/Zirkova
Zmiivska thermal power plant,Category:Buildings and structures destroyed during the Russian invasion of Ukraine,1962,3,49.585,36.525,2026-02-13T00:26:11Z,https://en.wikipedia.org/wiki/Zmiivska_thermal_power_plant
Øresund drone incident,Category:Spillover of the Russian invasion of Ukraine,5709,4,55.6075,12.86083333,2026-09-15T14:33:44Z,https://en.wikipedia.org/wiki/%C3%98resund_drone_incident
